true_num_points,step_time_seconds
61633,0.6670651435852051
61633,0.5553052425384521
10679,0.7021267414093018
10819,0.3941535949707031
10819,0.22101569175720215
10819,0.19401979446411133
10558,0.3591015338897705
26063,0.3980238437652588
26063,0.29902100563049316
23293,0.4458940029144287
13608,0.35702061653137207
13608,0.45615339279174805
34819,0.3800232410430908
14902,0.46117138862609863
14902,0.20501279830932617
14902,0.17801117897033691
14902,0.20701074600219727
46370,0.44234728813171387
76881,0.9314320087432861
76881,0.667015790939331
14560,0.8894643783569336
17149,0.39099645614624023
24466,0.39617204666137695
76763,0.7012367248535156
37763,0.8520433902740479
37763,0.36521196365356445
15051,0.5680344104766846
22521,0.3691122531890869
22521,0.2190110683441162
34828,0.4330296516418457
28249,0.5443472862243652
28249,0.36202216148376465
28249,0.28107213973999023
34378,0.4690277576446533
34378,0.31218647956848145
20131,0.5610489845275879
20131,0.2520112991333008
39443,0.4733266830444336
39443,0.46116018295288086
32923,0.5631041526794434
23675,0.484058141708374
23675,0.27798938751220703
42493,0.5065629482269287
42493,0.3740260601043701
21373,0.5236756801605225
99876,0.7062208652496338
99876,0.7750473022460938
99876,0.7782671451568604
99876,0.8332479000091553
14620,0.9825353622436523
12597,0.30501866340637207
12597,0.17901182174682617
15267,0.2791869640350342
15267,0.20201325416564941
25140,0.3350210189819336
25140,0.24725031852722168
15442,0.48026108741760254
43396,0.7416641712188721
66376,0.751206636428833
32880,0.7282915115356445
17149,0.46724414825439453
55983,0.5040314197540283
27264,0.6770999431610107
15860,0.478116512298584
20271,0.3741626739501953
20271,0.22600865364074707
20271,0.21601629257202148
20271,0.21301054954528809
20068,0.3781604766845703
20068,0.229262113571167
20068,0.23904895782470703
13942,0.4160332679748535
13942,0.2220144271850586
14330,0.38602399826049805
86341,0.5644185543060303
86341,0.7080631256103516
67703,0.9789638519287109
67703,0.5727856159210205
17983,0.7362122535705566
27676,0.39102649688720703
27676,0.2930154800415039
56023,0.5761318206787109
56023,0.49755072593688965
20678,0.7926015853881836
34840,0.4924747943878174
34840,0.3414454460144043
98436,0.7562808990478516
11710,1.0802669525146484
11710,0.20601272583007812
11710,0.18301105499267578
11710,0.18010306358337402
11710,0.2200179100036621
17727,0.35701918601989746
17727,0.20101332664489746
23797,0.45305705070495605
37655,0.5650367736816406
37655,0.4212651252746582
11026,0.5872857570648193
11026,0.1871321201324463
11026,0.28401970863342285
11026,0.18400788307189941
67519,0.5431740283966064
11849,0.7571728229522705
11849,0.1850125789642334
20844,0.3600881099700928
20844,0.2650167942047119
66345,0.9214155673980713
66345,0.6416816711425781
24911,0.797429084777832
24911,0.2891252040863037
24911,0.3590242862701416
24911,0.3530235290527344
24911,0.2816886901855469
18831,0.6490442752838135
27679,0.4171321392059326
28559,0.49402928352355957
28559,0.298170804977417
11690,0.44068264961242676
11690,0.1920151710510254
11690,0.252047061920166
18910,0.4126415252685547
14142,0.3860783576965332
14142,0.2672290802001953
24036,0.42001914978027344
57168,0.672142505645752
11104,0.7417266368865967
11104,0.22308087348937988
11104,0.3070187568664551
29836,0.41002511978149414
29836,0.3493802547454834
73582,0.7330169677734375
73582,0.7462129592895508
16700,0.8993740081787109
16700,0.22902965545654297
16700,0.22198724746704102
18680,0.3951127529144287
18680,0.23301148414611816
18680,0.2260134220123291
23860,0.4572293758392334
29296,0.5500342845916748
60089,0.7006821632385254
38371,0.784132719039917
38371,0.4461190700531006
52924,0.7065746784210205
86607,0.9370837211608887
21248,1.0200002193450928
37531,0.4740335941314697
37531,0.41243767738342285
49481,0.6072995662689209
49481,0.4883091449737549
49481,0.5516669750213623
49481,0.5326526165008545
49481,0.44501399993896484
70293,0.8913736343383789
11400,0.969710111618042
35300,0.4419734477996826
71222,0.9621400833129883
71222,1.064997673034668
71222,1.3530902862548828
71222,0.9902417659759521
84265,1.256178855895996
31834,2.0680315494537354
31834,0.4241955280303955
31834,0.3840203285217285
31834,0.4201624393463135
31834,0.41005539894104004
10304,0.506152868270874
20517,0.4236464500427246
20517,0.37602949142456055
19301,0.5732724666595459
19301,0.31716394424438477
28497,0.5693764686584473
97054,0.903956413269043
34850,1.4440934658050537
34850,0.4944930076599121
34850,0.47803282737731934
14519,0.6131632328033447
14519,0.20201539993286133
45846,0.6485157012939453
37531,0.8040492534637451
93502,1.0277769565582275
93502,1.036325216293335
25202,1.179673671722412
25202,0.37902212142944336
22797,0.48985743522644043
12524,0.37102270126342773
12524,0.18101048469543457
16225,0.33602190017700195
16225,0.2606661319732666
16225,0.2089095115661621
17717,0.36302781105041504
29964,0.43413567543029785
29964,0.3400232791900635
29964,0.3080174922943115
29964,0.35241198539733887
29964,0.3336770534515381
42837,0.5664477348327637
11037,0.5548579692840576
11037,0.20108890533447266
16493,0.3800849914550781
49974,0.541060209274292
22029,0.6061568260192871
11180,0.3590221405029297
11180,0.1390078067779541
11180,0.14208555221557617
34131,0.4070255756378174
51214,0.6491444110870361
51214,0.47835659980773926
26040,0.6681373119354248
26040,0.28401780128479004
26040,0.28612518310546875
10473,0.4251365661621094
10473,0.13500761985778809
42133,0.4410569667816162
55930,0.7102789878845215
40632,0.7961490154266357
40632,0.44702768325805664
11174,0.4994683265686035
11174,0.16400933265686035
52556,0.49205899238586426
27800,0.6891360282897949
54490,0.6252717971801758
54490,0.4910309314727783
93257,0.8909177780151367
47979,1.005347728729248
47979,0.480118989944458
21991,0.5873844623565674
18280,0.40511298179626465
63416,0.5390050411224365
63416,0.5416479110717773
63416,0.5670640468597412
63416,0.5242056846618652
40117,0.8091025352478027
68860,0.7450478076934814
68860,0.5712733268737793
56484,0.8573861122131348
97486,0.9092216491699219
28276,0.9942817687988281
10122,0.45915961265563965
72719,0.5100855827331543
58054,0.9251341819763184
36438,0.689284086227417
36438,0.3655204772949219
36438,0.34441685676574707
45698,0.6624045372009277
45698,0.47902989387512207
45698,0.4761664867401123
45698,0.43190455436706543
45698,0.4470255374908447
44788,0.6653120517730713
44788,0.5485537052154541
44788,0.42603492736816406
11421,0.6091272830963135
29024,0.3910214900970459
29024,0.3681461811065674
13473,0.39014720916748047
13473,0.167008638381958
13473,0.15901470184326172
13473,0.16800832748413086
13473,0.1740574836730957
75965,0.557152271270752
66529,0.9451794624328613
10967,0.6780867576599121
11757,0.29422807693481445
11757,0.17001032829284668
17651,0.3040201663970947
73152,0.5227770805358887
73152,0.604278564453125
73152,0.6130359172821045
96824,1.0444231033325195
96824,0.9771580696105957
74857,1.135843276977539
13617,0.7531802654266357
13617,0.19618511199951172
11302,0.3100929260253906
26947,0.33802175521850586
26947,0.2700459957122803
26947,0.2732219696044922
26947,0.27909326553344727
26947,0.2659890651702881
27191,0.8881421089172363
27191,0.3040468692779541
12191,0.3640859127044678
12191,0.1797926425933838
12191,0.15400481224060059
12191,0.23601865768432617
12191,0.15500831604003906
37299,0.3750722408294678
37299,0.34502267837524414
37299,0.3763720989227295
22563,0.6552853584289551
23750,0.4371786117553711
23750,0.2825038433074951
14526,0.40802478790283203
32919,0.3980722427368164
32919,0.30405092239379883
32919,0.3089866638183594
32919,0.32912182807922363
12608,0.5462849140167236
12608,0.1700139045715332
12608,0.18600916862487793
12608,0.1723020076751709
62325,0.48203444480895996
74491,0.9025251865386963
74491,0.6361672878265381
28698,0.7913267612457275
12762,0.4121224880218506
61118,0.4770326614379883
74971,0.8938682079315186
74971,0.6551215648651123
93346,1.0596916675567627
93346,0.7641808986663818
93346,0.7906765937805176
93346,0.8766684532165527
93346,0.8033895492553711
16608,0.9712722301483154
16608,0.3018152713775635
19791,0.4041624069213867
19791,0.21898460388183594
31879,0.7362709045410156
31879,0.37102246284484863
31879,0.4771430492401123
45124,0.6470379829406738
10503,0.5956010818481445
50470,0.4450235366821289
20749,0.6717965602874756
26956,0.4521212577819824
26956,0.29615354537963867
20843,0.5280375480651855
96118,0.7743747234344482
96118,0.8642323017120361
96118,0.8481783866882324
96118,1.1158041954040527
96118,0.8469295501708984
73486,1.2064130306243896
37893,1.050199270248413
37893,0.40402841567993164
37893,0.3738548755645752
35130,0.5753264427185059
35130,0.3211236000061035
12823,0.6241657733917236
44333,0.4935944080352783
29409,0.9111948013305664
29409,0.3520851135253906
76078,0.7123076915740967
71610,1.0382194519042969
12875,0.73866868019104
26441,0.3800241947174072
26441,0.30301928520202637
11514,0.43619585037231445
11514,0.20404481887817383
11514,0.18401026725769043
11514,0.20198392868041992
17875,0.33812403678894043
17875,0.20618557929992676
21324,0.342022180557251
21324,0.23601317405700684
56101,0.6031711101531982
56101,0.5721795558929443
56101,0.5425858497619629
56101,0.5251245498657227
12653,0.7927889823913574
12653,0.31130099296569824
14812,0.30101919174194336
14812,0.29302263259887695
29311,0.44280147552490234
29311,0.346637487411499
13948,0.5538139343261719
43933,0.4360239505767822
43933,0.39903712272644043
22334,0.5696344375610352
22334,0.3350207805633545
41205,0.46514177322387695
41205,0.4180328845977783
98024,0.9523935317993164
98024,0.8977415561676025
98024,0.8693628311157227
98024,1.007507085800171
50836,1.1131906509399414
50836,0.6120648384094238
50836,0.48802995681762695
50836,0.6366891860961914
20959,0.8269202709197998
20959,0.2329878807067871
11024,0.4110233783721924
71089,0.4836242198944092
22151,0.7834188938140869
22151,0.2500181198120117
22151,0.2610175609588623
22151,0.273134708404541
11987,0.3562955856323242
25565,0.3480229377746582
29163,0.4481065273284912
29163,0.2751197814941406
29163,0.33402013778686523
14823,0.44309043884277344
14823,0.19901394844055176
21708,0.3830571174621582
21708,0.2589859962463379
10895,0.397144079208374
10895,0.1704092025756836
33083,0.3910484313964844
33083,0.4782538414001465
34080,0.633007287979126
33339,0.6079025268554688
33339,0.3935401439666748
33339,0.4071974754333496
33339,0.36599302291870117
33339,0.4083733558654785
11606,0.5210003852844238
11606,0.17601442337036133
11606,1.2151970863342285
11606,0.6910154819488525
13545,0.3201594352722168
13545,0.18601107597351074
13545,0.2350153923034668
50874,0.458026647567749
43260,0.6550929546356201
10810,0.5500729084014893
10810,0.1840364933013916
23552,0.3230280876159668
10741,0.3830902576446533
23371,0.3633389472961426
10886,0.37902402877807617
18016,0.3000955581665039
18016,0.22900938987731934
18016,0.20601677894592285
15749,0.35215187072753906
15749,0.20503520965576172
17504,0.37502217292785645
56573,0.5185728073120117
20523,0.6834986209869385
19028,0.3871116638183594
19028,0.23001718521118164
17481,0.3960244655609131
17481,0.22401165962219238
17481,0.21831464767456055
11554,0.34976720809936523
11554,0.16035866737365723
12209,0.5440311431884766
12209,0.2300114631652832
12209,0.22384047508239746
12209,0.218095064163208
12209,0.23312711715698242
85767,0.640052080154419
85767,0.7553043365478516
85767,0.6967942714691162
18227,0.8581535816192627
18227,0.2230091094970703
18227,0.19527673721313477
18227,0.198012113571167
14789,0.40509724617004395
24304,0.40402698516845703
24304,0.26604485511779785
58587,0.5599274635314941
58587,0.48203277587890625
58587,0.4873049259185791
25932,0.6597127914428711
25932,0.25224828720092773
11291,0.40002012252807617
39954,0.44490861892700195
39954,0.39545249938964844
39954,0.4020233154296875
26577,0.552135705947876
26577,0.4236454963684082
26748,0.45272326469421387
44775,0.5780701637268066
16366,0.5663108825683594
65507,0.5580360889434814
65507,0.5432076454162598
77053,0.8901710510253906
77053,0.6345446109771729
12137,0.8001747131347656
12137,0.2302393913269043
12137,0.23001432418823242
12137,0.2240142822265625
12137,0.22101449966430664
13384,0.34754085540771484
27017,0.34163379669189453
11443,0.43002772331237793
34819,0.44409871101379395
23612,0.571040153503418
33271,0.4581162929534912
50508,0.5734326839447021
50508,0.4541637897491455
50508,0.5775187015533447
38774,0.6853406429290771
38774,0.370999813079834
56535,0.6472370624542236
56535,0.5191125869750977
56535,0.5170323848724365
29112,0.700559139251709
29112,0.3179745674133301
19143,0.5216691493988037
19143,0.24201607704162598
30684,0.4521138668060303
95063,0.7211959362030029
76277,1.1136653423309326
86314,0.9722046852111816
53868,1.015822172164917
53868,0.5182783603668213
82520,0.8753633499145508
82520,0.6630141735076904
38530,0.8588156700134277
38530,0.34999823570251465
38530,0.3551511764526367
38530,0.39699459075927734
38530,0.5161123275756836
46225,0.5693058967590332
23816,0.6721582412719727
96058,0.6902213096618652
51133,1.088768720626831
51133,0.5036242008209229
44433,0.682213544845581
44433,0.38902997970581055
44433,0.38710808753967285
18139,0.5193862915039062
14410,0.3761253356933594
12146,0.3510291576385498
12146,0.23201203346252441
12146,0.2101151943206787
12146,0.21608448028564453
12146,0.22004127502441406
17069,0.3659963607788086
32484,0.44968581199645996
10469,0.4351375102996826
92927,0.533109188079834
29734,1.0038976669311523
72031,0.6383378505706787
72031,0.6301665306091309
53245,0.88565993309021
63161,0.8031575679779053
48633,0.825188159942627
12272,0.6051411628723145
12272,0.21201109886169434
72255,0.4861588478088379
72255,0.6214234828948975
72255,0.6009409427642822
72255,0.6562438011169434
29941,0.7710492610931396
29941,0.29311585426330566
80493,0.6511197090148926
26536,0.8352000713348389
26536,0.27498960494995117
26536,0.2701277732849121
26536,0.2730138301849365
38157,0.4900851249694824
12560,0.48325014114379883
12560,0.19201326370239258
12560,0.17972612380981445
12001,0.3620908260345459
12001,0.21601343154907227
12001,0.2090160846710205
59650,0.5501389503479004
12156,0.7271661758422852
21756,0.405118465423584
15999,0.3870255947113037
67916,0.5130658149719238
34361,0.7532191276550293
30334,0.5170259475708008
30334,0.31653475761413574
40879,0.5660195350646973
40879,0.41802263259887695
40879,0.4227883815765381
63877,0.7189357280731201
29985,0.7262606620788574
26508,0.5141346454620361
23485,0.44035768508911133
27161,0.47409939765930176
30428,0.5330369472503662
75087,0.6352100372314453
75087,0.6590299606323242
75087,0.6812219619750977
75087,0.6511757373809814
28541,0.7765417098999023
28541,0.2876272201538086
28541,0.314481258392334
35154,0.4810917377471924
13357,0.42702460289001465
42719,0.40618181228637695
27880,0.5702762603759766
40322,0.5300769805908203
40322,0.3780791759490967
40322,0.3790266513824463
36884,0.5882852077484131
36884,0.3480210304260254
36884,0.3706798553466797
36884,0.3719968795776367
36884,0.3382434844970703
45930,0.6248626708984375
25384,0.6152100563049316
25384,0.2880222797393799
45357,0.5150279998779297
27449,0.6133487224578857
29221,0.4790332317352295
12606,0.42307257652282715
33000,0.543034553527832
33000,0.3201580047607422
33000,0.34012889862060547
20672,0.5051436424255371
20672,0.23201274871826172
14124,0.34502291679382324
14124,0.18508219718933105
36662,0.38411879539489746
20850,0.5240325927734375
13520,0.40254640579223633
13520,3.1372740268707275
99870,0.6412103176116943
17140,0.9643282890319824
24860,0.3610954284667969
24860,0.24617266654968262
24860,0.29198479652404785
87092,0.6541182994842529
87092,0.8025069236755371
74940,1.1073603630065918
21115,0.8467700481414795
21115,0.23001646995544434
78214,0.74936842918396
78214,0.6962466239929199
78214,0.7931685447692871
18503,0.9005522727966309
18503,0.2480165958404541
40749,0.5261800289154053
40749,0.42299389839172363
11385,0.5272603034973145
34667,0.3690226078033447
92390,0.7583861351013184
24584,0.9131274223327637
62318,0.5630388259887695
22228,0.6773862838745117
22228,0.2480156421661377
76501,0.6231403350830078
76501,0.6832883358001709
10565,0.8350250720977783
12219,0.2989206314086914
12219,0.18506169319152832
12219,0.6661674976348877
12219,0.21398162841796875
30666,0.39202117919921875
29926,0.5701346397399902
29926,0.304013729095459
17634,0.44956517219543457
17634,0.2130124568939209
97419,0.6461765766143799
97419,0.842240571975708
98137,1.2599124908447266
42886,1.1572902202606201
42886,0.41202378273010254
89378,0.814441442489624
36609,0.9967565536499023
36609,0.3500230312347412
63009,0.6761972904205322
14204,0.7811579704284668
14204,0.2130134105682373
32739,0.48004579544067383
32739,0.35208797454833984
34753,0.5823605060577393
15092,0.5248658657073975
15092,0.20501089096069336
15092,0.2460176944732666
31524,0.3972921371459961
31524,0.35301852226257324
31524,0.3350229263305664
17646,0.5061962604522705
17646,0.19901323318481445
15303,0.3370203971862793
15303,0.21813154220581055
15303,0.20601201057434082
15303,0.1830129623413086
13671,0.34702038764953613
13671,0.19418859481811523
15897,0.34299445152282715
15897,0.18562626838684082
15897,0.1853189468383789
69669,0.5371189117431641
16392,0.8027687072753906
12439,0.41002511978149414
12439,0.2110147476196289
32815,0.44129300117492676
87673,0.7951505184173584
87673,0.7911121845245361
66038,1.1033270359039307
77537,1.0133683681488037
76040,1.0411922931671143
49638,0.9424533843994141
79548,0.8061537742614746
79548,0.6491391658782959
79548,0.6786386966705322
79548,0.6711750030517578
79548,0.649219274520874
59905,0.9366991519927979
59905,0.5471491813659668
76194,0.9492137432098389
76194,0.6778163909912109
76194,0.6572122573852539
11434,1.009166955947876
13716,0.29201841354370117
13716,0.16901040077209473
13716,0.1630098819732666
13716,0.18201160430908203
84187,0.5991554260253906
92004,1.0726964473724365
92004,0.752192497253418
80445,1.1079533100128174
56471,0.979856014251709
15055,0.6091287136077881
11506,0.43919968605041504
80031,0.6791226863861084
40331,0.9731559753417969
20978,0.5270345211029053
72050,0.5548958778381348
72050,0.5990376472473145
67042,0.9223012924194336
67042,0.5601508617401123
45702,0.7943260669708252
83892,0.7620484828948975
83892,0.750232458114624
83892,0.7776801586151123
26412,0.8356304168701172
14494,0.38602352142333984
14494,0.3470497131347656
20997,0.3502938747406006
16907,0.4272470474243164
16907,0.24401569366455078
56230,0.49924445152282715
12427,0.6711587905883789
12427,0.2019786834716797
12427,0.20901226997375488
12427,0.21879839897155762
12427,0.22804999351501465
63993,0.5092957019805908
37718,0.7476189136505127
16769,0.4460296630859375
35839,0.45110273361206055
35839,0.3591780662536621
27497,0.5400774478912354
27497,0.3220205307006836
21273,0.4410262107849121
21273,0.20501399040222168
52017,0.5251595973968506
15432,0.6435542106628418
15432,0.2800173759460449
15432,0.2850198745727539
80210,0.6093759536743164
29129,0.8593041896820068
29129,0.2841200828552246
87048,0.657660722732544
79697,1.1236121654510498
79697,0.7097406387329102
79697,0.7252726554870605
36466,0.962348222732544
36466,0.3520970344543457
36191,0.5922243595123291
73750,0.6982793807983398
44869,0.9093289375305176
44869,0.43700265884399414
44869,0.4183681011199951
18366,0.6650416851043701
17524,0.3881716728210449
17524,0.22801613807678223
17524,0.2260429859161377
96523,0.6647319793701172
96523,0.8284330368041992
27478,1.0021545886993408
77365,0.6314117908477783
23839,0.7853202819824219
85858,0.6662311553955078
85858,0.6970670223236084
85858,0.7594630718231201
85858,0.6982882022857666
85858,0.7312507629394531
62448,1.0756115913391113
62448,0.5340347290039062
10659,0.6224937438964844
10659,0.3110203742980957
10659,0.14200806617736816
10659,0.16201138496398926
10659,0.15906476974487305
17417,0.3060901165008545
14375,1.339172124862671
14375,0.22101378440856934
40010,0.40508198738098145
92225,0.7890913486480713
92225,0.824185848236084
82508,1.1364922523498535
19305,0.8081905841827393
73278,0.5381357669830322
17040,0.7811930179595947
18772,0.43202733993530273
18772,0.23844313621520996
18772,0.271298885345459
18772,0.23601484298706055
18772,0.21901321411132812
31511,0.43964433670043945
11209,0.39502692222595215
21981,0.3690485954284668
18501,0.44713282585144043
18501,0.2272510528564453
18501,0.24101781845092773
18501,0.2279796600341797
25519,3.3877975940704346
25519,0.27805066108703613
25519,0.2729825973510742
23968,0.4366617202758789
21018,0.3870203495025635
21018,0.2370150089263916
54944,0.4861454963684082
54944,0.5290594100952148
53668,0.7789418697357178
53668,0.4685497283935547
53668,0.4880092144012451
64810,0.7613921165466309
11539,0.658271312713623
11539,0.15900707244873047
11539,0.19115710258483887
15289,0.35602712631225586
15289,0.23828387260437012
34937,0.4459962844848633
13507,0.5000300407409668
13507,0.4851367473602295
73747,0.5563755035400391
68971,0.9383533000946045
10867,0.6996011734008789
10867,0.1590104103088379
10867,0.16652226448059082
24716,0.34868431091308594
24716,0.2590177059173584
24716,0.2740161418914795
23106,0.4591856002807617
19232,0.41602635383605957
19232,0.2780787944793701
19232,0.2610182762145996
19232,0.2500603199005127
19232,0.2764759063720703
13069,0.3445897102355957
13069,0.16801166534423828
13069,0.1870112419128418
13069,0.17701125144958496
13069,0.16052460670471191
38871,0.4306941032409668
29518,0.5800378322601318
29518,0.3371589183807373
83804,0.7080950736999512
18402,0.898195743560791
18402,0.2371058464050293
37786,0.4239966869354248
37786,0.3453364372253418
20108,0.5065579414367676
61705,0.5651919841766357
43516,0.855118989944458
43516,0.47367382049560547
92990,0.9481925964355469
53255,1.0821490287780762
53255,0.46102380752563477
53255,0.4754610061645508
53255,0.4770636558532715
53255,0.4582407474517822
10982,0.6260037422180176
10982,0.20001435279846191
53662,0.45883893966674805
16719,0.6521477699279785
61497,0.5320618152618408
61497,0.5760579109191895
22278,0.7193901538848877
22278,0.2806112766265869
65157,0.562065601348877
65157,0.5459938049316406
65157,0.5330061912536621
65157,0.5369329452514648
65157,0.6020469665527344
26998,0.7231752872467041
26998,0.2810099124908447
36968,0.5438406467437744
36968,0.415421724319458
80426,0.7642841339111328
80426,0.6732559204101562
80426,0.6674721240997314
80426,0.672111988067627
80426,0.670177698135376
88130,1.0361692905426025
88130,0.7646150588989258
88130,0.8071103096008301
77134,1.1232597827911377
77134,0.6882052421569824
10985,0.8503484725952148
66141,0.4750957489013672
66141,0.5947823524475098
66141,0.5397548675537109
67868,0.8914146423339844
67868,0.5850043296813965
67868,0.5983803272247314
67868,0.5630099773406982
67868,0.5501928329467773
70679,0.9645810127258301
20864,0.7758235931396484
13513,0.3920109272003174
22422,0.3613128662109375
87186,0.6612944602966309
35401,0.9912619590759277
94559,0.7985625267028809
12740,0.916126012802124
15471,0.3250253200531006
15471,0.20727133750915527
23052,0.37411952018737793
23052,0.27204132080078125
22373,0.4410736560821533
22373,0.27413153648376465
21747,0.5450353622436523
82419,0.5883564949035645
52593,0.9591796398162842
52593,0.4620332717895508
52593,0.48223066329956055
20266,0.6472475528717041
20266,0.3521246910095215
20266,0.2830195426940918
18620,0.4190692901611328
31560,0.4241302013397217
48800,0.5680341720581055
48800,0.43712830543518066
11633,0.5700380802154541
52443,0.4920835494995117
11802,0.596135139465332
85104,0.6020522117614746
60557,1.0564649105072021
60557,0.5290396213531494
38817,0.730018138885498
38817,0.381244421005249
45061,0.6770436763763428
45061,0.4381685256958008
54647,0.69209885597229
54647,0.4890303611755371
21820,0.6339225769042969
35890,0.43383026123046875
35890,0.3742387294769287
81303,0.740046501159668
30199,0.9312779903411865
30199,0.29264235496520996
87401,0.6690754890441895
87401,0.7971212863922119
10216,0.8859803676605225
14765,0.29902076721191406
14765,0.2941110134124756
14765,0.18429303169250488
14765,0.18398475646972656
14765,0.21801209449768066
49160,0.4781672954559326
49160,0.4452364444732666
18200,0.6211936473846436
13895,0.39002251625061035
13895,0.1980152130126953
63719,0.7480959892272949
63719,0.6070280075073242
80882,0.8651623725891113
80882,0.6473395824432373
80882,0.6622743606567383
60639,0.9373760223388672
13498,0.6620388031005859
38268,0.40612244606018066
44165,0.6716334819793701
44165,0.4171903133392334
44165,0.4180264472961426
44165,0.4154016971588135
44165,0.43805503845214844
75922,0.7792487144470215
75922,0.634040117263794
38743,0.8361356258392334
38743,0.3971824645996094
38743,0.43699216842651367
38743,0.3708810806274414
14978,0.5289969444274902
24687,0.401461124420166
33905,0.4881618022918701
33905,0.34902381896972656
33905,0.3361384868621826
33905,0.3761930465698242
33905,0.39502668380737305
46291,0.5801701545715332
46291,0.4680016040802002
50375,0.7188782691955566
50375,0.47353672981262207
13900,0.5800244808197021
17564,0.5754718780517578
17564,0.23401355743408203
41678,0.4580535888671875
41678,0.3902878761291504
41678,0.4130239486694336
43424,0.6208112239837646
55913,0.7091419696807861
18446,0.7942347526550293
18446,0.23627972602844238
18446,0.2630188465118408
18446,0.2280113697052002
18446,0.26311540603637695
30381,0.4417915344238281
33852,0.4980020523071289
17387,0.4806642532348633
17387,0.245985746383667
63078,0.5245809555053711
11935,0.6630415916442871
14418,0.3540637493133545
14418,2.37589168548584
52739,1.8005146980285645
52739,0.5640666484832764
29106,0.6962733268737793
15326,0.44528675079345703
15091,0.32707667350769043
11849,0.29901552200317383
11849,0.2660996913909912
37118,0.3711092472076416
37118,0.3910236358642578
40310,0.603252649307251
18798,0.514275074005127
18798,0.2721080780029297
28461,0.3590240478515625
28461,0.2980196475982666
28461,0.30107975006103516
10826,0.42620229721069336
45645,0.46333861351013184
45645,0.498166561126709
73164,0.7631926536560059
73164,0.6140387058258057
28112,0.7732901573181152
22149,0.4320261478424072
22149,0.24714350700378418
48328,0.46802711486816406
48328,0.43056464195251465
35205,0.6900420188903809
12404,0.4790985584259033
12404,0.2070481777191162
10663,0.3449838161468506
26494,0.36719226837158203
11616,0.40602540969848633
11616,0.1650071144104004
55817,0.4581260681152344
64566,0.8592538833618164
64566,0.5390334129333496
20500,0.7373456954956055
10800,0.687577486038208
10800,0.25301575660705566
55582,0.5300290584564209
23894,0.7322795391082764
17411,0.41602420806884766
31943,0.4101879596710205
31943,0.31801819801330566
31943,0.3141350746154785
18228,0.45802736282348633
11375,0.3310234546661377
70344,0.47121238708496094
70344,0.5850374698638916
47663,0.8355507850646973
47663,0.4224061965942383
29110,0.6200058460235596
11306,0.4432260990142822
11306,0.1511070728302002
13020,0.2590179443359375
13020,0.1760091781616211
74718,0.5495586395263672
74718,0.6560449600219727
18679,0.7833406925201416
18679,0.19617414474487305
18679,0.20315837860107422
18679,0.21001338958740234
55245,0.5001201629638672
55245,0.5191526412963867
35643,0.7491083145141602
70973,0.7563338279724121
59933,0.8963112831115723
10863,0.6413359642028809
20373,0.37405824661254883
34492,0.48689746856689453
40242,0.632129430770874
16923,0.5492343902587891
72237,0.565295934677124
72237,0.5854301452636719
53243,0.8658263683319092
53243,0.46002840995788574
53243,0.5031201839447021
24235,0.6314120292663574
24235,0.28201746940612793
22918,0.45802950859069824
12833,0.4461960792541504
12766,0.3400254249572754
21775,0.3992898464202881
21775,0.2819945812225342
21775,0.25717806816101074
21775,0.26401662826538086
40959,0.5940990447998047
40959,0.40802550315856934
40959,0.392305850982666
51912,0.6850452423095703
84542,0.8324925899505615
84542,0.7162411212921143
54870,1.0212419033050537
22814,0.663719892501831
18016,0.40702319145202637
26431,0.4280533790588379
26431,0.3971223831176758
26431,0.3300480842590332
23936,0.5224258899688721
21201,0.47106409072875977
15451,0.4401400089263916
15451,0.22601628303527832
60031,0.5440671443939209
60031,0.4994962215423584
60031,0.51802659034729
10490,0.6465528011322021
94201,0.5540997982025146
94201,0.7360494136810303
94201,0.7915253639221191
94201,0.7614526748657227
94201,0.7871172428131104
13359,1.002263069152832
26655,0.3410191535949707
28677,0.5901141166687012
37817,0.5979995727539062
37817,0.4492495059967041
29295,0.6900668144226074
62923,0.663703203201294
62923,0.6030983924865723
62923,0.5846827030181885
62923,0.5254595279693604
62923,0.541701078414917
21598,0.6838805675506592
21598,0.2830173969268799
21598,0.2577931880950928
21598,0.2626924514770508
21598,0.2500483989715576
23026,0.4600546360015869
23026,0.2871248722076416
23026,0.2710144519805908
23026,0.2830197811126709
66361,0.5837199687957764
25921,0.7071411609649658
14572,0.52500319480896
14572,0.2420508861541748
14962,0.41526293754577637
19998,0.4619011878967285
19998,0.248215913772583
15028,0.3620798587799072
16983,0.37902355194091797
15990,0.337235689163208
15990,0.24701452255249023
15990,0.19700908660888672
57267,0.505181074142456
58875,0.8123228549957275
57247,0.9031550884246826
57247,0.49417757987976074
14689,0.6320059299468994
45880,0.4654042720794678
45880,0.4250521659851074
45880,0.4250044822692871
92583,0.9012870788574219
92583,0.8401670455932617
92583,0.8813416957855225
81909,1.2689235210418701
11566,0.8390958309173584
11566,0.22011804580688477
19446,0.39902782440185547
19446,0.2430117130279541
19446,0.3961164951324463
47277,0.509218692779541
47277,0.4781622886657715
47277,0.45099496841430664
16701,0.6061041355133057
21761,1.0505201816558838
21761,0.2530488967895508
21761,0.24498224258422852
21761,0.22936010360717773
21761,0.2361927032470703
89341,1.8655407428741455
89341,0.7660584449768066
14673,0.9546434879302979
14673,0.23386573791503906
14673,0.2660202980041504
33532,0.45905184745788574
13794,2.006774425506592
13794,0.22266864776611328
71020,0.6536865234375
71020,0.5955400466918945
13817,0.7180418968200684
13817,0.20245790481567383
17606,0.3260204792022705
92861,0.6206018924713135
40737,1.009127140045166
40737,0.36811327934265137
40737,0.38402414321899414
40737,0.376079797744751
40737,0.36602234840393066
15492,0.49914121627807617
56376,0.4680314064025879
10716,0.6263289451599121
48853,0.4430575370788574
48853,0.4233694076538086
62160,0.7150392532348633
10505,0.6702945232391357
25205,0.4090237617492676
25205,0.31716012954711914
25205,0.3029923439025879
25205,0.3040492534637451
13029,0.5541009902954102
84366,0.575035810470581
17557,0.8544652462005615
17557,0.24415206909179688
28623,0.4189908504486084
28623,0.2800157070159912
18171,0.40627384185791016
58826,0.5302333831787109
29702,0.8035633563995361
29702,0.3140146732330322
61732,0.6771306991577148
61732,0.6106140613555908
19094,0.7460477352142334
19094,0.2251901626586914
19094,0.22104358673095703
19094,0.23798203468322754
27117,0.4170248508453369
27117,0.26923203468322754
12454,0.4502675533294678
12454,0.1740114688873291
13028,0.3500688076019287
14536,0.31902170181274414
17314,0.357022762298584
90093,0.5756940841674805
13925,0.9104628562927246
13925,0.23700928688049316
13925,0.21004652976989746
13925,0.2281184196472168
13720,0.29413294792175293
13720,0.2660181522369385
34417,0.6431958675384521
11059,0.4710986614227295
40145,0.6641786098480225
40145,0.3470180034637451
19183,0.5190880298614502
19183,0.21001291275024414
99940,0.7765686511993408
99940,0.9401504993438721
49516,1.186715841293335
49516,0.44361138343811035
46957,0.7751469612121582
44994,0.7502477169036865
44994,0.4330000877380371
44994,0.41063642501831055
31583,0.6310391426086426
31583,0.31722450256347656
15107,0.4440276622772217
15107,0.2390148639678955
96014,0.616469144821167
96014,0.9338703155517578
96014,0.7791156768798828
19640,0.9706363677978516
19640,0.21915388107299805
19640,0.23001456260681152
19640,0.21701359748840332
19640,0.2295982837677002
74261,0.581153154373169
25875,0.7942829132080078
25875,0.27301549911499023
83797,0.6851520538330078
27216,0.8656165599822998
47846,1.801018476486206
47846,0.7061171531677246
70421,0.786170482635498
70421,0.5821528434753418
29160,0.7480194568634033
73479,0.663280725479126
14468,0.7809326648712158
14468,0.2160179615020752
14468,0.21304726600646973
14468,0.5033197402954102
14468,0.22104334831237793
63933,0.5240037441253662
63933,0.5363166332244873
26561,0.765169620513916
26561,0.26901841163635254
13463,0.44502830505371094
13463,0.20506024360656738
13463,0.19604849815368652
13463,0.19201040267944336
13463,0.2169809341430664
17529,0.3311760425567627
17529,0.21227312088012695
62142,0.47902941703796387
62166,0.9716556072235107
39798,0.8982679843902588
19634,0.5651285648345947
19634,0.28304219245910645
26584,0.4380340576171875
26584,0.2850944995880127
20192,0.44612693786621094
20343,0.41112399101257324
20343,0.24621319770812988
20343,0.25304341316223145
20343,0.23602533340454102
20343,0.252183198928833
25648,0.3890080451965332
30424,0.4280550479888916
30424,0.3180875778198242
30424,0.30926036834716797
30424,0.3229844570159912
30424,0.293102502822876
15474,0.5100319385528564
15373,0.381023645401001
49123,0.4742758274078369
49123,0.4330308437347412
24577,0.610529899597168
24577,0.2450094223022461
24577,0.24911141395568848
15491,0.40520310401916504
78008,0.5740346908569336
27360,0.9743316173553467
27360,0.2940967082977295
13180,0.456024169921875
20453,0.38213467597961426
20453,0.3079802989959717
50188,0.48803091049194336
50188,0.4634511470794678
14474,0.5736501216888428
82605,0.5618605613708496
59480,1.061399221420288
59480,0.582617998123169
59480,0.5560352802276611
59480,0.5353741645812988
39695,0.8081550598144531
13723,0.533236026763916
26635,0.37407994270324707
26635,0.5541057586669922
26635,0.26804494857788086
26635,0.26608943939208984
26635,0.27501630783081055
26067,0.4521603584289551
26067,0.27808237075805664
26067,0.25801777839660645
26067,0.3210184574127197
26067,0.2630460262298584
14761,0.4010779857635498
79864,0.5670657157897949
50270,0.9273552894592285
20106,0.649233341217041
20106,0.2700157165527344
27220,0.4391028881072998
13945,0.42409467697143555
13945,0.20100879669189453
82693,0.5622704029083252
72839,1.0212950706481934
10484,0.7341146469116211
10484,0.18333125114440918
40788,0.445051908493042
73811,0.7221848964691162
64168,0.9592947959899902
13918,0.8222024440765381
13918,0.23401379585266113
27145,1.5373103618621826
27145,0.28210902214050293
62258,0.6023085117340088
22419,0.7617776393890381
22419,0.28501248359680176
22419,0.2531106472015381
40822,0.4570934772491455
40822,0.3790254592895508
40822,0.3881545066833496
13110,0.4790182113647461
13110,0.18304944038391113
71508,0.5080244541168213
16538,0.7358908653259277
16538,0.1980123519897461
21836,0.3660147190093994
21836,0.227250337600708
35316,0.43702125549316406
35316,0.3500175476074219
31117,0.5832376480102539
61792,0.6527016162872314
61792,0.5870592594146729
61792,0.6160941123962402
48845,0.8276879787445068
34014,0.7283735275268555
26825,0.5723099708557129
46049,0.5539963245391846
97137,0.8493034839630127
43778,1.1551613807678223
82322,0.7781550884246826
72152,1.0535545349121094
20001,0.8062260150909424
20001,0.24100875854492188
11467,0.40106892585754395
42531,0.4331362247467041
26018,0.5790908336639404
92400,0.7411153316497803
92400,0.7640304565429688
92400,0.7643477916717529
92400,0.8803253173828125
69264,1.2406647205352783
69264,0.6791141033172607
69264,0.6490521430969238
69264,0.6481389999389648
69264,0.8910536766052246
91181,1.06455397605896
20785,0.9839973449707031
70836,0.5921063423156738
83878,1.0502195358276367
20537,1.100820779800415
59543,0.4950218200683594
13733,0.7629859447479248
13733,0.22301006317138672
72477,0.6003904342651367
72477,0.603144645690918
49426,0.8900434970855713
71296,0.7812924385070801
36493,0.8207316398620605
36493,0.3380131721496582
36493,0.3692481517791748
36493,0.33399009704589844
15698,0.47454047203063965
15698,0.2185664176940918
79155,0.5385379791259766
79155,0.6653423309326172
79155,0.7150938510894775
79155,0.6830313205718994
79155,0.6442654132843018
32564,0.9524786472320557
14331,0.42801427841186523
54963,0.470623254776001
17316,0.6496093273162842
17316,0.19207262992858887
17316,0.20300722122192383
43613,0.45902276039123535
43613,0.4163172245025635
54460,0.6870665550231934
54460,0.5283575057983398
54460,0.5220916271209717
54460,0.5401504039764404
54460,0.5980608463287354
64055,1.3107666969299316
64055,0.8967077732086182
97248,1.5808172225952148
23764,1.1757450103759766
23764,0.25010204315185547
23764,0.3360123634338379
24348,0.4892258644104004
64719,0.6310272216796875
20496,0.7441160678863525
69838,0.5330853462219238
61632,0.8967525959014893
61632,0.5181262493133545
44678,0.7871479988098145
44678,0.41911745071411133
19398,0.5501062870025635
19398,0.24201250076293945
19398,0.20000934600830078
24187,0.38907480239868164
24187,0.263012170791626
24187,0.3282196521759033
85338,0.6823372840881348
85338,0.7482669353485107
85338,0.7490382194519043
63169,1.0693378448486328
14149,0.6962587833404541
14149,0.2040088176727295
14149,0.2910778522491455
14149,0.19501209259033203
88528,0.5720503330230713
88528,0.6914663314819336
13987,0.8645246028900146
13987,0.20900988578796387
13987,0.21798229217529297
13987,0.21010160446166992
69222,0.5691337585449219
28138,0.7811508178710938
28138,0.27001285552978516
13441,0.42134785652160645
79315,0.5730793476104736
13496,0.9075396060943604
13496,0.1690053939819336
95407,0.5902276039123535
95407,0.7712116241455078
64040,1.0770182609558105
52597,0.8391673564910889
52597,0.5230333805084229
35258,0.7092161178588867
68998,0.6556985378265381
68998,0.5962765216827393
68998,0.5780689716339111
68998,0.5762722492218018
68998,0.5722575187683105
14962,0.7581281661987305
14962,0.22362494468688965
94369,0.6220660209655762
37860,0.98203444480896
37860,0.34572839736938477
37860,0.36804890632629395
37860,0.3709878921508789
19848,0.5018365383148193
64602,0.5700356960296631
50189,1.037278175354004
15786,0.7660706043243408
44906,0.4341390132904053
44906,0.4398515224456787
44906,0.3899672031402588
44906,0.4350142478942871
27228,0.6150922775268555
27228,0.2671957015991211
27228,0.2909817695617676
19170,0.4622683525085449
19170,0.29401302337646484
19170,0.2190074920654297
16737,0.41517090797424316
50042,0.532113790512085
82755,0.9021241664886475
82755,0.7343206405639648
11670,1.0032014846801758
21538,0.37526941299438477
21538,0.2760162353515625
82593,0.7081100940704346
38414,0.9871456623077393
38414,0.366016149520874
30197,0.5614991188049316
30197,0.2970144748687744
30197,0.28424525260925293
22115,0.4570198059082031
22115,0.22400546073913574
22115,0.25809216499328613
22115,0.2379746437072754
22115,0.3141300678253174
81981,0.5700771808624268
81981,0.6620397567749023
93878,1.1929259300231934
93878,0.8614118099212646
34192,1.0034451484680176
85334,0.7531027793884277
85334,0.7111790180206299
85334,0.6971540451049805
85334,0.7150735855102539
17752,0.8803596496582031
17752,0.20204496383666992
34662,0.4357142448425293
34662,0.41004371643066406
27970,0.5730416774749756
11175,0.37123751640319824
11175,0.20300960540771484
27432,0.3213033676147461
28181,0.48902177810668945
18258,0.4611644744873047
26648,0.43598508834838867
19123,0.43001699447631836
19123,0.21912193298339844
19123,0.21027565002441406
19123,0.19400668144226074
35816,0.4091377258300781
31962,0.5821049213409424
35966,0.6060864925384521
35966,0.3561587333679199
35966,0.35901522636413574
77219,0.7181286811828613
77219,0.6610996723175049
14278,0.8080463409423828
14278,0.2190096378326416
14278,0.2572498321533203
11701,0.35201287269592285
15675,0.3491244316101074
15056,0.41101884841918945
15056,0.23601007461547852
41010,0.47283458709716797
94099,0.8011219501495361
94099,0.9791314601898193
94099,0.806546688079834
55771,1.1030738353729248
55771,0.5559909343719482
34344,0.785759449005127
34344,0.3360157012939453
34344,0.31580138206481934
37973,0.5590558052062988
37973,0.4330878257751465
26731,0.5240528583526611
17464,0.4590756893157959
17464,0.26401209831237793
23691,0.7525506019592285
23691,0.24400901794433594
99735,0.6680316925048828
99735,0.8429195880889893
22629,0.9801890850067139
73181,0.6071016788482666
21654,0.808117151260376
20795,0.45001888275146484
20795,0.2760958671569824
20795,0.3382754325866699
20795,0.2800099849700928
20795,0.2740139961242676
29916,0.48405957221984863
29916,0.3191337585449219
11969,0.4700617790222168
15168,0.3360133171081543
51496,0.49504876136779785
22621,0.6692118644714355
19500,0.45711684226989746
19500,0.25598692893981934
34264,0.5323023796081543
34264,0.33794403076171875
12923,0.4870164394378662
12923,0.1700127124786377
12923,0.18909645080566406
29638,0.3452725410461426
29638,0.3310420513153076
57048,0.635108232498169
47964,0.7941157817840576
47964,0.46198606491088867
83407,0.8143758773803711
22794,0.9182069301605225
35670,0.47002172470092773
35670,0.3571286201477051
46772,0.7541403770446777
81620,0.835167646408081
81620,0.6771438121795654
81620,0.6911132335662842
81620,0.6640791893005371
81620,0.7123291492462158
94492,1.1142773628234863
13291,1.0071594715118408
16655,0.392993688583374
16655,0.24616384506225586
21295,0.4090862274169922
21295,0.2670111656188965
10796,0.3671116828918457
49879,0.40532755851745605
38617,0.7012162208557129
38617,0.3670167922973633
45424,0.6147418022155762
40311,0.6451108455657959
40311,0.38701725006103516
91581,0.8402037620544434
91581,0.7901265621185303
10830,0.9761848449707031
10830,0.19565200805664062
10830,0.20197677612304688
67626,0.4990530014038086
97421,0.9964780807495117
17449,0.9311337471008301
17449,0.19802069664001465
23041,0.3730189800262451
22806,0.44402050971984863
14492,0.35707664489746094
14492,0.2241230010986328
14492,0.1780083179473877
14492,0.19001078605651855
72515,0.5123226642608643
72515,0.6029865741729736
72515,0.6536848545074463
72515,0.6701755523681641
72515,0.6350252628326416
69426,0.9521560668945312
69426,0.6211860179901123
82140,1.0229671001434326
23558,0.8550879955291748
23558,0.2550618648529053
23558,0.28301286697387695
23558,0.25709986686706543
22870,0.43001604080200195
15919,0.35901427268981934
15919,0.18162798881530762
15919,0.20901036262512207
15919,0.24901175498962402
15919,0.1910109519958496
16325,0.3211054801940918
16325,0.25000953674316406
23466,0.3821892738342285
23466,0.2701263427734375
21262,0.40630650520324707
65390,0.571061372756958
65390,0.5612261295318604
25921,0.7811057567596436
47078,0.537024974822998
47078,0.42428016662597656
37679,0.6950325965881348
59652,0.6713933944702148
28642,0.7451262474060059
15459,0.38701796531677246
15459,0.2891714572906494
18761,0.34906864166259766
95924,0.7125060558319092
95924,0.7990071773529053
25589,0.9750633239746094
25589,0.2820115089416504
21532,0.4528071880340576
21532,0.263608455657959
92766,0.6390950679779053
92766,0.8551301956176758
11822,0.979670524597168
11822,0.18101191520690918
24224,0.422393798828125
24224,0.3066239356994629
24224,0.295046329498291
24224,0.29497790336608887
25203,0.4495377540588379
25203,0.2662508487701416
25203,0.2930123805999756
25203,0.2687082290649414
11892,0.5130212306976318
11892,0.16100788116455078
11892,0.19400978088378906
45198,0.5592014789581299
45198,0.4479949474334717
10827,0.555126428604126
10827,0.25701093673706055
30888,0.42109251022338867
12376,0.4839158058166504
12376,0.16400504112243652
76121,0.5535609722137451
76121,0.6582472324371338
76121,0.6630659103393555
52499,0.9695165157318115
52499,0.4860877990722656
28804,0.7180349826812744
28804,1.7274906635284424
28804,0.35114002227783203
28804,0.37215209007263184
20727,0.5140206813812256
20727,0.2754950523376465
11264,0.436093807220459
11264,0.17903399467468262
90462,0.6092941761016846
90462,0.7281289100646973
14087,0.8610389232635498
32275,0.40517187118530273
32239,0.6421253681182861
32239,0.32597947120666504
32239,0.3390178680419922
32239,0.3261229991912842
32239,0.40512824058532715
83523,0.7176523208618164
83523,0.7610347270965576
25261,0.827150821685791
25261,0.2865302562713623
47849,0.5178649425506592
47849,0.43608856201171875
38801,0.6502397060394287
14716,0.5140986442565918
20514,0.3830833435058594
20514,0.22101449966430664
20514,0.2610142230987549
11106,0.40311098098754883
11106,0.9031708240509033
68310,0.5448489189147949
68310,0.5941343307495117
68310,0.6434800624847412
51044,0.8980386257171631
51044,0.4771859645843506
51044,0.5290226936340332
51044,0.5411372184753418
12812,0.6311123371124268
12812,0.1970059871673584
12812,0.21600914001464844
12812,0.20200824737548828
12812,0.21101140975952148
27062,0.37815046310424805
15386,0.4905812740325928
99703,0.6314706802368164
99703,0.825249195098877
99703,0.8262133598327637
25654,1.0561459064483643
62271,0.6820740699768066
60762,0.8574762344360352
60762,0.729285717010498
25110,0.7648773193359375
25110,0.3380398750305176
25110,0.3190145492553711
12698,0.4187660217285156
12698,0.16701078414916992
60023,0.5010237693786621
60023,0.5262436866760254
17142,0.7161598205566406
10303,0.32724499702453613
49815,0.39912891387939453
49815,0.4421718120574951
35885,0.703150749206543
35885,0.34820079803466797
25769,0.8732116222381592
25769,0.2630143165588379
25769,0.2800452709197998
25769,0.2765693664550781
33696,0.46302032470703125
13623,0.4870946407318115
13623,0.23100781440734863
35866,0.48640918731689453
63078,0.7345094680786133
65103,0.8491265773773193
65103,0.5641531944274902
94781,1.0151522159576416
11234,0.9241447448730469
12567,0.9493312835693359
21623,0.3863072395324707
21623,0.31005024909973145
21623,0.21997618675231934
19120,0.4251270294189453
19120,0.21810531616210938
21006,0.42601776123046875
21006,0.2711338996887207
21006,0.29898500442504883
24023,0.46502113342285156
54940,0.549121618270874
54940,0.5655803680419922
13929,0.6049463748931885
21287,0.3465437889099121
12109,0.36901330947875977
36148,0.38602185249328613
36148,0.3721284866333008
22908,0.5250523090362549
13334,0.4360232353210449
11169,0.3647134304046631
43565,0.4390528202056885
24981,0.5822279453277588
10565,0.4379920959472656
80407,0.5271778106689453
80407,0.6675577163696289
80407,0.6670217514038086
80407,0.6998715400695801
80407,0.6817188262939453
45786,0.9573101997375488
24215,0.6420223712921143
11424,0.42313718795776367
11424,0.17203426361083984
11424,0.1609792709350586
44144,0.3935093879699707
11004,0.5487504005432129
11004,0.18301010131835938
27209,0.3710165023803711
24351,0.4542999267578125
24351,0.3016088008880615
11999,0.4241783618927002
11999,0.17301535606384277
11230,0.30797815322875977
13147,0.28101038932800293
13147,0.18812274932861328
13147,0.17200589179992676
62229,0.504058837890625
18549,0.6982595920562744
25914,0.38082385063171387
13590,0.43235325813293457
13590,0.21301007270812988
13590,0.21500897407531738
17031,0.39759325981140137
16681,0.4230611324310303
78520,0.5621433258056641
60937,0.9668924808502197
60937,0.5190136432647705
60937,0.529120683670044
54890,0.7859334945678711
54890,0.48938465118408203
16237,0.6951134204864502
16237,0.22301197052001953
32388,0.4271109104156494
32388,0.3295314311981201
50384,0.6246566772460938
50384,0.4680969715118408
50384,0.4680495262145996
35966,0.6981730461120605
35966,0.3404362201690674
18504,0.49617552757263184
18504,0.27701449394226074
24131,0.406019926071167
45491,0.48513126373291016
64108,0.706162691116333
10091,0.7272822856903076
10091,0.2710425853729248
73473,0.5242128372192383
20677,0.9558060169219971
95183,0.6376855373382568
30227,0.9741172790527344
30227,0.33428335189819336
53177,0.5820884704589844
53177,0.530205249786377
53177,0.4800279140472412
53177,0.508112907409668
13064,0.6111059188842773
13064,0.18700838088989258
13064,0.17700695991516113
27460,0.41117238998413086
27460,0.2916569709777832
27460,0.30504751205444336
97269,0.7161135673522949
97269,0.7895984649658203
97269,0.921142578125
97269,0.823218584060669
13984,0.9544234275817871
10603,0.3241615295410156
10603,0.20000362396240234
10603,0.18801093101501465
10603,0.1670076847076416
10603,0.22700786590576172
18418,0.3060874938964844
12017,0.3230936527252197
12017,0.14000463485717773
12017,0.15500903129577637
12017,0.20200729370117188
12017,0.14507627487182617
38588,0.3620169162750244
22095,0.5831465721130371
18085,0.41701388359069824
61456,0.4820234775543213
18345,0.6881344318389893
10638,0.3493967056274414
10638,0.17906594276428223
10638,0.1690080165863037
10638,0.17000246047973633
10638,0.17001056671142578
64410,0.5171139240264893
56189,0.8433959484100342
28060,0.6561996936798096
28060,0.34752726554870605
14016,0.39463210105895996
14016,0.16200852394104004
14016,0.17100763320922852
14068,0.29907774925231934
14068,0.1840076446533203
39476,0.39304518699645996
39476,0.5526065826416016
72213,0.6910297870635986
72213,0.6092400550842285
72213,0.6060771942138672
12390,0.9560887813568115
12390,0.14600896835327148
12390,0.269010066986084
48103,0.44802212715148926
30787,0.653179407119751
46027,0.5704889297485352
13910,0.5889935493469238
13910,0.23200583457946777
13910,0.20781326293945312
79753,0.6178717613220215
79753,0.7332971096038818
79753,0.7831826210021973
59733,1.011786699295044
59733,0.5379788875579834
27260,0.6893084049224854
27260,0.27001285552978516
27260,0.3509666919708252
63839,0.5921037197113037
63615,1.0221688747406006
63615,0.6471621990203857
86819,0.9453103542327881
86819,0.8456542491912842
15585,0.8205583095550537
18643,0.3457164764404297
39329,0.4072587490081787
77340,0.7781450748443604
77340,0.6950914859771729
15629,0.8230838775634766
15629,0.1950089931488037
15629,0.20100879669189453
35993,0.4382646083831787
35993,0.3473386764526367
35993,0.3519885540008545
35993,0.3580160140991211
32757,0.5822348594665527
32757,0.3360123634338379
36109,0.535290002822876
36109,0.33997488021850586
57815,0.6392018795013428
98426,0.9163894653320312
19564,1.0096783638000488
35515,0.44904494285583496
42677,0.5940709114074707
34601,0.5991175174713135
12166,0.5230996608734131
85601,0.638087272644043
48567,1.047633409500122
15853,0.57224440574646
36649,0.43936777114868164
36649,0.33205127716064453
26616,0.5751183032989502
26616,0.3029916286468506
19356,0.5460793972015381
19356,0.2653210163116455
11101,0.39401745796203613
11101,0.19000673294067383
11101,0.1700131893157959
11101,0.16807246208190918
11101,0.16700530052185059
32536,0.3670156002044678
32536,0.3120419979095459
32536,0.30826616287231445
32536,0.32304930686950684
14430,0.4499812126159668
14430,0.16800570487976074
33737,0.39202260971069336
60051,0.6293113231658936
60051,0.5401318073272705
60051,0.5260899066925049
60051,0.5230228900909424
60051,0.5411262512207031
14379,0.6476457118988037
67889,0.5076260566711426
86232,0.9703822135925293
86232,0.7392239570617676
86232,0.7893698215484619
38560,0.9250128269195557
25847,0.5121424198150635
25847,0.25498294830322266
67943,0.6033060550689697
67943,0.6044645309448242
74916,1.0315020084381104
97710,1.0828144550323486
97710,0.8910467624664307
42095,1.0293269157409668
20356,0.5691368579864502
69647,0.5944619178771973
69678,0.8850481510162354
69678,0.5742037296295166
69678,0.5860893726348877
69678,0.6380295753479004
12661,0.7762739658355713
54797,0.5071213245391846
54797,0.5160086154937744
54797,0.4654219150543213
54797,0.4690549373626709
54797,0.46299147605895996
11233,0.7087967395782471
11233,0.17101001739501953
18410,0.3500640392303467
29863,0.4290461540222168
29863,0.3369905948638916
19363,0.5162253379821777
19363,0.24197626113891602
19363,0.20700740814208984
19363,0.21927738189697266
10248,0.3400130271911621
10248,0.1710071563720703
10248,0.1937391757965088
56139,0.4357485771179199
27379,0.7245543003082275
14967,0.5261304378509521
24544,0.4340248107910156
24544,0.3211486339569092
21949,0.4110100269317627
87521,0.6271045207977295
87521,0.7965607643127441
87521,0.7738397121429443
87521,0.7394094467163086
16182,0.833573579788208
10098,0.3210113048553467
10098,0.1410083770751953
19072,0.36331772804260254
22533,0.4209902286529541
22533,0.24704813957214355
54721,0.5057415962219238
54721,0.46216893196105957
71845,0.7719640731811523
71845,0.5973405838012695
62959,0.9463667869567871
