episode_index,length
0,1
1,1
2,1
3,1
4,1
5,1
6,1
7,1
8,2
9,2
10,2
11,5
12,2
13,2
14,2
15,2
16,1
17,3
18,1
19,5
20,5
21,4
22,2
23,1
24,2
25,1
26,1
27,2
28,3
29,1
30,3
31,3
32,1
33,3
34,2
35,2
36,2
37,2
38,3
39,3
40,3
41,1
42,1
43,1
44,2
45,1
46,1
47,3
48,1
49,5
50,1
51,2
52,2
53,1
54,1
55,1
56,3
57,2
58,1
59,1
60,2
61,2
62,2
63,5
64,1
65,1
66,1
67,1
68,2
69,2
70,1
71,1
72,2
73,1
74,2
75,2
76,2
77,1
78,2
79,1
80,1
81,4
82,2
83,5
84,5
85,1
86,2
87,1
88,1
89,1
90,2
91,4
92,2
93,2
94,1
95,1
96,1
97,4
98,3
99,1
100,2
101,2
102,1
103,3
104,1
105,1
106,2
107,2
108,1
109,1
110,2
111,1
112,5
113,2
114,3
115,3
116,1
117,2
118,2
119,1
120,1
121,1
122,1
123,3
124,3
125,5
126,1
127,4
128,1
129,1
130,1
131,4
132,4
133,2
134,1
135,2
136,3
137,3
138,2
139,1
140,4
141,2
142,1
143,1
144,1
145,1
146,2
147,1
148,1
149,4
150,3
151,2
152,1
153,1
154,1
155,1
156,1
157,3
158,1
159,1
160,2
161,1
162,1
163,3
164,2
165,2
166,1
167,1
168,1
169,3
170,1
171,1
172,1
173,5
174,3
175,2
176,1
177,1
178,1
179,1
180,1
181,1
182,1
183,4
184,2
185,1
186,1
187,3
188,1
189,2
190,1
191,1
192,4
193,1
194,1
195,2
196,1
197,3
198,2
199,1
200,1
201,2
202,2
203,1
204,1
205,2
206,2
207,1
208,2
209,3
210,1
211,2
212,3
213,1
214,1
215,2
216,3
217,2
218,2
219,2
220,2
221,5
222,1
223,2
224,4
225,3
226,1
227,1
228,1
229,1
230,3
231,5
232,2
233,3
234,2
235,1
236,1
237,2
238,2
239,1
240,1
241,3
242,1
243,2
244,1
245,1
246,1
247,3
248,1
249,1
250,1
251,1
252,2
253,1
254,1
255,1
256,1
257,1
258,2
259,3
260,5
261,1
262,1
263,2
264,3
265,4
266,1
267,1
268,2
269,4
270,1
271,4
272,2
273,2
274,1
275,1
276,1
277,1
278,1
279,1
280,2
281,2
282,2
283,1
284,1
285,1
286,1
287,1
288,1
289,1
290,1
291,5
292,2
293,1
294,3
295,1
296,2
297,1
298,2
299,1
300,3
301,2
302,2
303,2
304,3
305,1
306,2
307,2
308,2
309,1
310,4
311,2
312,1
313,1
314,4
315,2
316,1
317,1
318,2
319,1
320,1
321,3
322,1
323,1
324,1
325,2
326,1
327,5
328,1
329,5
330,2
331,3
332,1
333,1
334,1
335,1
336,2
337,1
338,1
339,2
340,2
341,1
342,3
343,2
344,1
345,1
346,1
347,1
348,2
349,3
350,1
351,1
352,1
353,2
354,2
355,2
356,2
357,3
358,2
359,2
360,1
361,4
362,2
363,3
364,1
365,2
366,3
367,1
368,5
369,2
370,1
371,2
372,1
373,1
374,1
375,1
376,1
377,5
378,1
379,1
380,5
381,1
382,2
383,2
384,1
385,2
386,1
387,2
388,1
389,1
390,1
391,1
392,2
393,2
394,3
395,1
396,1
397,1
398,1
399,2
400,2
401,3
402,1
403,1
404,5
405,2
406,4
407,1
408,2
409,2
410,3
411,2
412,1
413,3
414,3
415,3
416,5
417,1
418,1
419,1
420,5
421,1
422,2
423,2
424,1
425,1
426,1
427,3
428,1
429,3
430,1
431,1
432,3
433,3
434,3
435,1
436,1
437,5
438,3
439,1
440,2
441,1
442,2
443,1
444,3
445,2
446,3
447,5
448,2
449,2
450,1
451,2
452,3
453,1
454,1
455,5
456,2
457,3
458,1
459,1
460,1
461,1
462,1
463,3
464,3
465,4
466,2
467,1
468,2
469,2
470,1
471,4
472,1
473,1
474,1
475,5
476,2
477,4
478,1
479,2
480,1
481,1
482,1
483,1
484,1
485,5
486,1
487,5
488,1
489,2
490,4
491,1
492,3
493,4
494,4
495,1
496,1
497,1
498,1
499,1
500,5
501,1
502,2
503,3
504,1
505,1
506,2
507,2
508,5
509,1
510,2
511,1
512,1
513,1
514,3
515,2
516,3
517,2
518,1
519,1
520,1
521,4
522,1
523,2
524,1
525,1
526,2
527,1
528,1
529,3
530,2
531,3
532,1
533,2
534,1
535,2
536,5
537,5
538,4
539,4
540,1
541,1
542,3
543,3
544,4
545,1
546,1
547,5
548,1
549,3
550,1
551,3
552,1
553,1
554,1
555,1
556,1
557,5
558,1
559,2
560,2
561,3
562,1
563,1
564,2
565,3
566,2
567,1
568,2
569,1
570,2
571,1
572,2
573,2
574,2
575,1
576,2
577,1
578,4
579,1
580,2
581,1
582,3
583,1
584,1
585,1
586,5
587,2
588,1
589,2
590,1
591,5
592,1
593,1
594,2
595,1
596,1
597,1
598,4
599,1
600,4
601,2
602,1
603,1
604,1
605,2
606,1
607,5
608,1
609,1
610,2
611,5
612,2
613,1
614,1
615,1
616,3
617,1
618,2
619,3
620,1
621,2
622,1
623,1
624,4
625,1
626,2
627,1
628,2
629,1
630,1
631,1
632,1
633,3
634,3
635,1
636,1
637,3
638,2
639,4
640,1
641,2
642,2
643,1
644,5
645,1
646,1
647,1
648,2
649,1
650,1
651,1
652,2
653,5
654,3
655,1
656,1
657,1
658,2
659,4
660,1
661,2
662,1
663,3
664,1
665,1
666,1
667,1
668,4
669,3
670,2
671,1
672,2
673,1
674,1
675,2
676,2
677,1
678,2
679,2
680,3
681,1
682,2
683,3
684,5
685,3
686,2
687,1
688,1
689,4
690,1
691,2
692,1
693,2
694,2
695,1
696,1
697,2
698,3
699,2
700,1
701,3
702,1
703,1
704,1
705,3
706,2
707,1
708,4
709,1
710,1
711,1
712,3
713,1
714,3
715,1
716,1
717,1
718,4
719,2
720,1
721,2
722,1
723,4
724,2
725,3
726,2
727,3
728,1
729,1
730,3
731,2
732,2
733,2
734,5
735,1
736,1
737,1
738,2
739,1
740,2
741,1
742,2
743,2
744,1
745,1
746,2
747,4
748,3
749,1
750,4
751,1
752,1
753,1
754,1
755,1
756,1
757,3
758,1
759,2
760,1
761,1
762,5
763,1
764,2
765,1
766,1
767,3
768,2
769,1
770,1
771,2
772,1
773,2
774,1
775,2
776,2
777,1
778,5
779,3
780,3
781,2
782,3
783,2
784,2
785,3
786,3
787,1
788,2
789,1
790,1
791,2
792,1
793,1
794,1
795,1
796,3
797,2
798,1
799,1
800,2
801,5
802,5
803,1
804,1
805,1
806,1
807,1
808,2
809,1
810,2
811,5
812,1
813,1
814,2
815,3
816,1
817,1
818,5
819,5
820,2
821,1
822,1
823,1
824,1
825,1
826,1
827,4
828,2
829,1
830,1
831,1
832,3
833,4
834,2
835,1
836,1
837,2
838,5
839,2
840,1
841,3
842,1
843,1
844,3
845,1
846,5
847,2
848,2
849,3
850,2
851,3
852,3
853,1
854,3
855,1
856,1
857,2
858,1
859,3
860,2
861,5
862,5
863,4
864,2
865,1
866,5
867,2
868,1
869,1
870,2
871,1
872,1
873,1
874,1
875,2
876,4
877,3
878,5
879,4
880,3
881,1
882,1
883,1
884,3
885,2
886,1
887,3
888,1
889,3
890,5
891,5
892,4
893,2
894,1
895,2
896,3
897,3
898,2
899,5
900,1
901,2
902,1
903,2
904,3
905,4
906,3
907,5
908,1
909,1
910,2
911,1
912,3
913,1
914,2
915,1
916,1
917,1
918,2
919,4
920,1
921,1
922,1
923,1
924,1
925,2
926,2
927,2
928,3
929,1
930,2
931,1
932,1
933,1
934,1
935,1
936,2
937,2
938,1
939,3
940,1
941,1
942,1
943,5
944,1
945,1
946,1
947,2
948,1
949,5
950,1
951,3
952,4
953,1
954,2
955,2
956,1
957,1
958,1
959,3
960,2
961,2
962,1
963,1
964,3
965,2
966,1
967,1
968,1
969,1
970,1
971,2
972,1
973,3
974,1
975,3
976,1
977,1
978,3
979,2
980,1
981,2
982,2
983,2
984,1
985,4
986,1
987,1
988,1
989,2
990,1
991,2
992,2
993,1
994,1
995,5
996,2
997,1
998,5
999,2
1000,1
1001,1
1002,1
1003,1
1004,4
1005,1
1006,1
1007,2
1008,2
1009,5
1010,1
1011,2
1012,1
1013,2
1014,1
1015,5
1016,1
1017,1
1018,1
1019,2
1020,2
1021,1
1022,1
1023,2
1024,4
1025,5
1026,1
1027,3
1028,2
1029,2
1030,1
1031,5
1032,1
1033,3
1034,1
1035,3
1036,4
1037,2
1038,1
1039,5
1040,2
1041,1
1042,5
1043,4
1044,2
1045,2
1046,2
1047,1
1048,1
1049,1
1050,1
1051,2
1052,2
1053,2
1054,3
1055,1
1056,1
1057,2
1058,2
1059,1
1060,2
1061,1
1062,2
1063,1
1064,2
1065,2
1066,3
1067,1
1068,1
1069,1
1070,3
1071,2
1072,2
1073,1
1074,1
1075,1
1076,1
1077,2
1078,1
1079,1
1080,5
1081,1
1082,2
1083,3
1084,1
1085,1
1086,2
1087,2
1088,2
1089,4
1090,3
1091,3
1092,1
1093,1
1094,1
1095,1
1096,1
1097,1
1098,1
1099,1
1100,1
1101,1
1102,1
1103,1
1104,2
1105,2
1106,1
1107,4
1108,1
1109,2
1110,2
1111,1
1112,2
1113,2
1114,1
1115,2
1116,1
1117,1
1118,1
1119,1
1120,2
1121,2
1122,1
1123,1
1124,1
1125,1
1126,3
1127,1
1128,1
1129,1
1130,1
1131,4
1132,1
1133,3
1134,3
1135,1
1136,2
1137,2
1138,1
1139,1
1140,5
1141,1
1142,1
1143,1
1144,1
1145,2
1146,1
1147,3
1148,5
1149,1
1150,1
1151,1
1152,3
1153,1
1154,3
1155,2
1156,3
1157,1
1158,2
1159,1
1160,2
1161,4
1162,1
1163,2
1164,2
1165,1
1166,1
1167,2
1168,1
1169,1
1170,5
1171,2
1172,1
1173,1
1174,2
1175,2
1176,3
1177,2
1178,1
1179,3
1180,2
1181,1
1182,4
1183,2
1184,2
1185,1
1186,1
1187,1
1188,3
1189,2
1190,4
1191,1
1192,2
1193,2
1194,1
1195,1
1196,1
1197,2
1198,1
1199,1
1200,1
1201,1
1202,1
1203,2
1204,2
1205,1
1206,1
1207,1
1208,3
1209,1
1210,1
1211,1
1212,1
1213,1
1214,2
1215,2
1216,1
1217,5
1218,1
1219,1
1220,1
1221,1
1222,2
1223,1
1224,3
1225,1
1226,1
1227,5
1228,2
1229,3
1230,5
1231,1
1232,2
1233,1
1234,3
1235,5
1236,4
1237,1
1238,3
1239,1
1240,1
1241,3
1242,1
1243,3
1244,1
1245,3
1246,1
1247,3
1248,1
1249,2
1250,1
1251,1
1252,2
1253,1
1254,5
1255,1
1256,1
1257,4
1258,2
1259,1
1260,1
1261,1
1262,1
1263,2
1264,4
1265,1
1266,2
1267,1
1268,2
1269,2
1270,1
1271,3
1272,1
1273,2
1274,1
1275,1
1276,1
1277,1
1278,2
1279,1
1280,1
1281,2
1282,1
1283,2
1284,1
1285,2
1286,1
1287,1
1288,3
1289,1
1290,2
1291,2
1292,4
1293,2
1294,2
1295,2
1296,3
1297,1
1298,3
1299,1
1300,1
1301,5
1302,1
1303,2
1304,1
1305,1
1306,4
1307,1
1308,1
1309,3
1310,2
1311,4
1312,2
1313,5
1314,3
1315,1
1316,1
1317,1
1318,1
1319,2
1320,2
1321,2
1322,1
1323,1
1324,2
1325,2
1326,2
1327,3
1328,1
1329,1
1330,1
1331,2
1332,3
1333,5
1334,2
1335,1
1336,1
1337,1
1338,2
1339,1
1340,4
1341,1
1342,1
1343,3
1344,1
1345,1
1346,3
1347,1
1348,1
1349,5
1350,1
1351,4
1352,1
1353,1
1354,2
1355,1
1356,1
1357,5
1358,3
1359,1
1360,4
1361,4
1362,1
1363,3
1364,2
1365,1
1366,1
1367,2
1368,2
1369,1
1370,1
1371,2
1372,1
1373,3
1374,2
1375,2
1376,1
1377,1
1378,3
1379,3
1380,3
1381,2
1382,2
1383,1
1384,1
1385,2
1386,5
1387,4
1388,1
1389,2
1390,3
1391,1
1392,2
1393,1
1394,1
1395,5
1396,2
1397,2
1398,2
1399,1
1400,1
1401,1
1402,1
1403,1
1404,1
1405,2
1406,4
1407,4
1408,1
1409,2
1410,4
1411,4
1412,1
1413,4
1414,1
1415,3
1416,1
1417,4
1418,2
1419,1
1420,2
1421,1
1422,4
1423,1
1424,1
1425,1
1426,1
1427,1
1428,2
1429,1
1430,1
1431,3
1432,1
1433,3
1434,3
1435,1
1436,2
1437,1
1438,3
1439,3
1440,3
1441,2
1442,1
1443,2
1444,1
1445,1
1446,2
1447,1
1448,5
1449,4
1450,1
1451,1
1452,1
1453,2
1454,1
1455,1
1456,1
1457,5
1458,1
1459,2
1460,5
1461,1
1462,4
1463,3
1464,5
1465,1
1466,1
1467,2
1468,3
1469,2
1470,1
1471,1
1472,1
1473,2
1474,3
1475,4
1476,4
1477,4
1478,2
1479,2
1480,4
1481,1
1482,1
1483,3
1484,2
1485,2
1486,2
1487,1
1488,1
1489,1
1490,1
1491,1
1492,4
1493,3
1494,5
1495,1
1496,2
1497,3
1498,2
1499,2
1500,5
1501,1
1502,1
1503,3
1504,4
1505,1
1506,2
1507,1
1508,4
1509,1
1510,4
1511,1
1512,2
1513,1
1514,5
1515,2
1516,1
1517,3
1518,3
1519,2
1520,4
1521,1
1522,1
1523,3
1524,5
1525,1
1526,3
1527,1
1528,2
1529,5
1530,1
1531,1
1532,2
1533,1
1534,5
1535,2
1536,2
1537,4
1538,1
1539,1
1540,1
1541,2
1542,1
1543,5
1544,2
1545,1
1546,2
1547,2
1548,3
1549,2
1550,2
1551,5
1552,2
1553,1
1554,1
1555,1
1556,2
1557,1
1558,1
1559,1
1560,3
1561,5
1562,3
1563,1
1564,5
1565,1
1566,1
1567,5
1568,2
1569,3
1570,1
1571,2
1572,2
1573,1
1574,5
1575,1
1576,1
1577,2
1578,2
1579,3
1580,1
1581,2
1582,1
1583,3
1584,1
1585,1
1586,4
1587,1
1588,1
1589,3
1590,2
1591,1
1592,1
1593,4
1594,1
1595,1
1596,1
1597,5
1598,1
1599,1
1600,1
1601,4
1602,3
1603,4
1604,2
1605,3
1606,4
1607,2
1608,1
1609,1
1610,1
1611,2
1612,4
1613,1
1614,3
1615,2
1616,1
1617,1
1618,1
1619,2
1620,1
1621,2
1622,1
1623,1
1624,1
1625,1
1626,1
1627,1
1628,4
1629,1
1630,1
1631,1
1632,1
1633,2
1634,1
1635,5
1636,1
1637,2
1638,1
1639,1
1640,2
1641,5
1642,2
1643,1
1644,1
1645,4
1646,3
1647,3
1648,1
1649,1
1650,5
1651,1
1652,1
1653,1
1654,4
1655,2
1656,1
1657,2
1658,1
1659,1
1660,1
1661,4
1662,3
1663,1
1664,3
1665,1
1666,5
1667,1
1668,1
1669,1
1670,1
1671,1
1672,1
1673,1
1674,1
1675,3
1676,2
1677,1
1678,1
1679,1
1680,1
1681,3
1682,2
1683,3
1684,1
1685,1
1686,2
1687,1
1688,2
1689,2
1690,1
1691,2
1692,1
1693,4
1694,1
1695,2
1696,2
1697,5
1698,2
1699,4
1700,3
1701,1
1702,3
1703,3
1704,1
1705,1
1706,4
1707,1
1708,1
1709,3
1710,2
1711,1
1712,1
1713,1
1714,1
1715,1
1716,2
1717,3
1718,2
1719,1
1720,2
1721,1
1722,1
1723,3
1724,1
1725,1
1726,1
1727,3
1728,2
1729,4
1730,1
1731,1
1732,1
1733,1
1734,1
1735,1
1736,2
1737,1
1738,1
1739,4
1740,2
1741,2
1742,1
1743,1
1744,3
1745,1
1746,4
1747,2
1748,1
1749,1
1750,1
1751,1
1752,1
1753,2
1754,1
1755,3
1756,5
1757,1
1758,2
1759,1
1760,1
1761,1
1762,2
1763,2
1764,2
1765,2
1766,1
1767,2
1768,1
1769,1
1770,1
1771,3
1772,5
1773,3
1774,1
1775,2
1776,1
1777,1
1778,2
1779,2
1780,1
1781,1
1782,1
1783,1
1784,1
1785,4
1786,4
1787,5
1788,5
1789,2
1790,2
1791,1
1792,1
1793,2
1794,2
1795,2
1796,1
1797,1
1798,1
1799,2
1800,1
1801,4
1802,1
1803,2
1804,1
1805,1
1806,1
1807,2
1808,1
1809,3
1810,4
1811,3
1812,2
1813,2
1814,1
1815,2
1816,1
1817,1
1818,2
1819,3
1820,4
1821,1
1822,1
1823,3
1824,1
1825,4
1826,2
1827,1
1828,2
1829,1
1830,2
1831,1
1832,1
1833,2
1834,1
1835,2
1836,3
1837,1
1838,4
1839,2
1840,3
1841,1
1842,5
1843,3
1844,2
1845,5
1846,4
1847,1
1848,1
1849,3
1850,5
1851,2
1852,1
1853,2
1854,2
1855,2
1856,2
1857,2
1858,1
1859,3
1860,5
1861,1
1862,1
1863,3
1864,1
1865,5
1866,1
1867,2
1868,3
1869,1
1870,2
1871,1
1872,4
1873,2
1874,5
1875,4
1876,5
1877,2
1878,1
1879,3
1880,1
1881,3
1882,4
1883,2
1884,1
1885,1
1886,3
1887,2
1888,1
1889,1
1890,2
1891,2
1892,3
1893,1
1894,2
1895,1
1896,1
1897,5
1898,1
1899,1
1900,5
1901,3
1902,1
1903,2
1904,1
1905,2
1906,2
1907,3
1908,3
1909,5
1910,2
1911,2
1912,5
1913,1
1914,3
1915,1
1916,1
1917,2
1918,2
1919,1
1920,5
1921,1
1922,5
1923,1
1924,1
1925,2
1926,2
1927,2
1928,4
1929,4
1930,1
1931,1
1932,1
1933,1
1934,1
1935,1
1936,1
1937,1
1938,3
1939,2
1940,5
1941,2
1942,2
1943,1
1944,1
1945,1
1946,1
1947,2
1948,5
1949,2
1950,1
1951,1
1952,5
1953,1
1954,1
1955,1
1956,2
1957,2
1958,2
1959,1
1960,2
1961,3
1962,2
1963,1
1964,2
1965,1
1966,2
1967,3
1968,1
1969,2
1970,3
1971,1
1972,2
1973,3
1974,2
1975,1
1976,1
1977,2
1978,1
1979,1
1980,1
1981,2
1982,1
1983,3
1984,1
1985,3
1986,1
1987,1
1988,3
1989,1
1990,3
1991,1
1992,3
1993,1
1994,4
1995,2
1996,1
1997,1
1998,1
1999,1
2000,1
2001,4
2002,2
2003,2
2004,1
2005,2
2006,3
2007,3
2008,5
2009,1
2010,1
2011,1
2012,1
2013,1
2014,2
2015,3
2016,1
2017,3
2018,2
2019,2
2020,1
2021,1
2022,2
2023,5
2024,4
2025,1
2026,1
2027,1
2028,1
2029,1
2030,1
2031,3
2032,1
2033,1
2034,1
2035,1
2036,1
2037,1
2038,1
2039,1
2040,1
2041,3
2042,2
2043,2
2044,2
2045,3
2046,2
2047,5
2048,1
2049,2
2050,1
2051,5
2052,2
2053,1
2054,3
2055,3
2056,3
2057,2
2058,3
2059,1
2060,4
2061,2
2062,1
2063,2
2064,1
2065,5
2066,3
2067,1
2068,3
2069,1
2070,2
2071,3
2072,3
2073,2
2074,3
2075,2
2076,1
2077,1
2078,2
2079,1
2080,1
2081,1
2082,1
2083,4
2084,1
2085,1
2086,1
2087,1
2088,2
2089,1
2090,1
2091,1
2092,1
2093,2
2094,3
2095,2
2096,2
2097,2
2098,3
2099,2
2100,1
2101,2
2102,1
2103,2
2104,1
2105,1
2106,1
2107,1
2108,1
2109,1
2110,2
2111,1
2112,1
2113,1
2114,1
2115,1
2116,2
2117,3
2118,5
2119,2
2120,3
2121,4
2122,1
2123,5
2124,2
2125,2
2126,2
2127,2
2128,1
2129,1
2130,1
2131,3
2132,4
2133,2
2134,2
2135,2
2136,1
2137,1
2138,1
2139,1
2140,3
2141,4
2142,1
2143,1
2144,1
2145,4
2146,1
2147,1
2148,1
2149,1
2150,1
2151,1
2152,1
2153,1
2154,2
2155,3
2156,2
2157,4
2158,4
2159,2
2160,1
2161,2
2162,1
2163,1
2164,1
2165,5
2166,1
2167,3
2168,1
2169,3
2170,1
2171,1
2172,1
2173,1
2174,1
2175,1
2176,5
2177,1
2178,1
2179,2
2180,1
2181,2
2182,2
2183,1
2184,2
2185,3
2186,1
2187,1
2188,3
2189,1
2190,3
2191,1
2192,1
2193,1
2194,2
2195,1
2196,1
2197,1
2198,1
2199,1
2200,2
2201,1
2202,1
2203,5
2204,1
2205,1
2206,2
2207,1
2208,1
2209,3
2210,1
2211,3
2212,1
2213,1
2214,3
2215,1
2216,1
2217,3
2218,1
2219,4
2220,3
2221,1
2222,1
2223,1
2224,1
2225,5
2226,2
2227,2
2228,1
2229,1
2230,4
2231,2
2232,1
2233,1
2234,3
2235,1
2236,2
2237,5
2238,1
2239,1
2240,1
2241,1
2242,1
2243,1
2244,1
2245,3
2246,2
2247,1
2248,1
2249,3
2250,1
2251,4
2252,3
2253,4
2254,1
2255,3
2256,2
2257,3
2258,1
2259,1
2260,1
2261,1
2262,1
2263,2
2264,1
2265,2
2266,3
2267,1
2268,2
2269,5
2270,1
2271,2
2272,4
2273,1
2274,1
2275,1
2276,1
2277,2
2278,1
2279,2
2280,1
2281,1
2282,1
2283,3
2284,1
2285,3
2286,1
2287,4
2288,2
2289,1
2290,1
2291,1
2292,1
2293,1
2294,1
2295,1
2296,1
2297,2
2298,1
2299,1
2300,1
2301,2
2302,5
2303,5
2304,2
2305,2
2306,3
2307,5
2308,3
2309,1
2310,1
2311,3
2312,1
2313,1
2314,2
2315,1
2316,3
2317,2
2318,5
2319,1
2320,1
2321,1
2322,4
2323,2
2324,2
2325,1
2326,1
2327,2
2328,3
2329,2
2330,1
2331,2
2332,1
2333,1
2334,1
2335,1
2336,1
2337,1
2338,1
2339,5
2340,1
2341,1
2342,1
2343,1
2344,1
2345,1
2346,1
2347,2
2348,1
2349,1
2350,1
2351,2
2352,2
2353,2
2354,1
2355,3
2356,1
2357,5
2358,3
2359,2
2360,5
2361,1
2362,3
2363,3
2364,2
2365,5
2366,1
2367,1
2368,1
2369,4
2370,2
2371,2
2372,3
2373,1
2374,1
2375,4
2376,1
2377,1
2378,1
2379,3
2380,1
2381,2
2382,3
2383,1
2384,1
2385,1
2386,1
2387,1
2388,2
2389,2
2390,2
2391,1
2392,2
2393,1
2394,1
2395,1
2396,3
2397,4
2398,1
2399,2
2400,1
2401,1
2402,1
2403,1
2404,2
2405,1
2406,2
2407,1
2408,1
2409,5
2410,4
2411,2
2412,1
2413,1
2414,5
2415,1
2416,1
2417,1
2418,1
2419,1
2420,1
2421,1
2422,1
2423,2
2424,1
2425,1
2426,1
2427,1
2428,1
2429,2
2430,1
2431,1
2432,1
2433,5
2434,2
2435,1
2436,3
2437,1
2438,4
2439,1
2440,3
2441,1
2442,3
2443,1
2444,5
2445,3
2446,1
2447,5
2448,2
2449,3
2450,1
2451,1
2452,1
2453,1
2454,1
2455,1
2456,5
2457,1
2458,2
2459,1
2460,2
2461,3
2462,1
2463,3
2464,1
2465,2
2466,1
2467,1
2468,3
2469,4
2470,1
2471,1
2472,1
2473,1
2474,2
2475,1
2476,1
2477,2
2478,1
2479,1
2480,1
2481,3
2482,3
2483,2
2484,5
2485,2
2486,2
2487,1
2488,2
2489,1
2490,2
2491,2
2492,1
2493,2
2494,1
2495,2
2496,1
2497,3
2498,1
2499,1
2500,5
2501,2
2502,4
2503,1
2504,3
2505,1
2506,1
2507,1
2508,1
2509,2
2510,3
2511,2
2512,2
2513,1
2514,2
2515,1
2516,3
2517,4
2518,1
2519,2
2520,5
2521,3
2522,1
2523,1
2524,1
2525,1
2526,1
2527,2
2528,2
2529,5
2530,1
2531,4
2532,2
2533,2
2534,1
2535,2
2536,2
2537,1
2538,3
2539,2
2540,5
2541,2
2542,2
2543,1
2544,1
2545,1
2546,2
2547,2
2548,1
2549,3
2550,1
2551,1
2552,1
2553,5
2554,3
2555,3
2556,1
2557,1
2558,2
2559,1
2560,1
2561,1
2562,3
2563,2
2564,1
2565,1
2566,2
2567,5
2568,1
2569,1
2570,3
2571,1
2572,1
2573,1
2574,1
2575,1
2576,2
2577,1
2578,1
2579,2
2580,1
2581,3
2582,1
2583,2
2584,1
2585,2
2586,1
2587,2
2588,2
2589,1
2590,1
2591,4
2592,1
2593,1
2594,1
2595,2
2596,4
2597,2
2598,1
2599,2
2600,1
2601,1
2602,1
2603,1
2604,4
2605,1
2606,1
2607,3
2608,1
2609,1
2610,1
2611,2
2612,1
2613,1
2614,1
2615,1
2616,1
2617,3
2618,3
2619,1
2620,3
2621,1
2622,1
2623,2
2624,2
2625,3
2626,2
2627,3
2628,2
2629,2
2630,5
2631,1
2632,1
2633,2
2634,1
2635,1
2636,1
2637,1
2638,1
2639,2
2640,1
2641,2
2642,5
2643,3
2644,1
2645,3
2646,1
2647,2
2648,1
2649,4
2650,1
2651,1
2652,5
2653,1
2654,1
2655,1
2656,1
2657,1
2658,4
2659,1
2660,1
2661,5
2662,2
2663,2
2664,1
2665,1
2666,1
2667,1
2668,5
2669,1
2670,4
2671,1
2672,1
2673,4
2674,1
2675,2
2676,2
2677,3
2678,1
2679,2
2680,2
2681,1
2682,1
2683,1
2684,1
2685,1
2686,1
2687,5
2688,2
2689,1
2690,4
2691,1
2692,2
2693,2
2694,2
2695,5
2696,4
2697,3
2698,2
2699,5
2700,1
2701,2
2702,1
2703,1
2704,2
2705,4
2706,1
2707,2
2708,1
2709,2
2710,1
2711,1
2712,1
2713,1
2714,1
2715,1
2716,2
2717,1
2718,1
2719,1
2720,3
2721,2
2722,1
2723,1
2724,3
2725,1
2726,1
2727,1
2728,2
2729,2
2730,2
2731,4
2732,1
2733,3
2734,3
2735,1
2736,2
2737,1
2738,3
2739,1
2740,1
2741,1
2742,1
2743,1
2744,2
2745,1
2746,1
2747,1
2748,1
2749,1
2750,1
2751,1
2752,1
2753,3
2754,2
2755,4
2756,1
2757,1
2758,1
2759,1
2760,1
2761,2
2762,5
2763,2
2764,1
2765,5
2766,1
2767,3
2768,1
2769,1
2770,1
2771,1
2772,1
2773,1
2774,3
2775,1
2776,1
2777,2
2778,3
2779,2
2780,1
2781,2
2782,2
2783,1
2784,3
2785,1
2786,1
2787,2
2788,2
2789,1
2790,1
2791,1
2792,3
2793,1
2794,2
2795,2
2796,1
2797,2
2798,4
2799,1
2800,1
2801,3
2802,2
2803,1
2804,2
2805,1
2806,1
2807,1
2808,1
2809,1
2810,3
2811,2
2812,2
2813,1
2814,2
2815,4
2816,2
2817,1
2818,2
2819,3
2820,1
2821,2
2822,1
2823,3
2824,2
2825,1
2826,3
2827,2
2828,5
2829,2
2830,2
2831,3
2832,3
2833,3
2834,2
2835,3
2836,1
2837,4
2838,1
2839,3
2840,3
2841,1
2842,1
2843,1
2844,2
2845,2
2846,1
2847,2
2848,1
2849,1
2850,1
2851,3
2852,1
2853,1
2854,1
2855,1
2856,2
2857,2
2858,1
2859,2
2860,1
2861,2
2862,4
2863,5
2864,1
2865,1
2866,4
2867,1
2868,1
2869,2
2870,1
2871,1
2872,1
2873,2
2874,5
2875,1
2876,3
2877,3
2878,1
2879,1
2880,3
2881,1
2882,1
2883,1
2884,3
2885,1
2886,1
2887,1
2888,3
2889,1
2890,1
2891,1
2892,2
2893,2
2894,1
2895,1
2896,2
2897,1
2898,1
2899,4
2900,2
2901,1
2902,1
2903,5
2904,2
2905,1
2906,1
2907,1
2908,1
2909,1
2910,5
2911,2
2912,5
2913,4
2914,2
2915,1
2916,2
2917,1
2918,1
2919,5
2920,3
2921,1
2922,2
2923,1
2924,3
2925,2
2926,2
2927,2
2928,1
2929,1
2930,1
2931,1
2932,1
2933,1
2934,1
2935,1
2936,2
2937,2
2938,5
2939,1
2940,2
2941,1
2942,4
2943,3
2944,4
2945,1
2946,1
2947,1
2948,1
2949,1
2950,1
2951,1
2952,1
2953,3
2954,1
2955,1
2956,2
2957,3
2958,1
2959,1
2960,2
2961,4
2962,4
2963,2
2964,2
2965,2
2966,3
2967,5
2968,1
2969,1
2970,2
2971,1
2972,2
2973,2
2974,2
2975,2
2976,1
2977,1
2978,1
2979,1
2980,3
2981,1
2982,1
2983,2
2984,1
2985,1
2986,1
2987,2
2988,1
2989,1
2990,2
2991,1
2992,1
2993,1
2994,1
2995,1
2996,1
2997,1
2998,1
2999,2
3000,1
3001,1
3002,1
3003,1
3004,1
3005,3
3006,1
3007,1
3008,2
3009,1
3010,1
3011,2
3012,2
3013,1
3014,5
3015,1
3016,1
3017,3
3018,1
3019,5
3020,1
3021,1
3022,1
3023,4
3024,1
3025,3
3026,1
3027,1
3028,1
3029,2
3030,1
3031,2
3032,1
3033,2
3034,1
3035,3
3036,2
3037,5
3038,3
3039,1
3040,1
3041,2
3042,1
3043,1
3044,1
3045,5
3046,1
3047,1
3048,1
3049,2
3050,3
3051,1
3052,1
3053,1
3054,3
3055,1
3056,4
3057,1
3058,1
3059,1
3060,1
3061,1
3062,2
3063,1
3064,1
3065,1
3066,1
3067,1
3068,2
3069,1
3070,1
3071,2
3072,1
3073,4
3074,2
3075,1
3076,1
3077,3
3078,5
3079,2
3080,2
3081,2
3082,2
3083,1
3084,2
3085,1
3086,3
3087,1
3088,1
3089,2
3090,3
3091,5
3092,2
3093,2
3094,1
3095,3
3096,5
3097,1
3098,2
3099,3
3100,1
3101,1
3102,2
3103,1
3104,2
3105,1
3106,3
3107,2
3108,4
3109,3
3110,2
3111,1
3112,1
3113,3
3114,1
3115,1
3116,2
3117,1
3118,3
3119,1
3120,3
3121,1
3122,1
3123,2
3124,1
3125,2
3126,2
3127,2
3128,1
3129,1
3130,1
3131,2
3132,2
3133,1
3134,3
3135,2
3136,4
3137,1
3138,1
3139,2
3140,1
3141,1
3142,2
3143,1
3144,1
3145,1
3146,2
3147,2
3148,2
3149,2
3150,1
3151,1
3152,1
3153,1
3154,2
3155,1
3156,1
3157,1
3158,1
3159,1
3160,2
3161,2
3162,3
3163,3
3164,3
3165,4
3166,2
3167,1
3168,1
3169,1
3170,1
3171,1
3172,1
3173,2
3174,1
3175,2
3176,2
3177,1
3178,1
3179,1
3180,4
3181,2
3182,1
3183,1
3184,1
3185,1
3186,3
3187,2
3188,3
3189,2
3190,1
3191,1
3192,1
3193,3
3194,1
3195,1
3196,1
3197,3
3198,1
3199,2
3200,1
3201,3
3202,3
3203,2
3204,4
3205,1
3206,2
3207,1
3208,1
3209,2
3210,1
3211,2
3212,4
3213,5
3214,1
3215,5
3216,1
3217,3
3218,2
3219,1
3220,2
3221,2
3222,2
3223,1
3224,3
3225,4
3226,2
3227,2
3228,1
3229,2
3230,3
3231,1
3232,3
3233,1
3234,3
3235,1
3236,3
3237,3
3238,1
3239,1
3240,1
3241,2
3242,1
3243,1
3244,5
3245,1
3246,1
3247,2
3248,3
3249,1
3250,1
3251,1
3252,1
3253,1
3254,3
3255,2
3256,1
3257,1
3258,1
3259,5
3260,2
3261,1
3262,2
3263,1
3264,3
3265,1
3266,1
3267,1
3268,2
3269,2
3270,1
3271,2
3272,1
3273,2
3274,1
3275,1
3276,5
3277,2
3278,2
3279,1
3280,1
3281,1
3282,1
3283,1
3284,1
3285,1
3286,1
3287,1
3288,1
3289,1
3290,2
3291,1
3292,2
3293,1
3294,1
3295,1
3296,2
3297,1
3298,3
3299,1
3300,3
3301,1
3302,1
3303,3
3304,1
3305,1
3306,1
3307,1
3308,2
3309,1
3310,1
3311,2
3312,1
3313,4
3314,1
3315,2
3316,1
3317,2
3318,1
3319,1
3320,1
3321,1
3322,1
3323,1
3324,2
3325,3
3326,1
3327,2
3328,1
3329,1
3330,4
3331,3
3332,1
3333,1
3334,1
3335,2
3336,1
3337,1
3338,1
3339,2
3340,1
3341,3
3342,1
3343,1
3344,1
3345,1
3346,2
3347,5
3348,2
3349,3
3350,2
3351,1
3352,1
3353,1
3354,2
3355,1
3356,1
3357,2
3358,1
3359,3
3360,1
3361,2
3362,3
3363,1
3364,3
3365,1
3366,5
3367,1
3368,5
3369,1
3370,1
3371,4
3372,1
3373,1
3374,2
3375,1
3376,1
3377,1
3378,1
3379,1
3380,1
3381,1
3382,1
3383,1
3384,1
3385,1
3386,4
3387,2
3388,1
3389,1
3390,1
3391,2
3392,1
3393,1
3394,1
3395,4
3396,1
3397,5
3398,2
3399,1
3400,1
3401,2
3402,2
3403,2
3404,2
3405,2
3406,1
3407,2
3408,1
3409,2
3410,1
3411,1
3412,1
3413,3
3414,1
3415,1
3416,2
3417,2
3418,1
3419,2
3420,1
3421,2
3422,1
3423,5
3424,1
3425,1
3426,1
3427,3
3428,1
3429,1
3430,1
3431,2
3432,1
3433,1
3434,1
3435,1
3436,3
3437,1
3438,5
3439,1
3440,1
3441,1
3442,1
3443,2
3444,1
3445,1
3446,1
3447,1
3448,1
3449,2
3450,2
3451,5
3452,2
3453,4
3454,2
3455,1
3456,1
3457,1
3458,3
3459,1
3460,1
3461,2
3462,1
3463,2
3464,1
3465,1
3466,1
3467,2
3468,1
3469,1
3470,2
3471,2
3472,2
3473,3
3474,1
3475,2
3476,1
3477,2
3478,3
3479,1
3480,1
3481,4
3482,1
3483,1
3484,5
3485,1
3486,1
3487,2
3488,5
3489,1
3490,4
3491,1
3492,1
3493,5
3494,1
3495,4
3496,1
3497,1
3498,3
3499,1
3500,1
3501,1
3502,1
3503,2
3504,2
3505,2
3506,1
3507,1
3508,2
3509,1
3510,1
3511,1
3512,1
3513,1
3514,1
3515,1
3516,1
3517,1
3518,2
3519,2
3520,2
3521,1
3522,1
3523,2
3524,3
3525,1
3526,1
3527,1
3528,1
3529,1
3530,2
3531,1
3532,1
3533,1
3534,1
3535,2
3536,2
3537,2
3538,1
3539,5
3540,1
3541,1
3542,2
3543,1
3544,3
3545,1
3546,1
3547,1
3548,1
3549,1
3550,1
3551,1
3552,1
3553,2
3554,3
3555,2
3556,2
3557,1
3558,1
3559,1
3560,1
3561,2
3562,1
3563,1
3564,2
3565,5
3566,1
3567,1
3568,1
3569,2
3570,1
3571,1
3572,1
3573,1
3574,1
3575,2
3576,2
3577,1
3578,1
3579,1
3580,1
3581,1
3582,4
3583,1
3584,1
3585,2
3586,1
3587,1
3588,1
3589,1
3590,3
3591,2
3592,2
3593,4
3594,2
3595,2
3596,1
3597,2
3598,1
3599,3
3600,1
3601,1
3602,1
3603,1
3604,1
3605,1
3606,1
3607,1
3608,1
3609,2
3610,1
3611,2
3612,1
3613,4
3614,1
3615,1
3616,1
3617,1
3618,1
3619,1
3620,1
3621,1
3622,1
3623,1
3624,1
3625,1
3626,1
3627,1
3628,1
3629,2
3630,1
3631,1
3632,1
3633,2
3634,1
3635,4
3636,2
3637,3
3638,4
3639,1
3640,2
3641,2
3642,2
3643,1
3644,1
3645,1
3646,2
3647,2
3648,1
3649,1
3650,1
3651,2
3652,3
3653,3
3654,1
3655,1
3656,2
3657,1
3658,5
3659,2
3660,1
3661,2
3662,1
3663,1
3664,1
3665,2
3666,1
3667,1
3668,1
3669,2
3670,1
3671,4
3672,2
3673,2
3674,1
3675,4
3676,2
3677,1
3678,1
3679,1
3680,2
3681,2
3682,2
3683,1
3684,1
3685,1
3686,1
3687,2
3688,1
3689,1
3690,3
3691,2
3692,1
3693,1
3694,1
3695,1
3696,2
3697,3
3698,1
3699,2
3700,1
3701,1
3702,2
3703,1
3704,1
3705,1
3706,3
3707,2
3708,1
3709,2
3710,1
3711,2
3712,1
3713,1
3714,1
3715,1
3716,1
3717,1
3718,1
3719,3
3720,1
3721,1
3722,1
3723,2
3724,2
3725,2
3726,1
3727,3
3728,2
3729,1
3730,4
3731,4
3732,2
3733,5
3734,2
3735,3
3736,1
3737,1
3738,1
3739,2
3740,4
3741,5
3742,1
3743,1
3744,1
3745,1
3746,2
3747,2
3748,3
3749,2
3750,1
3751,1
3752,1
3753,1
3754,1
3755,2
3756,1
3757,1
3758,1
3759,1
3760,2
3761,5
3762,1
3763,2
3764,1
3765,1
3766,2
3767,1
3768,2
3769,2
3770,3
3771,1
3772,3
3773,3
3774,1
3775,1
3776,1
3777,2
3778,1
3779,1
3780,1
3781,1
3782,4
3783,1
3784,4
3785,4
3786,1
3787,1
3788,1
3789,5
3790,1
3791,5
3792,1
3793,2
3794,1
3795,1
3796,2
3797,2
3798,2
3799,1
3800,2
3801,4
3802,3
3803,1
3804,1
3805,3
3806,3
3807,3
3808,1
3809,1
3810,1
3811,2
3812,1
3813,1
3814,1
3815,2
3816,2
3817,1
3818,1
3819,2
3820,1
3821,1
3822,3
3823,1
3824,1
3825,1
3826,1
3827,1
3828,2
3829,1
3830,1
3831,5
3832,4
3833,2
3834,4
3835,1
3836,2
3837,2
3838,3
3839,1
3840,1
3841,2
3842,1
3843,1
3844,1
3845,2
3846,1
3847,3
3848,1
3849,2
3850,1
3851,1
3852,1
3853,2
3854,1
3855,2
3856,5
3857,1
3858,5
3859,1
3860,1
3861,1
3862,1
3863,1
3864,3
3865,1
3866,1
3867,1
3868,3
3869,3
3870,1
3871,1
3872,2
3873,1
3874,1
3875,2
3876,1
3877,1
3878,2
3879,3
3880,2
3881,3
3882,4
3883,1
3884,1
3885,2
3886,2
3887,2
3888,1
3889,1
3890,1
3891,1
3892,2
3893,1
3894,1
3895,1
3896,2
3897,1
3898,1
3899,1
3900,2
3901,1
3902,1
3903,2
3904,1
3905,2
3906,1
3907,3
3908,1
3909,5
3910,3
3911,1
3912,2
3913,1
3914,1
3915,5
3916,1
3917,2
3918,3
3919,2
3920,1
3921,1
3922,2
3923,1
3924,1
3925,1
3926,1
3927,1
3928,1
3929,1
3930,1
3931,1
3932,1
3933,1
3934,1
3935,4
3936,3
3937,1
3938,2
3939,1
3940,2
3941,1
3942,2
3943,1
3944,5
3945,1
3946,3
3947,1
3948,1
3949,1
3950,1
3951,1
3952,1
3953,1
3954,1
3955,1
3956,1
3957,2
3958,4
3959,2
3960,1
3961,1
3962,1
3963,1
3964,1
3965,5
3966,2
3967,1
3968,1
3969,4
3970,2
3971,3
3972,1
3973,1
3974,1
3975,1
3976,1
3977,1
3978,1
3979,1
3980,4
3981,1
3982,1
3983,1
3984,1
3985,1
3986,2
3987,1
3988,1
3989,3
3990,1
3991,2
3992,2
3993,1
3994,2
3995,1
3996,1
3997,2
3998,1
3999,1
4000,1
4001,3
4002,2
4003,2
4004,1
4005,2
4006,1
4007,2
4008,3
4009,3
4010,2
4011,4
4012,5
4013,1
4014,2
4015,2
4016,2
4017,1
4018,5
4019,2
4020,1
4021,1
4022,1
4023,1
4024,2
4025,1
4026,2
4027,1
4028,1
4029,1
4030,2
4031,2
4032,1
4033,1
4034,2
4035,3
4036,1
4037,2
4038,1
4039,1
4040,2
4041,2
4042,1
4043,1
4044,2
4045,2
4046,2
4047,1
4048,1
4049,2
4050,1
4051,1
4052,2
4053,2
4054,1
4055,1
4056,4
4057,1
4058,1
4059,2
4060,1
4061,1
4062,3
4063,3
4064,2
4065,1
4066,1
4067,1
4068,1
4069,5
4070,2
4071,1
4072,1
4073,1
4074,1
4075,1
4076,1
4077,1
4078,1
4079,1
4080,1
4081,1
4082,1
4083,1
4084,2
4085,1
4086,1
4087,2
4088,1
4089,1
4090,2
4091,3
4092,2
4093,1
4094,2
4095,2
4096,2
4097,5
4098,1
4099,5
4100,2
4101,3
4102,4
4103,1
4104,1
4105,1
4106,1
4107,1
4108,1
4109,1
4110,2
4111,1
4112,1
4113,2
4114,1
4115,5
4116,1
4117,2
4118,1
4119,1
4120,2
4121,1
4122,2
4123,3
4124,1
4125,1
4126,2
4127,3
4128,3
4129,3
4130,2
4131,4
4132,3
4133,1
4134,1
4135,1
4136,1
4137,1
4138,1
4139,1
4140,2
4141,1
4142,1
4143,2
4144,1
4145,1
4146,1
4147,1
4148,1
4149,1
4150,1
4151,1
4152,4
4153,2
4154,2
4155,1
4156,1
4157,2
4158,1
4159,1
4160,2
4161,1
4162,1
4163,1
4164,4
4165,2
4166,1
4167,1
4168,1
4169,1
4170,3
4171,1
4172,3
4173,4
4174,1
4175,2
4176,1
4177,2
4178,1
4179,4
4180,1
4181,1
4182,1
4183,1
4184,1
4185,1
4186,2
4187,2
4188,1
4189,1
4190,1
4191,1
4192,2
4193,2
4194,1
4195,1
4196,1
4197,1
4198,1
4199,2
4200,3
4201,1
4202,1
4203,1
4204,3
4205,1
4206,1
4207,1
4208,1
4209,2
4210,2
4211,2
4212,2
4213,1
4214,1
4215,1
4216,1
4217,5
4218,1
4219,3
4220,1
4221,1
4222,1
4223,1
4224,1
4225,1
4226,3
4227,1
4228,5
4229,1
4230,5
4231,1
4232,1
4233,1
4234,1
4235,1
4236,1
4237,2
4238,1
4239,1
4240,2
4241,3
4242,4
4243,1
4244,2
4245,1
4246,1
4247,1
4248,2
4249,1
4250,2
4251,3
4252,1
4253,1
4254,1
4255,1
4256,1
4257,1
4258,5
4259,1
4260,1
4261,2
4262,1
4263,4
4264,2
4265,3
4266,2
4267,1
4268,2
4269,2
4270,1
4271,1
4272,3
4273,2
4274,2
4275,5
4276,1
4277,1
4278,1
4279,1
4280,1
4281,1
4282,3
4283,2
4284,5
4285,1
4286,1
4287,1
4288,1
4289,1
4290,3
4291,5
4292,1
4293,3
4294,4
4295,2
4296,1
4297,2
4298,1
4299,1
4300,1
4301,1
4302,1
4303,2
4304,5
4305,2
4306,3
4307,1
4308,2
4309,3
4310,1
4311,1
4312,1
4313,1
4314,1
4315,1
4316,1
4317,3
4318,1
4319,4
4320,1
4321,1
4322,1
4323,1
4324,2
4325,2
4326,1
4327,2
4328,2
4329,1
4330,1
4331,2
4332,4
4333,2
4334,2
4335,1
4336,2
4337,1
4338,4
4339,1
4340,1
4341,2
4342,1
4343,1
4344,2
4345,1
4346,1
4347,1
4348,5
4349,1
4350,1
4351,1
4352,1
4353,2
4354,2
4355,5
4356,1
4357,1
4358,4
4359,2
4360,3
4361,1
4362,5
4363,1
4364,1
4365,1
4366,1
4367,1
4368,1
4369,1
4370,1
4371,2
4372,1
4373,1
4374,2
4375,1
4376,3
4377,2
4378,1
4379,1
4380,1
4381,1
4382,1
4383,2
4384,1
4385,1
4386,1
4387,2
4388,4
4389,2
4390,1
4391,1
4392,1
4393,1
4394,2
4395,2
4396,4
4397,1
4398,5
4399,1
4400,1
4401,5
4402,1
4403,1
4404,1
4405,4
4406,1
4407,2
4408,1
4409,3
4410,1
4411,1
4412,2
4413,1
4414,1
4415,1
4416,1
4417,3
4418,1
4419,2
4420,2
4421,1
4422,1
4423,2
4424,1
4425,2
4426,1
4427,2
4428,3
4429,1
4430,3
4431,1
4432,3
4433,1
4434,5
4435,4
4436,1
4437,1
4438,1
4439,1
4440,2
4441,2
4442,1
4443,1
4444,4
4445,1
4446,3
4447,4
4448,3
4449,1
4450,5
4451,2
4452,4
4453,1
4454,1
4455,1
4456,3
4457,2
4458,1
4459,1
4460,1
4461,1
4462,2
4463,3
4464,1
4465,1
4466,2
4467,2
4468,1
4469,1
4470,2
4471,1
4472,1
4473,1
4474,4
4475,1
4476,1
4477,1
4478,1
4479,1
4480,1
4481,1
4482,1
4483,3
4484,1
4485,1
4486,1
4487,2
4488,3
4489,4
4490,1
4491,2
4492,2
4493,1
4494,3
4495,2
4496,3
4497,1
4498,2
4499,1
4500,1
4501,2
4502,1
4503,2
4504,1
4505,1
4506,1
4507,1
4508,1
4509,1
4510,1
4511,1
4512,1
4513,1
4514,1
4515,1
4516,1
4517,1
4518,1
4519,2
4520,1
4521,1
4522,1
4523,3
4524,1
4525,1
4526,1
4527,1
4528,2
4529,2
4530,1
4531,3
4532,1
4533,1
4534,3
4535,1
4536,2
4537,2
4538,1
4539,2
4540,1
4541,3
4542,1
4543,1
4544,3
4545,2
4546,2
4547,2
4548,1
4549,2
4550,1
4551,2
4552,2
4553,2
4554,1
4555,1
4556,1
4557,1
4558,1
4559,1
4560,1
4561,2
4562,1
4563,1
4564,1
4565,1
4566,1
4567,3
4568,1
4569,1
4570,1
4571,1
4572,1
4573,1
4574,2
4575,2
4576,5
4577,1
4578,1
4579,1
4580,1
4581,1
4582,1
4583,2
4584,1
4585,1
4586,1
4587,4
4588,3
4589,1
4590,2
4591,1
4592,2
4593,1
4594,1
4595,1
4596,1
4597,1
4598,2
4599,2
4600,1
4601,1
4602,2
4603,1
4604,2
4605,1
4606,1
4607,1
4608,2
4609,1
4610,1
4611,1
4612,1
4613,1
4614,1
4615,4
4616,1
4617,1
4618,1
4619,1
4620,1
4621,1
4622,1
4623,1
4624,1
4625,1
4626,1
4627,3
4628,1
4629,1
4630,2
4631,1
4632,1
4633,1
4634,1
4635,1
4636,4
4637,3
4638,3
4639,2
4640,3
4641,1
4642,1
4643,3
4644,4
4645,1
4646,1
4647,1
4648,2
4649,1
4650,1
4651,4
4652,1
4653,1
4654,1
4655,2
4656,1
4657,1
4658,3
4659,2
4660,1
4661,3
4662,3
4663,1
4664,1
4665,1
4666,4
4667,1
4668,1
4669,1
4670,4
4671,1
4672,1
4673,3
4674,1
4675,1
4676,3
4677,1
4678,1
4679,1
4680,1
4681,2
4682,3
4683,1
4684,1
4685,1
4686,2
4687,1
4688,2
4689,2
4690,1
4691,1
4692,1
4693,1
4694,1
4695,1
4696,4
4697,1
4698,1
4699,1
4700,1
4701,3
4702,1
4703,2
4704,2
4705,1
4706,1
4707,2
4708,3
4709,2
4710,4
4711,3
4712,2
4713,2
4714,3
4715,2
4716,5
4717,1
4718,1
4719,1
4720,1
4721,1
4722,1
4723,5
4724,2
4725,1
4726,1
4727,2
4728,1
4729,1
4730,1
4731,1
4732,2
4733,1
4734,1
4735,1
4736,2
4737,3
4738,2
4739,1
4740,2
4741,1
4742,1
4743,1
4744,1
4745,1
4746,1
4747,1
4748,1
4749,1
4750,1
4751,2
4752,1
4753,1
4754,3
4755,1
4756,1
4757,2
4758,1
4759,2
4760,4
4761,2
4762,1
4763,1
4764,2
4765,1
4766,3
4767,1
4768,1
4769,1
4770,3
4771,2
4772,1
4773,2
4774,4
4775,2
4776,3
4777,1
4778,2
4779,1
4780,1
4781,1
4782,2
4783,3
4784,1
4785,3
4786,1
4787,1
4788,1
4789,3
4790,3
4791,2
4792,2
4793,3
4794,1
4795,1
4796,2
4797,1
4798,5
4799,1
4800,1
4801,2
4802,3
4803,1
4804,1
4805,2
4806,1
4807,2
4808,1
4809,1
4810,1
4811,1
4812,1
4813,2
4814,2
4815,1
4816,2
4817,1
4818,1
4819,1
4820,3
4821,2
4822,1
4823,1
4824,2
4825,2
4826,1
4827,1
4828,2
4829,2
4830,1
4831,1
4832,1
4833,2
4834,1
4835,1
4836,3
4837,1
4838,1
4839,3
4840,4
4841,1
4842,1
4843,5
4844,3
4845,2
4846,2
4847,5
4848,1
4849,1
4850,1
4851,1
4852,1
4853,1
4854,1
4855,1
4856,1
4857,2
4858,1
4859,2
4860,2
4861,1
4862,2
4863,3
4864,1
4865,2
4866,1
4867,1
4868,1
4869,1
4870,1
4871,4
4872,2
4873,1
4874,1
4875,1
4876,3
4877,1
4878,2
4879,3
4880,1
4881,2
4882,3
4883,1
4884,1
4885,2
4886,1
4887,1
4888,2
4889,1
4890,1
4891,1
4892,1
4893,2
4894,2
4895,1
4896,5
4897,5
4898,2
4899,1
4900,3
4901,1
4902,1
4903,2
4904,1
4905,4
4906,2
4907,1
4908,1
4909,1
4910,1
4911,4
4912,3
4913,1
4914,1
4915,1
4916,1
4917,1
4918,1
4919,2
4920,1
4921,1
4922,1
4923,2
4924,1
4925,2
4926,1
4927,2
4928,1
4929,1
4930,5
4931,1
4932,1
4933,4
4934,1
4935,1
4936,2
4937,1
4938,1
4939,2
4940,2
4941,1
4942,2
4943,1
4944,1
4945,2
4946,1
4947,1
4948,1
4949,1
4950,2
4951,1
4952,1
4953,2
4954,1
4955,3
4956,1
4957,1
4958,2
4959,1
4960,3
4961,1
4962,1
4963,1
4964,3
4965,1
4966,1
4967,1
4968,1
4969,2
4970,1
4971,1
4972,3
4973,1
4974,3
4975,2
4976,1
4977,1
4978,1
4979,1
4980,1
4981,2
4982,1
4983,1
4984,1
4985,3
4986,2
4987,1
4988,2
4989,3
4990,1
4991,1
4992,3
4993,3
4994,1
4995,2
4996,1
4997,2
4998,1
4999,2
5000,1
5001,1
5002,2
5003,2
5004,3
5005,1
5006,1
5007,1
5008,1
5009,1
5010,2
5011,1
5012,1
5013,1
5014,3
5015,1
5016,1
5017,1
5018,1
5019,1
5020,1
5021,1
5022,5
5023,1
5024,1
5025,1
5026,2
5027,1
5028,1
5029,1
5030,1
5031,1
5032,1
5033,1
5034,1
5035,1
5036,1
5037,1
5038,1
5039,2
5040,1
5041,2
5042,1
5043,1
5044,1
5045,1
5046,1
5047,1
5048,1
5049,1
5050,1
5051,1
5052,1
5053,1
5054,2
5055,3
5056,1
5057,2
5058,2
5059,2
5060,1
5061,3
5062,2
5063,3
5064,1
5065,1
5066,1
5067,1
5068,1
5069,1
5070,1
5071,3
5072,1
5073,1
5074,1
5075,1
5076,1
5077,1
5078,2
5079,3
5080,1
5081,3
5082,1
5083,1
5084,3
5085,1
5086,3
5087,1
5088,2
5089,3
5090,1
5091,1
5092,5
5093,4
5094,4
5095,2
5096,1
5097,1
5098,1
5099,1
5100,1
5101,1
5102,3
5103,1
5104,1
5105,1
5106,1
5107,2
5108,1
5109,1
5110,4
5111,2
5112,1
5113,3
5114,2
5115,4
5116,2
5117,1
5118,1
5119,1
5120,2
5121,1
5122,1
5123,1
5124,1
5125,1
5126,1
5127,2
5128,1
5129,1
5130,1
5131,1
5132,2
5133,2
5134,5
5135,1
5136,1
5137,1
5138,1
5139,2
5140,1
5141,1
5142,1
5143,4
5144,2
5145,1
5146,2
5147,1
5148,1
5149,1
5150,2
5151,1
5152,1
5153,2
5154,1
5155,1
5156,3
5157,1
5158,1
5159,1
5160,1
5161,1
5162,1
5163,3
5164,1
5165,4
5166,1
5167,3
5168,1
5169,3
5170,1
5171,4
5172,1
5173,1
5174,1
5175,2
5176,1
5177,2
5178,1
5179,3
5180,1
5181,2
5182,2
5183,2
5184,1
5185,2
5186,4
5187,1
5188,1
5189,3
5190,1
5191,1
5192,1
5193,2
5194,2
5195,4
5196,2
5197,1
5198,2
5199,1
5200,1
5201,1
5202,2
5203,1
5204,3
5205,1
5206,2
5207,1
5208,3
5209,3
5210,2
5211,1
5212,1
5213,1
5214,1
5215,5
5216,1
5217,1
5218,1
5219,2
5220,1
5221,1
5222,4
5223,1
5224,1
5225,1
5226,1
5227,2
5228,3
5229,1
5230,1
5231,2
5232,1
5233,1
5234,2
5235,1
5236,2
5237,1
5238,1
5239,1
5240,1
5241,1
5242,1
5243,1
5244,5
5245,1
5246,1
5247,1
5248,2
5249,2
5250,2
5251,1
5252,2
5253,3
5254,1
5255,2
5256,1
5257,1
5258,3
5259,1
5260,2
5261,1
5262,1
5263,3
5264,3
5265,1
5266,1
5267,1
5268,5
5269,2
5270,1
5271,1
5272,4
5273,1
5274,1
5275,1
5276,1
5277,1
5278,1
5279,1
5280,1
5281,1
5282,1
5283,1
5284,1
5285,1
5286,1
5287,1
5288,2
5289,1
5290,4
5291,1
5292,5
5293,1
5294,2
5295,2
5296,4
5297,5
5298,1
5299,1
5300,1
5301,2
5302,3
5303,2
5304,1
5305,1
5306,1
5307,1
5308,1
5309,2
5310,1
5311,2
5312,1
5313,1
5314,1
5315,3
5316,1
5317,1
5318,1
5319,2
5320,1
5321,2
5322,1
5323,4
5324,1
5325,2
5326,1
5327,1
5328,1
5329,2
5330,1
5331,2
5332,3
5333,4
5334,3
5335,2
5336,2
5337,1
5338,1
5339,1
5340,1
5341,1
5342,1
5343,1
5344,4
5345,1
5346,2
5347,1
5348,4
5349,4
5350,3
5351,1
5352,2
5353,5
5354,3
5355,1
5356,3
5357,1
5358,2
5359,1
5360,1
5361,1
5362,2
5363,1
5364,1
5365,2
5366,3
5367,1
5368,3
5369,1
5370,3
5371,2
5372,1
5373,1
5374,2
5375,1
5376,1
5377,1
5378,2
5379,1
5380,1
5381,4
5382,1
5383,1
5384,1
5385,1
5386,2
5387,2
5388,3
5389,1
5390,1
5391,2
5392,1
5393,2
5394,1
5395,1
5396,1
5397,1
5398,2
5399,3
5400,1
5401,1
5402,5
5403,1
5404,1
5405,1
5406,1
5407,2
5408,2
5409,3
5410,1
5411,2
5412,1
5413,4
5414,2
5415,1
5416,1
5417,3
5418,1
5419,1
5420,2
5421,3
5422,1
5423,1
5424,1
5425,1
5426,1
5427,1
5428,1
5429,1
5430,1
5431,5
5432,1
5433,1
5434,1
5435,1
5436,2
5437,1
5438,1
5439,2
5440,3
5441,1
5442,1
5443,1
5444,1
5445,1
5446,2
5447,1
5448,2
5449,1
5450,2
5451,1
5452,1
5453,1
5454,2
5455,1
5456,2
5457,4
5458,1
5459,4
5460,2
5461,1
5462,1
5463,1
5464,2
5465,2
5466,2
5467,3
5468,1
5469,2
5470,5
5471,1
5472,1
5473,4
5474,1
5475,3
5476,4
5477,4
5478,1
5479,1
5480,2
5481,1
5482,1
5483,1
5484,1
5485,4
5486,2
5487,1
5488,1
5489,1
5490,1
5491,1
5492,1
5493,1
5494,3
5495,1
5496,1
5497,2
5498,2
5499,2
5500,1
5501,1
5502,1
5503,1
5504,1
5505,1
5506,1
5507,1
5508,1
5509,2
5510,2
5511,1
5512,1
5513,1
5514,1
5515,1
5516,5
5517,1
5518,2
5519,1
5520,2
5521,1
5522,1
5523,2
5524,3
5525,3
5526,1
5527,1
5528,1
5529,1
5530,5
5531,2
5532,3
5533,2
5534,1
5535,4
5536,1
5537,5
5538,1
5539,1
5540,2
5541,1
5542,3
5543,3
5544,2
5545,2
5546,1
5547,2
5548,2
5549,1
5550,3
5551,2
5552,1
5553,2
5554,1
5555,1
5556,1
5557,1
5558,1
5559,1
5560,1
5561,1
5562,1
5563,3
5564,1
5565,1
5566,5
5567,1
5568,1
5569,1
5570,1
5571,1
5572,1
5573,2
5574,1
5575,1
5576,2
5577,1
5578,2
5579,1
5580,1
5581,1
5582,1
5583,2
5584,3
5585,1
5586,3
5587,2
5588,1
5589,3
5590,3
5591,1
5592,3
5593,2
5594,4
5595,1
5596,1
5597,2
5598,1
5599,1
5600,1
5601,2
5602,1
5603,2
5604,1
5605,1
5606,2
5607,3
5608,2
5609,1
5610,2
5611,1
5612,2
5613,2
5614,1
5615,1
5616,3
5617,1
5618,1
5619,5
5620,1
5621,2
5622,2
5623,2
5624,1
5625,2
5626,1
5627,1
5628,2
5629,1
5630,2
5631,1
5632,2
5633,2
5634,1
5635,1
5636,1
5637,1
5638,2
5639,2
5640,2
5641,1
5642,2
5643,1
5644,1
5645,1
5646,1
5647,2
5648,2
5649,1
5650,1
5651,1
5652,1
5653,1
5654,2
5655,2
5656,1
5657,1
5658,2
5659,3
5660,5
5661,1
5662,5
5663,3
5664,1
5665,1
5666,1
5667,1
5668,2
5669,1
5670,3
5671,1
5672,1
5673,1
5674,1
5675,1
5676,2
5677,4
5678,1
5679,4
5680,1
5681,1
5682,1
5683,2
5684,3
5685,1
5686,1
5687,1
5688,2
5689,4
5690,1
5691,5
5692,1
5693,1
5694,1
5695,1
5696,1
5697,1
5698,1
5699,1
5700,5
5701,1
5702,1
5703,1
5704,1
5705,1
5706,1
5707,1
5708,3
5709,2
5710,2
5711,1
5712,1
5713,1
5714,1
5715,1
5716,1
5717,3
5718,3
5719,1
5720,2
5721,2
5722,2
5723,3
5724,2
5725,1
5726,1
5727,1
5728,2
5729,1
5730,5
5731,1
5732,1
5733,2
5734,1
5735,2
5736,1
5737,2
5738,2
5739,1
5740,1
5741,1
5742,1
5743,1
5744,1
5745,2
5746,1
5747,1
5748,2
5749,1
5750,5
5751,3
5752,2
5753,3
5754,1
5755,1
5756,2
5757,5
5758,1
5759,2
5760,1
5761,2
5762,1
5763,3
5764,1
5765,1
5766,2
5767,1
5768,1
5769,1
5770,2
5771,1
5772,2
5773,1
5774,3
5775,1
5776,1
5777,2
5778,2
5779,4
5780,1
5781,1
5782,1
5783,1
5784,4
5785,1
5786,2
5787,1
5788,2
5789,1
5790,1
5791,4
5792,1
5793,1
5794,2
5795,1
5796,1
5797,3
5798,1
5799,1
5800,4
5801,1
5802,1
5803,1
5804,2
5805,1
5806,3
5807,1
5808,1
5809,1
5810,1
5811,2
5812,2
5813,1
5814,1
5815,3
5816,5
5817,1
5818,1
5819,1
5820,2
5821,1
5822,2
5823,1
5824,1
5825,1
5826,5
5827,2
5828,1
5829,3
5830,3
5831,1
5832,1
5833,1
5834,2
5835,1
5836,1
5837,2
5838,1
5839,2
5840,2
5841,1
5842,5
5843,2
5844,1
5845,2
5846,1
5847,2
5848,1
5849,1
5850,1
5851,1
5852,1
5853,1
5854,1
5855,1
5856,1
5857,1
5858,1
5859,1
5860,1
5861,1
5862,2
5863,1
5864,3
5865,1
5866,1
5867,4
5868,1
5869,3
5870,2
5871,1
5872,1
5873,2
5874,1
5875,1
5876,1
5877,1
5878,1
5879,1
5880,4
5881,1
5882,1
5883,1
5884,3
5885,5
5886,1
5887,1
5888,3
5889,4
5890,1
5891,1
5892,1
5893,1
5894,1
5895,1
5896,1
5897,1
5898,1
5899,4
5900,1
5901,1
5902,1
5903,1
5904,1
5905,2
5906,1
5907,1
5908,1
5909,2
5910,1
5911,1
5912,1
5913,3
5914,1
5915,1
5916,3
5917,1
5918,1
5919,2
5920,1
5921,1
5922,1
5923,2
5924,1
5925,1
5926,1
5927,1
5928,2
5929,3
5930,2
5931,5
5932,1
5933,3
5934,1
5935,1
5936,2
5937,1
5938,1
5939,1
5940,1
5941,1
5942,1
5943,1
5944,2
5945,1
5946,2
5947,1
5948,1
5949,1
5950,1
5951,1
5952,3
5953,1
5954,1
5955,4
5956,1
5957,1
5958,1
5959,1
5960,2
5961,1
5962,1
5963,1
5964,2
5965,2
5966,1
5967,1
5968,2
5969,1
5970,1
5971,1
5972,1
5973,1
5974,2
5975,2
5976,1
5977,1
5978,1
5979,2
5980,1
5981,1
5982,1
5983,1
5984,1
5985,1
5986,2
5987,1
5988,1
5989,1
5990,3
5991,3
5992,1
5993,1
5994,1
5995,1
5996,2
5997,2
5998,1
5999,2
6000,4
6001,5
6002,1
6003,1
6004,1
6005,2
6006,1
6007,1
6008,2
6009,1
6010,1
6011,2
6012,1
6013,1
6014,1
6015,1
6016,5
6017,2
6018,2
6019,1
6020,2
6021,1
6022,1
6023,2
6024,2
6025,2
6026,2
6027,2
6028,2
6029,1
6030,1
6031,2
6032,1
6033,1
6034,2
6035,2
6036,1
6037,1
6038,1
6039,1
6040,1
6041,1
6042,1
6043,1
6044,2
6045,1
6046,1
6047,1
6048,1
6049,1
6050,2
6051,1
6052,2
6053,2
6054,1
6055,3
6056,1
6057,1
6058,5
6059,1
6060,1
6061,1
6062,2
6063,1
6064,2
6065,2
6066,1
6067,2
6068,3
6069,3
6070,2
6071,1
6072,1
6073,1
6074,1
6075,2
6076,1
6077,1
6078,2
6079,1
6080,1
6081,1
6082,3
6083,2
6084,2
6085,1
6086,1
6087,2
6088,1
6089,1
6090,1
6091,2
6092,1
6093,1
6094,2
6095,1
6096,1
6097,4
6098,1
6099,3
6100,1
6101,1
6102,2
6103,3
6104,1
6105,1
6106,1
6107,1
6108,1
6109,1
6110,4
6111,1
6112,2
6113,2
6114,1
6115,1
6116,1
6117,1
6118,2
6119,1
6120,1
6121,1
6122,1
6123,2
6124,1
6125,2
6126,3
6127,1
6128,1
6129,1
6130,1
6131,1
6132,2
6133,2
6134,1
6135,2
6136,1
6137,1
6138,1
6139,1
6140,2
6141,2
6142,2
6143,1
6144,3
6145,1
6146,3
6147,2
6148,2
6149,5
6150,1
6151,1
6152,2
6153,1
6154,1
6155,1
6156,2
6157,2
6158,1
6159,1
6160,3
6161,2
6162,1
6163,1
6164,1
6165,1
6166,1
6167,1
6168,1
6169,1
6170,1
6171,1
6172,5
6173,1
6174,2
6175,1
6176,1
6177,1
6178,1
6179,2
6180,1
6181,2
6182,2
6183,1
6184,1
6185,1
6186,2
6187,1
6188,2
6189,3
6190,1
6191,2
6192,1
6193,1
6194,1
6195,5
6196,1
6197,1
6198,1
6199,3
6200,1
6201,1
6202,1
6203,1
6204,1
6205,1
6206,1
6207,3
6208,1
6209,3
6210,1
6211,1
6212,1
6213,1
6214,1
6215,2
6216,1
6217,1
6218,1
6219,1
6220,1
6221,3
6222,2
6223,1
6224,1
6225,2
6226,3
6227,1
6228,1
6229,4
6230,1
6231,1
6232,1
6233,1
6234,1
6235,4
6236,1
6237,2
6238,1
6239,3
6240,1
6241,1
6242,1
6243,2
6244,1
6245,5
6246,2
6247,1
6248,1
6249,1
6250,1
6251,2
6252,4
6253,1
6254,1
6255,2
6256,2
6257,1
6258,2
6259,2
6260,1
6261,2
6262,3
6263,4
6264,2
6265,5
6266,1
6267,1
6268,3
6269,1
6270,2
6271,1
6272,1
6273,1
6274,1
6275,1
6276,1
6277,1
6278,1
6279,1
6280,1
6281,1
6282,1
6283,1
6284,1
6285,1
6286,1
6287,2
6288,1
6289,3
6290,1
6291,1
6292,3
6293,1
6294,1
6295,1
6296,5
6297,3
6298,2
6299,1
6300,2
6301,1
6302,2
6303,2
6304,4
6305,1
6306,1
6307,1
6308,1
6309,2
6310,1
6311,1
6312,2
6313,1
6314,1
6315,3
6316,1
6317,3
6318,1
6319,2
6320,3
6321,1
6322,2
6323,1
6324,2
6325,2
6326,1
6327,1
6328,1
6329,1
6330,5
6331,2
6332,1
6333,1
6334,1
6335,3
6336,1
6337,3
6338,1
6339,1
6340,1
6341,1
6342,1
6343,2
6344,3
6345,2
6346,1
6347,1
6348,2
6349,1
6350,1
6351,1
6352,1
6353,2
6354,3
6355,1
6356,1
6357,2
6358,1
6359,5
6360,1
6361,2
6362,1
6363,2
6364,1
6365,2
6366,2
6367,5
6368,3
6369,1
6370,5
6371,1
6372,1
6373,1
6374,1
6375,2
6376,1
6377,1
6378,1
6379,1
6380,2
6381,1
6382,1
6383,1
6384,1
6385,2
6386,5
6387,1
6388,1
6389,2
6390,1
6391,1
6392,2
6393,1
6394,1
6395,3
6396,1
6397,1
6398,2
6399,1
6400,2
6401,1
6402,1
6403,2
6404,1
6405,1
6406,5
6407,1
6408,1
6409,1
6410,2
6411,2
6412,1
6413,2
6414,3
6415,1
6416,1
6417,1
6418,3
6419,1
6420,2
6421,1
6422,3
6423,2
6424,2
6425,1
6426,1
6427,4
6428,4
6429,1
6430,2
6431,1
6432,3
6433,1
6434,2
6435,1
6436,1
6437,1
6438,1
6439,2
6440,3
6441,1
6442,5
6443,4
6444,1
6445,1
6446,3
6447,1
6448,2
6449,1
6450,1
6451,3
6452,4
6453,4
6454,3
6455,1
6456,3
6457,1
6458,2
6459,1
6460,1
6461,1
6462,1
6463,1
6464,4
6465,1
6466,1
6467,1
6468,1
6469,1
6470,3
6471,1
6472,1
6473,1
6474,2
6475,4
6476,1
6477,1
6478,1
6479,1
6480,4
6481,1
6482,4
6483,1
6484,3
6485,3
6486,1
6487,1
6488,1
6489,1
6490,4
6491,1
6492,2
6493,3
6494,1
6495,1
6496,1
6497,2
6498,1
6499,1
6500,1
6501,1
6502,1
6503,2
6504,2
6505,1
6506,1
6507,1
6508,1
6509,1
6510,4
6511,1
6512,1
6513,2
6514,1
6515,3
6516,1
6517,2
6518,1
6519,1
6520,1
6521,2
6522,5
6523,2
6524,1
6525,1
6526,4
6527,1
6528,2
6529,1
6530,1
6531,1
6532,1
6533,1
6534,1
6535,2
6536,2
6537,1
6538,5
6539,1
6540,1
6541,3
6542,1
6543,2
6544,2
6545,2
6546,1
6547,1
6548,2
6549,1
6550,4
6551,3
6552,1
6553,1
6554,1
6555,4
6556,3
6557,1
6558,2
6559,1
6560,3
6561,3
6562,3
6563,1
6564,1
6565,1
6566,1
6567,1
6568,5
6569,1
6570,4
6571,1
6572,2
6573,4
6574,1
6575,2
6576,1
6577,1
6578,1
6579,1
6580,1
6581,1
6582,2
6583,2
6584,2
6585,1
6586,3
6587,5
6588,1
6589,1
6590,1
6591,2
6592,2
6593,3
6594,1
6595,1
6596,1
6597,2
6598,1
6599,1
6600,2
6601,3
6602,3
6603,1
6604,1
6605,1
6606,3
6607,2
6608,1
6609,1
6610,1
6611,1
6612,1
6613,1
6614,2
6615,4
6616,1
6617,3
6618,2
6619,1
6620,3
6621,1
6622,2
6623,1
6624,3
6625,1
6626,1
6627,1
6628,1
6629,5
6630,1
6631,1
6632,1
6633,2
6634,5
6635,3
6636,3
6637,2
6638,3
6639,2
6640,1
6641,1
6642,5
6643,1
6644,1
6645,1
6646,1
6647,4
6648,1
6649,1
6650,1
6651,1
6652,1
6653,1
6654,1
6655,1
6656,2
6657,4
6658,1
6659,1
6660,1
6661,1
6662,1
6663,1
6664,1
6665,1
6666,2
6667,1
6668,1
6669,1
6670,1
6671,1
6672,1
6673,1
6674,2
6675,4
6676,1
6677,1
6678,2
6679,1
6680,1
6681,1
6682,1
6683,2
6684,1
6685,2
6686,1
6687,2
6688,2
6689,5
6690,2
6691,3
6692,1
6693,1
6694,2
6695,1
6696,3
6697,2
6698,1
6699,2
6700,1
6701,1
6702,1
6703,5
6704,1
6705,1
6706,2
6707,2
6708,1
6709,1
6710,1
6711,1
6712,1
6713,1
6714,2
6715,2
6716,1
6717,1
6718,1
6719,2
6720,1
6721,1
6722,1
6723,1
6724,2
6725,1
6726,2
6727,1
6728,1
6729,2
6730,3
6731,4
6732,2
6733,3
6734,3
6735,1
6736,5
6737,2
6738,1
6739,2
6740,1
6741,1
6742,1
6743,2
6744,1
6745,1
6746,2
6747,1
6748,2
6749,2
6750,3
6751,1
6752,2
6753,1
6754,2
6755,2
6756,1
6757,3
6758,1
6759,3
6760,3
6761,2
6762,1
6763,3
6764,1
6765,1
6766,3
6767,1
6768,5
6769,3
6770,1
6771,1
6772,1
6773,1
6774,1
6775,2
6776,1
6777,1
6778,2
6779,3
6780,1
6781,1
6782,1
6783,1
6784,1
6785,1
6786,1
6787,1
6788,2
6789,2
6790,2
6791,5
6792,1
6793,1
6794,3
6795,3
6796,3
6797,1
6798,2
6799,1
6800,1
6801,1
6802,1
6803,1
6804,1
6805,1
6806,1
6807,2
6808,1
6809,1
6810,1
6811,1
6812,1
6813,1
6814,1
6815,2
6816,1
6817,2
6818,1
6819,1
6820,1
6821,1
6822,1
6823,2
6824,3
6825,1
6826,1
6827,1
6828,1
6829,1
6830,1
6831,1
6832,1
6833,1
6834,1
6835,3
6836,2
6837,1
6838,1
6839,1
6840,1
6841,1
6842,1
6843,5
6844,1
6845,2
6846,1
6847,5
6848,1
6849,2
6850,1
6851,1
6852,1
6853,1
6854,1
6855,1
6856,1
6857,1
6858,1
6859,1
6860,1
6861,1
6862,3
6863,2
6864,1
6865,5
6866,1
6867,3
6868,1
6869,4
6870,1
6871,3
6872,1
6873,1
6874,1
6875,1
6876,1
6877,1
6878,3
6879,5
6880,2
6881,1
6882,2
6883,2
6884,1
6885,1
6886,5
6887,2
6888,4
6889,2
6890,1
6891,2
6892,1
6893,1
6894,1
6895,1
6896,2
6897,3
6898,1
6899,2
6900,2
6901,1
6902,1
6903,1
6904,1
6905,2
6906,3
6907,2
6908,1
6909,1
6910,2
6911,1
6912,1
6913,1
6914,1
6915,1
6916,2
6917,1
6918,1
6919,1
6920,2
6921,1
6922,1
6923,1
6924,1
6925,1
6926,2
6927,2
6928,2
6929,1
6930,2
6931,1
6932,1
6933,4
6934,1
6935,2
6936,4
6937,1
6938,1
6939,2
6940,2
6941,1
6942,2
6943,1
6944,2
6945,2
6946,2
6947,1
6948,1
6949,2
6950,2
6951,1
6952,1
6953,1
6954,1
6955,1
6956,1
6957,1
6958,1
6959,3
6960,2
6961,1
6962,3
6963,5
6964,2
6965,1
6966,1
6967,2
6968,1
6969,2
6970,3
6971,1
6972,1
6973,1
6974,1
6975,2
6976,1
6977,4
6978,1
6979,1
6980,1
6981,1
6982,1
6983,2
6984,1
6985,2
6986,1
6987,4
6988,2
6989,2
6990,1
6991,1
6992,3
6993,3
6994,3
6995,3
6996,1
6997,1
6998,1
6999,1
7000,1
7001,1
7002,1
7003,1
7004,1
7005,1
7006,1
7007,2
7008,1
7009,2
7010,1
7011,1
7012,2
7013,1
7014,1
7015,2
7016,1
7017,1
7018,1
7019,1
7020,1
7021,1
7022,4
7023,1
7024,1
7025,1
7026,1
7027,1
7028,3
7029,4
7030,1
7031,1
7032,1
7033,1
7034,1
7035,3
7036,1
7037,4
7038,1
7039,1
7040,1
7041,1
7042,2
7043,1
7044,2
7045,1
7046,1
7047,1
7048,1
7049,2
7050,3
7051,1
7052,1
7053,2
7054,1
7055,3
7056,1
7057,2
7058,1
7059,1
7060,1
7061,1
7062,1
7063,2
7064,2
7065,1
7066,2
7067,1
7068,3
7069,3
7070,1
7071,4
7072,1
7073,3
7074,1
7075,2
7076,1
7077,1
7078,1
7079,1
7080,1
7081,1
7082,5
7083,1
7084,1
7085,1
7086,1
7087,2
7088,1
7089,1
7090,2
7091,3
7092,1
7093,2
7094,4
7095,1
7096,1
7097,4
7098,1
7099,1
7100,4
7101,1
7102,2
7103,2
7104,1
7105,1
7106,1
7107,5
7108,1
7109,1
7110,2
7111,2
7112,1
7113,3
7114,1
7115,2
7116,1
7117,1
7118,1
7119,1
7120,3
7121,2
7122,1
7123,3
7124,1
7125,1
7126,1
7127,1
7128,1
7129,1
7130,2
7131,2
7132,1
7133,3
7134,1
7135,1
7136,1
7137,2
7138,1
7139,1
7140,1
7141,1
7142,1
7143,1
7144,1
7145,2
7146,1
7147,1
7148,1
7149,1
7150,2
7151,3
7152,1
7153,1
7154,1
7155,1
7156,1
7157,2
7158,1
7159,1
7160,1
7161,1
7162,1
7163,1
7164,1
7165,1
7166,2
7167,1
7168,5
7169,1
7170,2
7171,1
7172,5
7173,1
7174,1
7175,1
7176,2
7177,2
7178,2
7179,1
7180,1
7181,1
7182,1
7183,1
7184,2
7185,1
7186,1
7187,5
7188,4
7189,1
7190,1
7191,1
7192,1
7193,1
7194,2
7195,1
7196,1
7197,1
7198,1
7199,2
7200,1
7201,2
7202,1
7203,2
7204,1
7205,1
7206,2
7207,1
7208,1
7209,1
7210,1
7211,1
7212,2
7213,1
7214,2
7215,2
7216,1
7217,2
7218,3
7219,1
7220,1
7221,1
7222,1
7223,1
7224,3
7225,1
7226,1
7227,5
7228,1
7229,1
7230,5
7231,1
7232,1
7233,1
7234,1
7235,1
7236,1
7237,1
7238,1
7239,1
7240,4
7241,1
7242,1
7243,1
7244,1
7245,1
7246,1
7247,1
7248,1
7249,5
7250,2
7251,2
7252,1
7253,2
7254,1
7255,4
7256,1
7257,1
7258,1
7259,2
7260,1
7261,1
7262,1
7263,1
7264,2
7265,1
7266,1
7267,1
7268,1
7269,1
7270,2
7271,1
7272,1
7273,2
7274,1
7275,1
7276,3
7277,1
7278,1
7279,1
7280,2
7281,1
7282,1
7283,2
7284,1
7285,3
7286,2
7287,2
7288,1
7289,2
7290,2
7291,1
7292,1
7293,1
7294,1
7295,1
7296,1
7297,1
7298,5
7299,1
7300,1
7301,1
7302,1
7303,1
7304,2
7305,1
7306,1
7307,1
7308,1
7309,2
7310,1
7311,3
7312,2
7313,1
7314,2
7315,4
7316,1
7317,2
7318,3
7319,1
7320,1
7321,1
7322,2
7323,2
7324,1
7325,1
7326,2
7327,1
7328,2
7329,1
7330,1
7331,1
7332,1
7333,1
7334,2
7335,2
7336,1
7337,1
7338,3
7339,2
7340,1
7341,1
7342,1
7343,1
7344,3
7345,2
7346,4
7347,1
7348,2
7349,2
7350,2
7351,2
7352,1
7353,1
7354,4
7355,1
7356,1
7357,1
7358,1
7359,1
7360,1
7361,1
7362,1
7363,2
7364,2
7365,1
7366,2
7367,1
7368,1
7369,1
7370,1
7371,1
7372,1
7373,1
7374,1
7375,1
7376,1
7377,2
7378,1
7379,1
7380,1
7381,1
7382,1
7383,2
7384,2
7385,1
7386,1
7387,1
7388,2
7389,1
7390,3
7391,1
7392,1
7393,2
7394,1
7395,1
7396,1
7397,1
7398,1
7399,1
7400,1
7401,1
7402,1
7403,1
7404,2
7405,1
7406,2
7407,1
7408,1
7409,1
7410,2
7411,1
7412,2
7413,1
7414,4
7415,1
7416,2
7417,3
7418,1
7419,1
7420,2
7421,1
7422,2
7423,1
7424,1
7425,2
7426,2
7427,1
7428,1
7429,2
7430,1
7431,2
7432,1
7433,1
7434,1
7435,1
7436,1
7437,2
7438,1
7439,2
7440,1
7441,1
7442,1
7443,1
7444,1
7445,1
7446,2
7447,5
7448,2
7449,1
7450,2
7451,1
7452,1
7453,4
7454,1
7455,1
7456,2
7457,3
7458,3
7459,1
7460,4
7461,1
7462,1
7463,1
7464,1
7465,1
7466,1
7467,1
7468,4
7469,2
7470,1
7471,3
7472,1
7473,1
7474,1
7475,2
7476,1
7477,1
7478,1
7479,1
7480,1
7481,1
7482,1
7483,1
7484,1
7485,4
7486,2
7487,1
7488,1
7489,2
7490,1
7491,1
7492,1
7493,2
7494,1
7495,2
7496,2
7497,1
7498,1
7499,1
7500,1
7501,1
7502,2
7503,1
7504,1
7505,2
7506,1
7507,1
7508,2
7509,1
7510,2
7511,2
7512,1
7513,1
7514,1
7515,3
7516,3
7517,1
7518,1
7519,5
7520,2
7521,2
7522,1
7523,1
7524,1
7525,1
7526,1
7527,1
7528,1
7529,1
7530,1
7531,3
7532,1
7533,1
7534,1
7535,1
7536,1
7537,1
7538,1
7539,2
7540,1
7541,1
7542,1
7543,1
7544,1
7545,1
7546,2
7547,1
7548,1
7549,1
7550,2
7551,3
7552,1
7553,1
7554,1
7555,2
7556,1
7557,2
7558,2
7559,1
7560,1
7561,3
7562,1
7563,1
7564,2
7565,5
7566,1
7567,1
7568,2
7569,2
7570,1
7571,2
7572,4
7573,1
7574,1
7575,1
7576,2
7577,1
7578,1
7579,1
7580,2
7581,1
7582,1
7583,5
7584,1
7585,1
7586,1
7587,1
7588,1
7589,2
7590,1
7591,1
7592,1
7593,3
7594,1
7595,1
7596,1
7597,1
7598,1
7599,1
7600,1
7601,1
7602,2
7603,1
7604,3
7605,3
7606,1
7607,1
7608,1
7609,4
7610,1
7611,1
7612,1
7613,1
7614,2
7615,2
7616,1
7617,1
7618,1
7619,1
7620,1
7621,1
7622,1
7623,1
7624,1
7625,1
7626,1
7627,3
7628,1
7629,1
7630,4
7631,1
7632,2
7633,2
7634,2
7635,1
7636,1
7637,1
7638,4
7639,2
7640,2
7641,1
7642,1
7643,1
7644,3
7645,1
7646,1
7647,1
7648,2
7649,3
7650,1
7651,1
7652,1
7653,1
7654,1
7655,3
7656,1
7657,1
7658,3
7659,1
7660,3
7661,1
7662,1
7663,1
7664,2
7665,1
7666,1
7667,1
7668,1
7669,1
7670,2
7671,1
7672,4
7673,2
7674,1
7675,1
7676,1
7677,1
7678,1
7679,2
7680,1
7681,1
7682,1
7683,2
7684,1
7685,3
7686,1
7687,1
7688,1
7689,2
7690,2
7691,4
7692,3
7693,1
7694,1
7695,1
7696,1
7697,1
7698,2
7699,1
7700,2
7701,1
7702,1
7703,1
7704,4
7705,1
7706,1
7707,1
7708,1
7709,1
7710,1
7711,1
7712,1
7713,1
7714,2
7715,1
7716,1
7717,3
7718,2
7719,2
7720,3
7721,1
7722,1
7723,1
7724,2
7725,3
7726,1
7727,1
7728,2
7729,1
7730,1
7731,1
7732,1
7733,2
7734,1
7735,1
7736,1
7737,2
7738,1
7739,1
7740,1
7741,4
7742,1
7743,1
7744,1
7745,1
7746,1
7747,2
7748,1
7749,1
7750,1
7751,2
7752,1
7753,1
7754,1
7755,1
7756,3
7757,1
7758,1
7759,1
7760,1
7761,1
7762,2
7763,1
7764,2
7765,2
7766,2
7767,1
7768,2
7769,1
7770,1
7771,1
7772,2
7773,1
7774,1
7775,5
7776,4
7777,1
7778,5
7779,1
7780,1
7781,1
7782,1
7783,1
7784,1
7785,1
7786,1
7787,1
7788,1
7789,1
7790,1
7791,1
7792,1
7793,1
7794,2
7795,3
7796,1
7797,1
7798,1
7799,1
7800,2
7801,1
7802,1
7803,1
7804,1
7805,1
7806,1
7807,1
7808,2
7809,1
7810,1
7811,1
7812,1
7813,2
7814,2
7815,1
7816,1
7817,2
7818,1
7819,1
7820,1
7821,5
7822,1
7823,1
7824,1
7825,1
7826,1
7827,4
7828,1
7829,1
7830,1
7831,2
7832,1
7833,2
7834,1
7835,3
7836,1
7837,1
7838,1
7839,1
7840,1
7841,1
7842,1
7843,1
7844,3
7845,2
7846,1
7847,1
7848,1
7849,1
7850,1
7851,2
7852,1
7853,4
7854,1
7855,3
7856,1
7857,1
7858,2
7859,1
7860,1
7861,2
7862,1
7863,1
7864,1
7865,2
7866,2
7867,5
7868,1
7869,2
7870,1
7871,1
7872,2
7873,1
7874,2
7875,1
7876,1
7877,3
7878,1
7879,3
7880,1
7881,1
7882,2
7883,1
7884,1
7885,1
7886,2
7887,3
7888,1
7889,1
7890,2
7891,1
7892,1
7893,1
7894,1
7895,2
7896,2
7897,2
7898,2
7899,3
7900,1
7901,1
7902,3
7903,1
7904,1
7905,1
7906,1
7907,1
7908,1
7909,1
7910,1
7911,1
7912,3
7913,1
7914,1
7915,2
7916,1
7917,2
7918,2
7919,2
7920,1
7921,1
7922,2
7923,2
7924,2
7925,1
7926,1
7927,2
7928,3
7929,1
7930,2
7931,1
7932,3
7933,1
7934,1
7935,1
7936,1
7937,1
7938,4
7939,2
7940,1
7941,1
7942,1
7943,1
7944,2
7945,1
7946,3
7947,2
7948,3
7949,1
7950,1
7951,1
7952,2
7953,3
7954,1
7955,5
7956,1
7957,2
7958,2
7959,1
7960,1
7961,5
7962,2
7963,1
7964,1
7965,1
7966,1
7967,2
7968,1
7969,3
7970,1
7971,1
7972,1
7973,1
7974,1
7975,2
7976,1
7977,2
7978,1
7979,1
7980,1
7981,1
7982,1
7983,1
7984,1
7985,1
7986,2
7987,2
7988,1
7989,2
7990,1
7991,1
7992,2
7993,1
7994,1
7995,1
7996,1
7997,1
7998,2
7999,1
8000,1
8001,1
8002,3
8003,1
8004,1
8005,1
8006,3
8007,1
8008,1
8009,1
8010,1
8011,1
8012,4
8013,1
8014,1
8015,1
8016,1
8017,1
8018,1
8019,1
8020,1
8021,2
8022,3
8023,1
8024,1
8025,1
8026,1
8027,1
8028,2
8029,1
8030,3
8031,1
8032,1
8033,1
8034,1
8035,1
8036,1
8037,1
8038,2
8039,2
8040,1
8041,1
8042,1
8043,1
8044,1
8045,1
8046,2
8047,1
8048,1
8049,2
8050,2
8051,1
8052,2
8053,1
8054,1
8055,1
8056,1
8057,1
8058,1
8059,2
8060,1
8061,1
8062,1
8063,4
8064,2
8065,2
8066,1
8067,1
8068,1
8069,1
8070,2
8071,1
8072,1
8073,1
8074,1
8075,1
8076,1
8077,1
8078,1
8079,1
8080,1
8081,1
8082,1
8083,1
8084,2
8085,1
8086,1
8087,1
8088,1
8089,1
8090,1
8091,2
8092,1
8093,2
8094,1
8095,1
8096,1
8097,1
8098,1
8099,1
8100,1
8101,1
8102,1
8103,2
8104,3
8105,1
8106,1
8107,1
8108,1
8109,5
8110,1
8111,1
8112,4
8113,1
8114,2
8115,1
8116,1
8117,1
8118,1
8119,1
8120,1
8121,1
8122,1
8123,1
8124,1
8125,1
8126,1
8127,1
8128,1
8129,1
8130,1
8131,1
8132,1
8133,1
8134,2
8135,1
8136,1
8137,1
8138,1
8139,1
8140,1
8141,3
8142,1
8143,2
8144,1
8145,1
8146,2
8147,2
8148,1
8149,1
8150,1
8151,1
8152,1
8153,1
8154,1
8155,1
8156,1
8157,3
8158,3
8159,1
8160,1
8161,3
8162,1
8163,1
8164,2
8165,1
8166,1
8167,1
8168,4
8169,1
8170,2
8171,1
8172,1
8173,1
8174,2
8175,1
8176,1
8177,2
8178,1
8179,1
8180,1
8181,1
8182,1
8183,3
8184,1
8185,3
8186,1
8187,1
8188,1
8189,1
8190,1
8191,1
8192,1
8193,1
8194,2
8195,1
8196,1
8197,1
8198,1
8199,2
8200,1
8201,1
8202,2
8203,1
8204,3
8205,2
8206,1
8207,2
8208,1
8209,1
8210,2
8211,1
8212,1
8213,1
8214,1
8215,1
8216,1
8217,1
8218,3
8219,2
8220,1
8221,2
8222,1
8223,1
8224,1
8225,1
8226,2
8227,1
8228,2
8229,2
8230,1
8231,1
8232,1
8233,1
8234,1
8235,1
8236,1
8237,2
8238,1
8239,1
8240,2
8241,1
8242,1
8243,1
8244,3
8245,1
8246,2
8247,1
8248,2
8249,2
8250,1
8251,1
8252,3
8253,1
8254,1
8255,1
8256,1
8257,1
8258,1
8259,2
8260,1
8261,3
8262,1
8263,1
8264,1
8265,2
8266,2
8267,1
8268,1
8269,1
8270,3
8271,1
8272,1
8273,1
8274,3
8275,1
8276,1
8277,1
8278,2
8279,1
8280,3
8281,1
8282,1
8283,1
8284,1
8285,2
8286,2
8287,1
8288,5
8289,2
8290,2
8291,1
8292,1
8293,2
8294,2
8295,1
8296,1
8297,1
8298,1
8299,1
8300,1
8301,3
8302,2
8303,1
8304,4
8305,1
8306,2
8307,1
8308,1
8309,1
8310,1
8311,1
8312,2
8313,1
8314,2
8315,1
8316,3
8317,1
8318,1
8319,1
8320,1
8321,1
8322,1
8323,1
8324,3
8325,3
8326,1
8327,2
8328,1
8329,1
8330,1
8331,2
8332,1
8333,3
8334,1
8335,2
8336,1
8337,1
8338,2
8339,1
8340,1
8341,1
8342,1
8343,5
8344,1
8345,5
8346,1
8347,2
8348,1
8349,1
8350,1
8351,1
8352,1
8353,1
8354,1
8355,1
8356,1
8357,2
8358,3
8359,1
8360,1
8361,1
8362,1
8363,1
8364,1
8365,1
8366,1
8367,1
8368,1
8369,1
8370,2
8371,1
8372,1
8373,1
8374,1
8375,2
8376,1
8377,1
8378,1
8379,1
8380,1
8381,1
8382,1
8383,1
8384,1
8385,2
8386,1
8387,2
8388,1
8389,2
8390,3
8391,1
8392,2
8393,1
8394,1
8395,1
8396,1
8397,2
8398,1
8399,2
8400,1
8401,1
8402,2
8403,1
8404,1
8405,3
8406,1
8407,2
8408,3
8409,1
8410,1
8411,1
8412,2
8413,1
8414,1
8415,1
8416,1
8417,1
8418,1
8419,1
8420,1
8421,1
8422,2
8423,2
8424,1
8425,1
8426,3
8427,2
8428,2
8429,4
8430,2
8431,3
8432,1
8433,1
8434,1
8435,2
8436,4
8437,1
8438,3
8439,3
8440,1
8441,1
8442,2
8443,1
8444,1
8445,1
8446,3
8447,1
8448,1
8449,1
8450,1
8451,1
8452,2
8453,1
8454,1
8455,1
8456,1
8457,2
8458,1
8459,2
8460,2
8461,3
8462,5
8463,2
8464,3
8465,1
8466,2
8467,1
8468,1
8469,1
8470,1
8471,3
8472,2
8473,1
8474,1
8475,1
8476,1
8477,1
8478,1
8479,1
8480,1
8481,1
8482,1
8483,1
8484,1
8485,1
8486,1
8487,2
8488,1
8489,1
8490,1
8491,1
8492,1
8493,1
8494,1
8495,1
8496,2
8497,1
8498,1
8499,1
8500,1
8501,1
8502,2
8503,1
8504,3
8505,1
8506,3
8507,2
8508,1
8509,2
8510,1
8511,1
8512,1
8513,1
8514,1
8515,1
8516,1
8517,2
8518,1
8519,1
8520,1
8521,3
8522,2
8523,2
8524,2
8525,2
8526,1
8527,1
8528,1
8529,1
8530,1
8531,1
8532,1
8533,1
8534,1
8535,1
8536,1
8537,2
8538,1
8539,1
8540,1
8541,1
8542,2
8543,2
8544,1
8545,2
8546,2
8547,1
8548,2
8549,1
8550,1
8551,1
8552,1
8553,2
8554,2
8555,2
8556,1
8557,1
8558,1
8559,1
8560,1
8561,1
8562,4
8563,1
8564,1
8565,2
8566,1
8567,1
8568,1
8569,1
8570,2
8571,1
8572,2
8573,1
8574,1
8575,1
8576,1
8577,1
8578,2
8579,4
8580,1
8581,1
8582,2
8583,2
8584,1
8585,1
8586,1
8587,1
8588,1
8589,2
8590,1
8591,1
8592,1
8593,1
8594,1
8595,2
8596,1
8597,1
8598,1
8599,1
8600,1
8601,4
8602,1
8603,1
8604,1
8605,1
8606,2
8607,1
8608,1
8609,1
8610,2
8611,1
8612,1
8613,1
8614,2
8615,1
8616,1
8617,1
8618,1
8619,1
8620,1
8621,5
8622,1
8623,1
8624,1
8625,1
8626,1
8627,1
8628,1
8629,1
8630,1
8631,1
8632,1
8633,5
8634,1
8635,1
8636,4
8637,1
8638,1
8639,1
8640,1
8641,5
8642,1
8643,1
8644,2
8645,2
8646,1
8647,1
8648,1
8649,1
8650,1
8651,1
8652,1
8653,1
8654,1
8655,1
8656,2
8657,1
8658,1
8659,2
8660,1
8661,1
8662,1
8663,1
8664,2
8665,1
8666,2
8667,1
8668,1
8669,5
8670,1
8671,1
8672,1
8673,1
8674,1
8675,1
8676,2
8677,1
8678,1
8679,1
8680,1
8681,1
8682,1
8683,1
8684,1
8685,2
8686,1
8687,1
8688,4
8689,1
8690,1
8691,1
8692,1
8693,4
8694,2
8695,1
8696,1
8697,1
8698,1
8699,1
8700,3
8701,1
8702,1
8703,2
8704,1
8705,1
8706,1
8707,1
8708,1
8709,1
8710,1
8711,1
8712,1
8713,1
8714,1
8715,1
8716,1
8717,1
8718,1
8719,2
8720,1
8721,1
8722,1
8723,1
8724,3
8725,1
8726,1
8727,1
8728,2
8729,1
8730,1
8731,1
8732,1
8733,1
8734,1
8735,2
8736,1
8737,1
8738,1
8739,3
8740,1
8741,4
8742,1
8743,1
8744,3
8745,2
8746,1
8747,1
8748,1
8749,2
8750,1
8751,1
8752,1
8753,1
8754,1
8755,1
8756,1
8757,2
8758,1
8759,1
8760,2
8761,1
8762,1
8763,1
8764,2
8765,2
8766,1
8767,2
8768,1
8769,2
8770,1
8771,1
8772,1
8773,2
8774,1
8775,2
8776,1
8777,1
8778,1
8779,1
8780,1
8781,2
8782,1
8783,1
8784,2
8785,1
8786,1
8787,1
8788,1
8789,1
8790,1
8791,1
8792,2
8793,1
8794,1
8795,2
8796,1
8797,1
8798,1
8799,1
8800,2
8801,1
8802,1
8803,1
8804,1
8805,2
8806,1
8807,1
8808,2
8809,1
8810,5
8811,1
8812,3
8813,1
8814,1
8815,1
8816,2
8817,1
8818,1
8819,2
8820,1
8821,3
8822,1
8823,1
8824,1
8825,1
8826,1
8827,1
8828,1
8829,2
8830,1
8831,1
8832,1
8833,1
8834,1
8835,2
8836,1
8837,1
8838,1
8839,1
8840,1
8841,3
8842,2
8843,1
8844,5
8845,2
8846,1
8847,2
8848,1
8849,1
8850,1
8851,1
8852,1
8853,1
8854,2
8855,2
8856,3
8857,2
8858,1
8859,1
8860,1
8861,1
8862,1
8863,1
8864,1
8865,1
8866,1
8867,1
8868,1
8869,2
8870,1
8871,5
8872,2
8873,1
8874,3
8875,1
8876,1
8877,1
8878,1
8879,1
8880,2
8881,1
8882,2
8883,3
8884,1
8885,1
8886,1
8887,1
8888,1
8889,1
8890,1
8891,1
8892,1
8893,1
8894,2
8895,2
8896,2
8897,4
8898,1
8899,5
8900,1
8901,2
8902,1
8903,3
8904,1
8905,2
8906,1
8907,1
8908,4
8909,2
8910,3
8911,1
8912,1
8913,2
8914,1
8915,1
8916,3
8917,2
8918,1
8919,3
8920,1
8921,3
8922,2
8923,1
8924,1
8925,1
8926,1
8927,1
8928,1
8929,2
8930,1
8931,1
8932,1
8933,1
8934,1
8935,1
8936,1
8937,2
8938,1
8939,1
8940,1
8941,1
8942,1
8943,1
8944,1
8945,1
8946,1
8947,1
8948,1
8949,1
8950,1
8951,1
8952,1
8953,1
8954,1
8955,1
8956,1
8957,3
8958,1
8959,1
8960,1
8961,1
8962,1
8963,3
8964,1
8965,1
8966,1
8967,2
8968,1
8969,5
8970,1
8971,1
8972,2
8973,2
8974,2
8975,1
8976,1
8977,1
8978,1
8979,1
8980,1
8981,1
8982,1
8983,1
8984,1
8985,2
8986,1
8987,1
8988,2
8989,2
8990,1
8991,1
8992,1
8993,1
8994,1
8995,1
8996,1
8997,1
8998,2
8999,1
9000,1
9001,2
9002,1
9003,1
9004,1
9005,3
9006,1
9007,1
9008,3
9009,2
9010,1
9011,1
9012,2
9013,3
9014,1
9015,1
9016,1
9017,1
9018,2
9019,1
9020,1
9021,1
9022,1
9023,1
9024,1
9025,1
9026,1
9027,1
9028,2
9029,1
9030,1
9031,1
9032,1
9033,1
9034,1
9035,2
9036,2
9037,1
9038,2
9039,3
9040,1
9041,2
9042,1
9043,1
9044,1
9045,1
9046,4
9047,1
9048,1
9049,2
9050,1
9051,1
9052,1
9053,3
9054,2
9055,1
9056,1
9057,1
9058,1
9059,1
9060,2
9061,1
9062,1
9063,1
9064,1
9065,1
9066,1
9067,1
9068,2
9069,1
9070,1
9071,1
9072,1
9073,1
9074,3
9075,3
9076,1
9077,3
9078,1
9079,2
9080,1
9081,1
9082,2
9083,1
9084,1
9085,1
9086,2
9087,2
9088,1
9089,2
9090,4
9091,2
9092,2
9093,1
9094,1
9095,1
9096,2
9097,1
9098,1
9099,1
9100,1
9101,1
9102,4
9103,2
9104,1
9105,2
9106,1
9107,1
9108,1
9109,1
9110,2
9111,1
9112,1
9113,1
9114,1
9115,1
9116,1
9117,2
9118,1
9119,1
9120,1
9121,1
9122,1
9123,1
9124,1
9125,2
9126,1
9127,1
9128,1
9129,1
9130,1
9131,1
9132,2
9133,1
9134,1
9135,2
9136,3
9137,2
9138,1
9139,1
9140,1
9141,2
9142,1
9143,1
9144,1
9145,1
9146,1
9147,1
9148,1
9149,1
9150,3
9151,1
9152,2
9153,1
9154,2
9155,1
9156,1
9157,1
9158,2
9159,2
9160,3
9161,1
9162,1
9163,4
9164,2
9165,1
9166,1
9167,1
9168,1
9169,1
9170,1
9171,2
9172,1
9173,1
9174,1
9175,1
9176,2
9177,1
9178,2
9179,1
9180,2
9181,1
9182,4
9183,1
9184,1
9185,1
9186,1
9187,1
9188,1
9189,1
9190,2
9191,3
9192,1
9193,1
9194,1
9195,1
9196,1
9197,2
9198,1
9199,1
9200,1
9201,5
9202,1
9203,2
9204,1
9205,1
9206,3
9207,2
9208,1
9209,1
9210,1
9211,1
9212,2
9213,1
9214,2
9215,3
9216,1
9217,1
9218,1
9219,2
9220,1
9221,1
9222,1
9223,1
9224,1
9225,3
9226,1
9227,1
9228,1
9229,1
9230,1
9231,1
9232,2
9233,1
9234,1
9235,1
9236,1
9237,1
9238,1
9239,2
9240,1
9241,5
9242,3
9243,1
9244,2
9245,1
9246,1
9247,1
9248,1
9249,1
9250,1
9251,1
9252,3
9253,3
9254,1
9255,1
9256,3
9257,2
9258,1
9259,4
9260,1
9261,1
9262,2
9263,1
9264,1
9265,1
9266,1
9267,1
9268,1
9269,1
9270,2
9271,2
9272,1
9273,1
9274,1
9275,3
9276,1
9277,1
9278,1
9279,1
9280,1
9281,1
9282,2
9283,1
9284,2
9285,1
9286,1
9287,1
9288,3
9289,1
9290,1
9291,1
9292,1
9293,1
9294,1
9295,1
9296,1
9297,1
9298,2
9299,2
9300,1
9301,1
9302,1
9303,1
9304,2
9305,1
9306,1
9307,5
9308,1
9309,2
9310,1
9311,1
9312,1
9313,1
9314,4
9315,2
9316,1
9317,2
9318,2
9319,1
9320,1
9321,1
9322,1
9323,1
9324,2
9325,1
9326,1
9327,3
9328,1
9329,1
9330,2
9331,3
9332,2
9333,2
9334,1
9335,1
9336,1
9337,1
9338,1
9339,2
9340,1
9341,1
9342,1
9343,1
9344,1
9345,2
9346,1
9347,1
9348,1
9349,1
9350,2
9351,2
9352,1
9353,1
9354,1
9355,2
9356,1
9357,2
9358,1
9359,1
9360,1
9361,1
9362,1
9363,3
9364,1
9365,1
9366,2
9367,3
9368,1
9369,1
9370,2
9371,1
9372,2
9373,1
9374,1
9375,1
9376,3
9377,1
9378,1
9379,2
9380,1
9381,1
9382,1
9383,1
9384,2
9385,3
9386,1
9387,2
9388,3
9389,1
9390,2
9391,2
9392,1
9393,1
9394,1
9395,1
9396,1
9397,1
9398,1
9399,1
9400,1
9401,1
9402,2
9403,1
9404,1
9405,1
9406,2
9407,1
9408,1
9409,2
9410,1
9411,1
9412,3
9413,1
9414,1
9415,1
9416,1
9417,1
9418,2
9419,1
9420,1
9421,1
9422,1
9423,1
9424,1
9425,1
9426,1
9427,1
9428,1
9429,1
9430,1
9431,1
9432,1
9433,1
9434,2
9435,1
9436,1
9437,1
9438,1
9439,2
9440,1
9441,1
9442,1
9443,1
9444,1
9445,1
9446,2
9447,2
9448,1
9449,2
9450,1
9451,1
9452,1
9453,1
9454,1
9455,1
9456,1
9457,1
9458,1
9459,3
9460,1
9461,1
9462,2
9463,3
9464,2
9465,3
9466,2
9467,1
9468,4
9469,1
9470,3
9471,3
9472,1
9473,1
9474,2
9475,1
9476,1
9477,1
9478,1
9479,2
9480,1
9481,2
9482,1
9483,2
9484,3
9485,1
9486,2
9487,2
9488,3
9489,1
9490,1
9491,1
9492,1
9493,1
9494,2
9495,3
9496,1
9497,1
9498,1
9499,1
9500,1
9501,1
9502,1
9503,1
9504,2
9505,2
9506,1
9507,1
9508,3
9509,1
9510,4
9511,3
9512,1
9513,1
9514,1
9515,1
9516,1
9517,1
9518,1
9519,1
9520,1
9521,1
9522,1
9523,1
9524,1
9525,3
9526,4
9527,1
9528,1
9529,1
9530,2
9531,2
9532,1
9533,1
9534,1
9535,2
9536,2
9537,1
9538,1
9539,4
9540,1
9541,3
9542,2
9543,1
9544,1
9545,1
9546,2
9547,1
9548,1
9549,1
9550,1
9551,1
9552,1
9553,2
9554,1
9555,2
9556,1
9557,1
9558,1
9559,1
9560,1
9561,1
9562,1
9563,2
9564,1
9565,1
9566,1
9567,1
9568,1
9569,2
9570,1
9571,1
9572,1
9573,2
9574,1
9575,2
9576,1
9577,1
9578,1
9579,1
9580,4
9581,1
9582,2
9583,2
9584,2
9585,1
9586,2
9587,1
9588,1
9589,1
9590,1
9591,1
9592,1
9593,1
9594,1
9595,1
9596,1
9597,1
9598,1
9599,1
9600,1
9601,1
9602,3
9603,4
9604,1
9605,1
9606,2
9607,1
9608,3
9609,2
9610,2
9611,2
9612,1
9613,2
9614,1
9615,2
9616,5
9617,2
9618,2
9619,1
9620,1
9621,1
9622,3
9623,1
9624,1
9625,1
9626,2
9627,2
9628,2
9629,1
9630,1
9631,1
9632,1
9633,1
9634,1
9635,2
9636,4
9637,1
9638,1
9639,1
9640,2
9641,1
9642,1
9643,2
9644,1
9645,1
9646,1
9647,2
9648,1
9649,1
9650,1
9651,2
9652,1
9653,2
9654,1
9655,2
9656,2
9657,1
9658,1
9659,1
9660,1
9661,1
9662,1
9663,1
9664,2
9665,1
9666,4
9667,1
9668,2
9669,1
9670,1
9671,1
9672,1
9673,1
9674,1
9675,1
9676,1
9677,1
9678,5
9679,2
9680,2
9681,1
9682,1
9683,1
9684,1
9685,1
9686,1
9687,1
9688,1
9689,1
9690,2
9691,1
9692,1
9693,2
9694,3
9695,1
9696,5
9697,1
9698,1
9699,1
9700,1
9701,2
9702,1
9703,1
9704,1
9705,3
9706,2
9707,1
9708,1
9709,1
9710,1
9711,1
9712,1
9713,1
9714,3
9715,1
9716,1
9717,1
9718,2
9719,2
9720,1
9721,1
9722,1
9723,1
9724,1
9725,3
9726,1
9727,1
9728,2
9729,2
9730,1
9731,1
9732,1
9733,1
9734,1
9735,2
9736,5
9737,5
9738,1
9739,1
9740,1
9741,1
9742,1
9743,1
9744,1
9745,1
9746,2
9747,1
9748,1
9749,3
9750,2
9751,1
9752,3
9753,1
9754,2
9755,3
9756,1
9757,1
9758,1
9759,1
9760,1
9761,2
9762,1
9763,3
9764,1
9765,4
9766,1
9767,2
9768,3
9769,3
9770,1
9771,1
9772,2
9773,1
9774,1
9775,1
9776,1
9777,3
9778,1
9779,1
9780,1
9781,1
9782,1
9783,2
9784,4
9785,2
