dataset,frame_id,epsilon_strict,min_support_strict,inlier_ratio_strict,residual_strict,epsilon_standard,min_support_standard,inlier_ratio_standard,residual_standard,epsilon_loose,min_support_loose,inlier_ratio_loose,residual_loose,winner
Office,000000_lcam_front_lidar.ply,0.10002,799,0.05055,0.0006,0.15001,500,0.0182,0.00147,0.25,200,0.00143,0.00074,strict
Office,000001_lcam_front_lidar.ply,0.10002,799,0.05015,0.00061,0.15001,500,0.01434,0.00045,0.25,200,0.00075,0.00048,strict
Office,000002_lcam_front_lidar.ply,0.10002,799,0.05066,0.00055,0.15001,500,0.01419,0.00047,0.25,200,0.26907,0.14812,loose
Office,000003_lcam_front_lidar.ply,0.10002,799,0.05029,0.00058,0.15001,500,0.01452,0.00042,0.25,200,0.00067,0.00043,strict
Office,000004_lcam_front_lidar.ply,0.10002,799,0.05015,0.00051,0.15001,500,0.01471,0.00041,0.25,200,0.0014,0.00069,strict
Office,000005_lcam_front_lidar.ply,0.10002,799,0.05022,0.00051,0.15001,500,0.01486,0.00043,0.25,200,0.00157,0.00388,strict
Office,000006_lcam_front_lidar.ply,0.10002,799,0.05001,0.00051,0.15001,500,0.01494,0.00034,0.25,200,0.00121,0.00236,strict
Office,000007_lcam_front_lidar.ply,0.10002,799,0.04989,0.00071,0.15001,500,0.01508,0.00035,0.25,200,0.00061,0.00012,strict
Office,000008_lcam_front_lidar.ply,0.10002,799,0.05022,0.0004,0.15001,500,0.2026,0.03723,0.25,200,0.01987,0.103,standard
Office,000009_lcam_front_lidar.ply,0.10002,799,0.05032,0.00046,0.15001,500,0.01538,0.00038,0.25,200,0.00044,0.0002,strict
Office,000010_lcam_front_lidar.ply,0.10002,799,0.05128,0.01378,0.15001,500,0.01556,0.00055,0.25,200,0.019,0.09772,strict
Office,000011_lcam_front_lidar.ply,0.10002,799,0.05034,0.00058,0.15001,500,0.01754,0.00053,0.25,200,0.2164,0.09527,loose
Office,000012_lcam_front_lidar.ply,0.10002,799,0.05056,0.00062,0.15001,500,0.10677,0.0347,0.25,200,0.00136,0.00197,standard
Office,000013_lcam_front_lidar.ply,0.10002,799,0.05083,0.0006,0.15001,500,0.01599,0.00061,0.25,200,0.00112,0.00132,strict
Office,000014_lcam_front_lidar.ply,0.10002,799,0.05081,0.00073,0.15001,500,0.10672,0.03098,0.25,200,0.21268,0.07666,loose
Office,000015_lcam_front_lidar.ply,0.10002,799,0.04593,0.00046,0.15001,500,0.06585,0.01956,0.25,200,0.01876,0.08613,standard
Office,000016_lcam_front_lidar.ply,0.10002,799,0.04693,0.00058,0.15001,500,0.10677,0.0288,0.25,200,0.21608,0.09162,loose
Office,000017_lcam_front_lidar.ply,0.10002,799,0.01653,0.0006,0.15001,500,0.04648,0.00049,0.25,200,0.00493,0.00503,standard
Office,000018_lcam_front_lidar.ply,0.10002,799,0.04573,0.00056,0.15001,500,0.04641,0.00055,0.25,200,0.01841,0.06239,standard
Office,000019_lcam_front_lidar.ply,0.10002,799,0.01662,0.00053,0.15001,500,0.04674,0.00065,0.25,200,0.21207,0.07368,loose
Office,000020_lcam_front_lidar.ply,0.10002,799,0.04651,0.00063,0.15001,500,0.0467,0.00063,0.25,200,0.00602,0.04994,standard
Office,000021_lcam_front_lidar.ply,0.10002,799,0.04535,0.00061,0.15001,500,0.04579,0.0006,0.25,200,0.20976,0.07074,loose
Office,000022_lcam_front_lidar.ply,0.10002,799,0.04525,0.00061,0.15001,500,0.04535,0.0006,0.25,200,0.20952,0.07238,loose
Office,000023_lcam_front_lidar.ply,0.10002,799,0.04506,0.00054,0.15001,500,0.04589,0.00054,0.25,200,0.21168,0.07706,loose
Office,000024_lcam_front_lidar.ply,0.10002,799,0.04504,0.00061,0.15001,500,0.10744,0.04104,0.25,200,0.00088,0.00117,standard
Office,000025_lcam_front_lidar.ply,0.10002,799,0.04493,0.00053,0.15001,500,0.10725,0.0414,0.25,200,0.00069,0.00072,standard
Office,000026_lcam_front_lidar.ply,0.10002,799,0.04513,0.00048,0.15001,500,0.04517,0.00048,0.25,200,0.21519,0.10108,loose
Office,000027_lcam_front_lidar.ply,0.10002,799,0.04588,0.00047,0.15001,500,0.04605,0.00047,0.25,200,0.21497,0.09335,loose
Office,000028_lcam_front_lidar.ply,0.10002,799,0.04594,0.0005,0.15001,500,0.10663,0.04325,0.25,200,0.00149,0.00483,standard
Office,000029_lcam_front_lidar.ply,0.10002,799,0.0462,0.00043,0.15001,500,0.10645,0.0421,0.25,200,0.00126,0.00177,standard
Office,000030_lcam_front_lidar.ply,0.10002,799,0.04461,0.00049,0.15001,500,0.01402,0.00092,0.25,200,0.21879,0.11191,loose
Office,000031_lcam_front_lidar.ply,0.10002,799,0.04457,0.00049,0.15001,500,0.10516,0.03487,0.25,200,0.00068,0.00104,standard
Office,000032_lcam_front_lidar.ply,0.10002,799,0.04465,0.00043,0.15001,500,0.10421,0.03036,0.25,200,0.0022,0.00841,standard
Office,000033_lcam_front_lidar.ply,0.10002,799,0.04446,0.00046,0.15001,500,0.10404,0.02814,0.25,200,0.21204,0.09326,loose
Office,000034_lcam_front_lidar.ply,0.10002,799,0.04456,0.00049,0.15001,500,0.00744,0.00051,0.25,200,0.00125,0.00116,strict
Office,000035_lcam_front_lidar.ply,0.10002,799,0.04446,0.00052,0.15001,500,0.01763,0.00041,0.25,200,0.21411,0.10913,loose
Office,000036_lcam_front_lidar.ply,0.10002,799,0.0445,0.00043,0.15001,500,0.01761,0.00038,0.25,200,0.00231,0.00389,strict
Office,000037_lcam_front_lidar.ply,0.10002,799,0.04425,0.00037,0.15001,500,0.00169,0.0043,0.25,200,0.20954,0.08926,loose
Office,000038_lcam_front_lidar.ply,0.10002,799,0.04425,0.00044,0.15001,500,0.10531,0.04461,0.25,200,0.00098,0.00205,standard
Office,000039_lcam_front_lidar.ply,0.10002,799,0.04418,0.00035,0.15001,500,0.01778,0.00036,0.25,200,0.01516,0.02998,strict
Office,000040_lcam_front_lidar.ply,0.10002,799,0.04913,0.00063,0.15001,500,0.09972,0.01845,0.25,200,0.01439,0.00119,standard
Office,000041_lcam_front_lidar.ply,0.10002,799,0.04891,0.00059,0.15001,500,0.01794,0.00032,0.25,200,0.00073,0.00115,strict
Office,000042_lcam_front_lidar.ply,0.10002,799,0.0489,0.00054,0.15001,500,0.07017,0.01814,0.25,200,0.00063,0.00055,standard
Office,000043_lcam_front_lidar.ply,0.10002,799,0.04886,0.00054,0.15001,500,0.01825,0.00033,0.25,200,0.00049,0.00052,strict
Office,000044_lcam_front_lidar.ply,0.10002,799,0.01926,0.00385,0.15001,500,0.01837,0.00034,0.25,200,0.00359,0.00515,strict
Office,000045_lcam_front_lidar.ply,0.10002,799,0.0489,0.00046,0.15001,500,0.0186,0.00041,0.25,200,0.00211,0.00286,strict
Office,000046_lcam_front_lidar.ply,0.10002,799,0.05024,0.0113,0.15001,500,0.01265,0.00066,0.25,200,0.0012,0.00145,strict
Office,000047_lcam_front_lidar.ply,0.10002,799,0.05073,0.0093,0.15001,500,0.01287,0.00067,0.25,200,0.00133,0.00287,strict
Office,000048_lcam_front_lidar.ply,0.10002,799,0.09864,0.01551,0.15001,500,0.01906,0.00045,0.25,200,0.00184,0.00289,strict
Office,000049_lcam_front_lidar.ply,0.10002,799,0.04945,0.00067,0.15001,500,0.01931,0.00067,0.25,200,0.01365,0.00815,strict
Office,000050_lcam_front_lidar.ply,0.10002,799,0.04976,0.00051,0.15001,500,0.01311,0.00064,0.25,200,0.00064,0.00032,strict
Office,000051_lcam_front_lidar.ply,0.10002,799,0.04989,0.00052,0.15001,500,0.01967,0.00051,0.25,200,0.00146,0.00322,strict
Office,000052_lcam_front_lidar.ply,0.10002,799,0.05004,0.00047,0.15001,500,0.10007,0.00061,0.25,200,0.00254,0.00045,standard
Office,000053_lcam_front_lidar.ply,0.10002,799,0.05003,0.00046,0.15001,500,0.02003,0.00051,0.25,200,0.00087,0.0013,strict
Office,000054_lcam_front_lidar.ply,0.10002,799,0.05035,0.00046,0.15001,500,0.10044,0.00059,0.25,200,0.00236,0.00247,standard
Office,000055_lcam_front_lidar.ply,0.10002,799,0.05019,0.00048,0.15001,500,0.17792,0.02444,0.25,200,0.27933,0.14041,loose
Office,000056_lcam_front_lidar.ply,0.10002,799,0.0503,0.00051,0.15001,500,0.15393,0.01909,0.25,200,0.30402,0.19825,loose
Office,000057_lcam_front_lidar.ply,0.10002,799,0.05044,0.0006,0.15001,500,0.01337,0.05314,0.25,200,0.00052,0.00029,strict
Office,000058_lcam_front_lidar.ply,0.10002,799,0.05038,0.00065,0.15001,500,0.15471,0.01907,0.25,200,0.01032,0.08602,standard
Office,000059_lcam_front_lidar.ply,0.10002,799,0.05047,0.02645,0.15001,500,0.16146,0.04096,0.25,200,0.0015,0.00203,standard
Office,000060_lcam_front_lidar.ply,0.10002,799,0.10314,0.02069,0.15001,500,0.0505,0.02607,0.25,200,0.01055,0.08455,strict
Office,000061_lcam_front_lidar.ply,0.10002,799,0.04922,0.02588,0.15001,500,0.01378,0.00992,0.25,200,0.00121,0.0016,strict
Office,000062_lcam_front_lidar.ply,0.10002,799,0.05042,0.02567,0.15001,500,0.05053,0.02562,0.25,200,0.0039,0.00269,standard
Office,000063_lcam_front_lidar.ply,0.10002,799,0.05229,0.01265,0.15001,500,0.04948,0.02536,0.25,200,0.29219,0.16032,loose
Office,000064_lcam_front_lidar.ply,0.10002,799,0.05233,0.01382,0.15001,500,0.05118,0.0276,0.25,200,0.00119,0.00157,strict
Office,000065_lcam_front_lidar.ply,0.10002,799,0.05249,0.01436,0.15001,500,0.05092,0.02655,0.25,200,0.2143,0.10207,loose
Office,000066_lcam_front_lidar.ply,0.10002,799,0.05254,0.0154,0.15001,500,0.01381,0.00825,0.25,200,0.01205,0.06833,strict
Office,000067_lcam_front_lidar.ply,0.10002,799,0.0525,0.01649,0.15001,500,0.0136,0.00671,0.25,200,0.00119,0.00157,strict
Office,000068_lcam_front_lidar.ply,0.10002,799,0.05243,0.01745,0.15001,500,0.00904,0.0132,0.25,200,0.00063,0.00014,strict
Office,000069_lcam_front_lidar.ply,0.10002,799,0.04813,0.01814,0.15001,500,0.11087,0.02968,0.25,200,0.00115,0.00144,standard
Office,000070_lcam_front_lidar.ply,0.10002,799,0.05262,0.01904,0.15001,500,0.05107,0.02611,0.25,200,0.01427,0.07348,strict
Office,000071_lcam_front_lidar.ply,0.10002,799,0.04848,0.01844,0.15001,500,0.11074,0.02997,0.25,200,0.01188,0.0955,standard
Office,000072_lcam_front_lidar.ply,0.10002,799,0.04669,0.00039,0.15001,500,0.11157,0.02988,0.25,200,0.00117,0.00151,standard
Office,000073_lcam_front_lidar.ply,0.10002,799,0.04828,0.0171,0.15001,500,0.11242,0.0345,0.25,200,0.01265,0.11926,standard
Office,000074_lcam_front_lidar.ply,0.10002,799,0.01979,0.01153,0.15001,500,0.11218,0.0374,0.25,200,0.00081,0.00096,standard
Office,000075_lcam_front_lidar.ply,0.10002,799,0.04789,0.01884,0.15001,500,0.04841,0.02217,0.25,200,0.00979,0.08954,standard
Office,000076_lcam_front_lidar.ply,0.10002,799,0.01951,0.00764,0.15001,500,0.11257,0.0397,0.25,200,0.00083,0.00059,standard
Office,000077_lcam_front_lidar.ply,0.10002,799,0.10845,0.01727,0.15001,500,0.11122,0.03386,0.25,200,0.00058,0.00023,standard
Office,000078_lcam_front_lidar.ply,0.10002,799,0.10845,0.01567,0.15001,500,0.11125,0.0316,0.25,200,0.0112,0.06985,standard
Office,000079_lcam_front_lidar.ply,0.10002,799,0.04763,0.01732,0.15001,500,0.01071,0.00874,0.25,200,0.0038,0.00287,strict
Office,000080_lcam_front_lidar.ply,0.10002,799,0.04846,0.01847,0.15001,500,0.11095,0.03008,0.25,200,0.002,0.00382,standard
Office,000081_lcam_front_lidar.ply,0.10002,799,0.10834,0.01371,0.15001,500,0.01067,0.00938,0.25,200,0.0018,0.00255,strict
Office,000082_lcam_front_lidar.ply,0.10002,799,0.01923,0.00155,0.15001,500,0.11072,0.0298,0.25,200,0.01301,0.04777,standard
Office,000083_lcam_front_lidar.ply,0.10002,799,0.10812,0.01335,0.15001,500,0.1109,0.02917,0.25,200,0.00112,0.00118,standard
Office,000084_lcam_front_lidar.ply,0.10002,799,0.1084,0.01597,0.15001,500,0.01209,0.00099,0.25,200,0.01106,0.07489,strict
Office,000085_lcam_front_lidar.ply,0.10002,799,0.10907,0.01674,0.15001,500,0.01198,0.00068,0.25,200,0.01097,0.0764,strict
Office,000086_lcam_front_lidar.ply,0.10002,799,0.1093,0.01603,0.15001,500,0.01183,0.00084,0.25,200,0.00107,0.00133,strict
Office,000087_lcam_front_lidar.ply,0.10002,799,0.07133,0.04082,0.15001,500,0.11316,0.04102,0.25,200,0.00332,0.00865,standard
Office,000088_lcam_front_lidar.ply,0.10002,799,0.05188,0.01411,0.15001,500,0.0033,0.00324,0.25,200,0.00322,0.00761,strict
Office,000089_lcam_front_lidar.ply,0.10002,799,0.05197,0.01251,0.15001,500,0.01153,0.00102,0.25,200,0.00314,0.00266,strict
Office,000090_lcam_front_lidar.ply,0.10002,799,0.05251,0.01144,0.15001,500,0.01149,0.00094,0.25,200,0.00296,0.00375,strict
Office,000091_lcam_front_lidar.ply,0.10002,799,0.05265,0.00942,0.15001,500,0.00178,0.00071,0.25,200,0.00053,0.00032,strict
Office,000092_lcam_front_lidar.ply,0.10002,799,0.10999,0.01859,0.15001,500,0.01006,0.00256,0.25,200,0.00267,0.00279,strict
Office,000093_lcam_front_lidar.ply,0.10002,799,0.13864,0.04589,0.15001,500,0.00244,0.00136,0.25,200,0.00181,0.00305,strict
Office,000094_lcam_front_lidar.ply,0.10002,799,0.05201,0.00057,0.15001,500,0.00974,0.00202,0.25,200,0.00228,0.00276,strict
Office,000095_lcam_front_lidar.ply,0.10002,799,0.05224,0.0006,0.15001,500,0.00997,0.00194,0.25,200,0.0022,0.00192,strict
Office,000096_lcam_front_lidar.ply,0.10002,799,0.1359,0.0318,0.15001,500,0.00982,0.00229,0.25,200,0.00202,0.00182,strict
Office,000097_lcam_front_lidar.ply,0.10002,799,0.05726,0.02569,0.15001,500,0.01117,0.00045,0.25,200,0.00102,0.00154,strict
Office,000098_lcam_front_lidar.ply,0.10002,799,0.11029,0.03376,0.15001,500,0.00164,0.00117,0.25,200,0.00164,0.00117,strict
Office,000099_lcam_front_lidar.ply,0.10002,799,0.11128,0.03665,0.15001,500,0.00981,0.0018,0.25,200,0.00051,0.00017,strict
Office,000100_lcam_front_lidar.ply,0.10002,799,0.06132,0.03478,0.15001,500,0.01697,0.01949,0.25,200,0.00121,0.00203,strict
Office,000101_lcam_front_lidar.ply,0.10002,799,0.11228,0.04579,0.15001,500,0.01743,0.02366,0.25,200,0.00091,0.00066,strict
Office,000102_lcam_front_lidar.ply,0.10002,799,0.06192,0.03512,0.15001,500,0.00957,0.00193,0.25,200,0.00066,0.00039,strict
Office,000103_lcam_front_lidar.ply,0.10002,799,0.06362,0.04254,0.15001,500,0.01666,0.00109,0.25,200,0.00045,0.00018,strict
Office,000104_lcam_front_lidar.ply,0.10002,799,0.06343,0.03807,0.15001,500,0.00937,0.00109,0.25,200,0.00027,0.0001,strict
Office,000105_lcam_front_lidar.ply,0.10002,799,0.17364,0.0459,0.15001,500,0.00935,0.00158,0.25,200,0.00076,0.00065,strict
Office,000106_lcam_front_lidar.ply,0.10002,799,0.16986,0.04174,0.15001,500,0.0168,0.00103,0.25,200,0.00948,0.00807,strict
Office,000107_lcam_front_lidar.ply,0.10002,799,0.17032,0.04052,0.15001,500,0.01617,0.01094,0.25,200,0.01003,0.01864,strict
Office,000108_lcam_front_lidar.ply,0.10002,799,0.17222,0.04445,0.15001,500,0.01622,0.00086,0.25,200,0.00919,0.00484,strict
Office,000109_lcam_front_lidar.ply,0.10002,799,0.17058,0.03791,0.15001,500,0.01533,0.01085,0.25,200,0.00085,0.00119,strict
Office,000110_lcam_front_lidar.ply,0.10002,799,0.17853,0.04823,0.15001,500,0.01831,0.0573,0.25,200,0.00097,0.00155,strict
Office,000111_lcam_front_lidar.ply,0.10002,799,0.17581,0.0346,0.15001,500,0.00916,0.00196,0.25,200,0.0108,0.08678,strict
Office,000112_lcam_front_lidar.ply,0.10002,799,0.1757,0.03647,0.15001,500,0.01739,0.05781,0.25,200,0.00093,0.00185,strict
Office,000113_lcam_front_lidar.ply,0.10002,799,0.18048,0.04339,0.15001,500,0.00914,0.00163,0.25,200,0.00122,0.00253,strict
Office,000114_lcam_front_lidar.ply,0.10002,799,0.18177,0.04333,0.15001,500,0.01944,0.06042,0.25,200,0.00124,0.00258,strict
Office,000115_lcam_front_lidar.ply,0.10002,799,0.00897,0.00245,0.15001,500,0.02051,0.00089,0.25,200,0.00136,0.00304,standard
Office,000116_lcam_front_lidar.ply,0.10002,799,0.00905,0.00216,0.15001,500,0.00905,0.00216,0.25,200,0.01072,0.08827,loose
Office,000117_lcam_front_lidar.ply,0.10002,799,0.16261,0.03307,0.15001,500,0.01962,0.05852,0.25,200,0.00091,0.00145,strict
Office,000118_lcam_front_lidar.ply,0.10002,799,0.19181,0.0424,0.15001,500,0.02077,0.00129,0.25,200,0.00143,0.0021,strict
Office,000119_lcam_front_lidar.ply,0.10002,799,0.01847,0.0125,0.15001,500,0.01942,0.04369,0.25,200,0.00147,0.00361,standard
Office,000120_lcam_front_lidar.ply,0.10002,799,0.0183,0.01132,0.15001,500,0.02095,0.00136,0.25,200,0.00145,0.00361,standard
Office,000121_lcam_front_lidar.ply,0.10002,799,0.19315,0.04231,0.15001,500,0.01955,0.05042,0.25,200,0.00149,0.00221,strict
Office,000122_lcam_front_lidar.ply,0.10002,799,0.19237,0.03918,0.15001,500,0.0209,0.00179,0.25,200,0.00148,0.00221,strict
Office,000123_lcam_front_lidar.ply,0.10002,799,0.18809,0.03378,0.15001,500,0.02071,0.00148,0.25,200,0.01014,0.08981,strict
Office,000124_lcam_front_lidar.ply,0.10002,799,0.14944,0.03522,0.15001,500,0.02069,0.0016,0.25,200,0.01265,0.06757,strict
Office,000125_lcam_front_lidar.ply,0.10002,799,0.1976,0.03942,0.15001,500,0.01993,0.05411,0.25,200,0.00156,0.00417,strict
Office,000126_lcam_front_lidar.ply,0.10002,799,0.19665,0.0373,0.15001,500,0.02057,0.00225,0.25,200,0.00156,0.00344,strict
Office,000127_lcam_front_lidar.ply,0.10002,799,0.19257,0.03414,0.15001,500,0.02,0.05721,0.25,200,0.00501,0.00866,strict
Office,000128_lcam_front_lidar.ply,0.10002,799,0.19678,0.03845,0.15001,500,0.02023,0.05845,0.25,200,0.00837,0.00261,strict
Office,000129_lcam_front_lidar.ply,0.10002,799,0.20174,0.0448,0.15001,500,0.02049,0.05712,0.25,200,0.00836,0.00205,strict
Office,000130_lcam_front_lidar.ply,0.10002,799,0.02084,0.00129,0.15001,500,0.02117,0.00136,0.25,200,0.00143,0.00502,standard
Office,000131_lcam_front_lidar.ply,0.10002,799,0.2037,0.0436,0.15001,500,0.02012,0.05868,0.25,200,0.00833,0.00247,strict
Office,000132_lcam_front_lidar.ply,0.10002,799,0.01864,0.01002,0.15001,500,0.02128,0.06442,0.25,200,0.00879,0.00198,standard
Office,000133_lcam_front_lidar.ply,0.10002,799,0.20697,0.05007,0.15001,500,0.02086,0.0014,0.25,200,0.01023,0.07746,strict
Office,000134_lcam_front_lidar.ply,0.10002,799,0.01801,0.01004,0.15001,500,0.02083,0.00175,0.25,200,0.01026,0.08653,standard
Office,000135_lcam_front_lidar.ply,0.10002,799,0.01801,0.00893,0.15001,500,0.24093,0.06716,0.25,200,0.00159,0.00255,standard
Office,000136_lcam_front_lidar.ply,0.10002,799,0.12344,0.01863,0.15001,500,0.02077,0.0627,0.25,200,0.00159,0.00439,strict
Office,000137_lcam_front_lidar.ply,0.10002,799,0.01993,0.00115,0.15001,500,0.01995,0.00115,0.25,200,0.00157,0.00391,standard
Office,000138_lcam_front_lidar.ply,0.10002,799,0.01977,0.00124,0.15001,500,0.02008,0.00122,0.25,200,0.00126,0.00388,standard
Office,000139_lcam_front_lidar.ply,0.10002,799,0.07297,0.01985,0.15001,500,0.01999,0.00123,0.25,200,0.01037,0.08884,strict
Office,000140_lcam_front_lidar.ply,0.10002,799,0.07293,0.021,0.15001,500,0.02017,0.06173,0.25,200,0.00157,0.00444,strict
Office,000141_lcam_front_lidar.ply,0.10002,799,0.01973,0.00094,0.15001,500,0.02116,0.06488,0.25,200,0.0087,0.00157,standard
Office,000142_lcam_front_lidar.ply,0.10002,799,0.07284,0.02037,0.15001,500,0.02103,0.06106,0.25,200,0.00873,0.00174,strict
Office,000143_lcam_front_lidar.ply,0.10002,799,0.07288,0.02027,0.15001,500,0.02065,0.06444,0.25,200,0.00873,0.00175,strict
Office,000144_lcam_front_lidar.ply,0.10002,799,0.01987,0.001,0.15001,500,0.24123,0.06778,0.25,200,0.00153,0.00426,standard
Office,000145_lcam_front_lidar.ply,0.10002,799,0.07207,0.01894,0.15001,500,0.0205,0.06691,0.25,200,0.00151,0.00233,strict
Office,000146_lcam_front_lidar.ply,0.10002,799,0.10149,0.01679,0.15001,500,0.00864,0.0017,0.25,200,0.00831,0.0775,strict
Office,000147_lcam_front_lidar.ply,0.10002,799,0.02062,0.00084,0.15001,500,0.00602,0.00147,0.25,200,0.00925,0.08642,strict
Office,000148_lcam_front_lidar.ply,0.10002,799,0.20425,0.03637,0.15001,500,0.02112,0.05903,0.25,200,0.00866,0.00164,strict
Office,000149_lcam_front_lidar.ply,0.10002,799,0.20185,0.03468,0.15001,500,0.02059,0.06882,0.25,200,0.01284,0.06921,strict
Office,000150_lcam_front_lidar.ply,0.10002,799,0.20498,0.03689,0.15001,500,0.01295,0.06782,0.25,200,0.001,0.00108,strict
Office,000151_lcam_front_lidar.ply,0.10002,799,0.13722,0.01681,0.15001,500,0.24294,0.06771,0.25,200,0.01319,0.09485,standard
Office,000152_lcam_front_lidar.ply,0.10002,799,0.0181,0.00828,0.15001,500,0.02083,0.00095,0.25,200,0.00146,0.00239,standard
Office,000153_lcam_front_lidar.ply,0.10002,799,0.15579,0.00961,0.15001,500,0.01194,0.00297,0.25,200,0.00146,0.00236,strict
Office,000154_lcam_front_lidar.ply,0.10002,799,0.06656,0.0029,0.15001,500,0.24843,0.07239,0.25,200,0.00945,0.09849,standard
Office,000155_lcam_front_lidar.ply,0.10002,799,0.15559,0.00882,0.15001,500,0.15812,0.01664,0.25,200,0.31144,0.15779,loose
Office,000156_lcam_front_lidar.ply,0.10002,799,0.0662,0.0034,0.15001,500,0.16071,0.025,0.25,200,0.00832,0.08085,standard
Office,000157_lcam_front_lidar.ply,0.10002,799,0.1559,0.00806,0.15001,500,0.15825,0.01614,0.25,200,0.0132,0.08405,standard
Office,000158_lcam_front_lidar.ply,0.10002,799,0.06578,0.00483,0.15001,500,0.15838,0.02008,0.25,200,0.01303,0.06822,standard
Office,000159_lcam_front_lidar.ply,0.10002,799,0.0656,0.00355,0.15001,500,0.15923,0.02121,0.25,200,0.01297,0.06745,standard
Office,000160_lcam_front_lidar.ply,0.10002,799,0.06514,0.00172,0.15001,500,0.16028,0.02314,0.25,200,0.00994,0.14411,standard
Office,000161_lcam_front_lidar.ply,0.10002,799,0.06534,0.00575,0.15001,500,0.24289,0.05998,0.25,200,0.01416,0.13939,standard
Office,000162_lcam_front_lidar.ply,0.10002,799,0.06474,0.00358,0.15001,500,0.15908,0.02036,0.25,200,0.30718,0.15555,loose
Office,000163_lcam_front_lidar.ply,0.10002,799,0.06402,0.00197,0.15001,500,0.17613,0.02539,0.25,200,0.01013,0.15171,standard
Office,000164_lcam_front_lidar.ply,0.10002,799,0.0634,0.00064,0.15001,500,0.25786,0.06025,0.25,200,0.00134,0.00205,standard
Office,000165_lcam_front_lidar.ply,0.10002,799,0.06429,0.00571,0.15001,500,0.26006,0.06264,0.25,200,0.01006,0.15221,standard
Office,000166_lcam_front_lidar.ply,0.10002,799,0.06261,0.00043,0.15001,500,0.01235,0.02388,0.25,200,0.00988,0.14616,strict
Office,000167_lcam_front_lidar.ply,0.10002,799,0.06224,0.00039,0.15001,500,0.26182,0.06666,0.25,200,0.00934,0.13489,standard
Office,000168_lcam_front_lidar.ply,0.10002,799,0.06289,0.00044,0.15001,500,0.01674,0.0516,0.25,200,0.00986,0.14258,strict
Office,000169_lcam_front_lidar.ply,0.10002,799,0.06198,0.00035,0.15001,500,0.01239,0.03765,0.25,200,0.00109,0.00136,strict
Office,000170_lcam_front_lidar.ply,0.10002,799,0.0623,0.00034,0.15001,500,0.22787,0.0508,0.25,200,0.00995,0.14865,standard
Office,000171_lcam_front_lidar.ply,0.10002,799,0.06227,0.00043,0.15001,500,0.01231,0.02285,0.25,200,0.0098,0.14615,strict
Office,000172_lcam_front_lidar.ply,0.10002,799,0.0623,0.00033,0.15001,500,0.01692,0.05009,0.25,200,0.00983,0.14573,strict
Office,000173_lcam_front_lidar.ply,0.10002,799,0.06169,0.00035,0.15001,500,0.12512,0.00437,0.25,200,0.00073,0.00061,standard
Office,000174_lcam_front_lidar.ply,0.10002,799,0.06206,0.00045,0.15001,500,0.12418,0.00044,0.25,200,0.00122,0.00169,standard
Office,000175_lcam_front_lidar.ply,0.10002,799,0.06189,0.00035,0.15001,500,0.12486,0.00387,0.25,200,0.00126,0.00184,standard
Office,000176_lcam_front_lidar.ply,0.10002,799,0.06154,0.00033,0.15001,500,0.12466,0.00519,0.25,200,0.01318,0.06803,standard
Office,000177_lcam_front_lidar.ply,0.10002,799,0.06202,0.00038,0.15001,500,0.12509,0.00735,0.25,200,0.01337,0.08017,standard
Office,000178_lcam_front_lidar.ply,0.10002,799,0.06164,0.00038,0.15001,500,0.12423,0.00169,0.25,200,0.0012,0.00168,standard
Office,000179_lcam_front_lidar.ply,0.10002,799,0.06137,0.00029,0.15001,500,0.12315,0.00034,0.25,200,0.29126,0.14499,loose
Office,000180_lcam_front_lidar.ply,0.10002,799,0.06136,0.00036,0.15001,500,0.12357,0.00042,0.25,200,0.01321,0.06644,standard
Office,000181_lcam_front_lidar.ply,0.10002,799,0.06128,0.0004,0.15001,500,0.12375,0.00363,0.25,200,0.01322,0.06655,standard
Office,000182_lcam_front_lidar.ply,0.10002,799,0.06092,0.00048,0.15001,500,0.123,0.0005,0.25,200,0.00836,0.09532,standard
Office,000183_lcam_front_lidar.ply,0.10002,799,0.06108,0.00053,0.15001,500,0.1224,0.00052,0.25,200,0.01319,0.06738,standard
Office,000184_lcam_front_lidar.ply,0.10002,799,0.06101,0.00044,0.15001,500,0.12242,0.00229,0.25,200,0.00901,0.09593,standard
Office,000185_lcam_front_lidar.ply,0.10002,799,0.06076,0.00044,0.15001,500,0.12161,0.00044,0.25,200,0.00094,0.00098,standard
Office,000186_lcam_front_lidar.ply,0.10002,799,0.06096,0.00068,0.15001,500,0.12175,0.00055,0.25,200,0.01324,0.06482,standard
Office,000187_lcam_front_lidar.ply,0.10002,799,0.06087,0.00045,0.15001,500,0.12196,0.0005,0.25,200,0.00067,0.00055,standard
Office,000188_lcam_front_lidar.ply,0.10002,799,0.06034,0.00042,0.15001,500,0.12068,0.00045,0.25,200,0.00839,0.09702,standard
Office,000189_lcam_front_lidar.ply,0.10002,799,0.06005,0.00042,0.15001,500,0.12155,0.00049,0.25,200,0.00844,0.0989,standard
Office,000190_lcam_front_lidar.ply,0.10002,799,0.06025,0.00048,0.15001,500,0.01802,0.04317,0.25,200,0.01324,0.06812,strict
Office,000191_lcam_front_lidar.ply,0.10002,799,0.05914,0.00041,0.15001,500,0.01825,0.04237,0.25,200,0.01342,0.06562,strict
Office,000192_lcam_front_lidar.ply,0.10002,799,0.05924,0.00046,0.15001,500,0.01827,0.04011,0.25,200,0.00056,0.00058,strict
Office,000193_lcam_front_lidar.ply,0.10002,799,0.11977,0.00063,0.15001,500,0.26328,0.06965,0.25,200,0.01344,0.06106,standard
Office,000194_lcam_front_lidar.ply,0.10002,799,0.05974,0.00062,0.15001,500,0.01291,0.03903,0.25,200,0.29057,0.13636,loose
Office,000195_lcam_front_lidar.ply,0.10002,799,0.05918,0.00045,0.15001,500,0.01336,0.05963,0.25,200,0.00095,0.00171,strict
Office,000196_lcam_front_lidar.ply,0.10002,799,0.05929,0.00047,0.15001,500,0.01332,0.05905,0.25,200,0.01332,0.05905,strict
Office,000197_lcam_front_lidar.ply,0.10002,799,0.05851,0.00044,0.15001,500,0.01331,0.06047,0.25,200,0.01331,0.06047,strict
Office,000198_lcam_front_lidar.ply,0.10002,799,0.05913,0.00041,0.15001,500,0.0133,0.06001,0.25,200,0.0133,0.06001,strict
Office,000199_lcam_front_lidar.ply,0.10002,799,0.05877,0.00035,0.15001,500,0.01331,0.06191,0.25,200,0.28324,0.13361,loose
Office,000200_lcam_front_lidar.ply,0.10002,799,0.05794,0.00047,0.15001,500,0.01344,0.06044,0.25,200,0.00718,0.00236,strict
Office,000201_lcam_front_lidar.ply,0.10002,799,0.05821,0.00037,0.15001,500,0.01331,0.05989,0.25,200,0.00879,0.08994,strict
Office,000202_lcam_front_lidar.ply,0.10002,799,0.05743,0.00042,0.15001,500,0.11534,0.0004,0.25,200,0.00737,0.09019,standard
Office,000203_lcam_front_lidar.ply,0.10002,799,0.05463,0.00043,0.15001,500,0.01297,0.01794,0.25,200,0.00104,0.00086,strict
Office,000204_lcam_front_lidar.ply,0.10002,799,0.05692,0.00041,0.15001,500,0.01283,0.05556,0.25,200,0.00883,0.09043,strict
Office,000205_lcam_front_lidar.ply,0.10002,799,0.16448,0.03909,0.15001,500,0.01381,0.07065,0.25,200,0.01575,0.13548,strict
Office,000206_lcam_front_lidar.ply,0.10002,799,0.15831,0.03895,0.15001,500,0.01271,0.0223,0.25,200,0.00884,0.09184,strict
Office,000207_lcam_front_lidar.ply,0.10002,799,0.16579,0.04354,0.15001,500,0.01263,0.0199,0.25,200,0.00055,0.00028,strict
Office,000208_lcam_front_lidar.ply,0.10002,799,0.05556,0.00027,0.15001,500,0.01274,0.01549,0.25,200,0.01465,0.09595,strict
Office,000209_lcam_front_lidar.ply,0.10002,799,0.05536,0.0003,0.15001,500,0.01282,0.01279,0.25,200,0.00108,0.00047,strict
Office,000210_lcam_front_lidar.ply,0.10002,799,0.05511,0.00029,0.15001,500,0.22425,0.06086,0.25,200,0.00084,0.00035,standard
Office,000211_lcam_front_lidar.ply,0.10002,799,0.14215,0.04937,0.15001,500,0.22377,0.0632,0.25,200,0.00082,0.00036,standard
Office,000212_lcam_front_lidar.ply,0.10002,799,0.20802,0.04053,0.15001,500,0.01297,0.01052,0.25,200,0.01383,0.05928,strict
Office,000213_lcam_front_lidar.ply,0.10002,799,0.20965,0.04588,0.15001,500,0.01339,0.01908,0.25,200,0.26943,0.1796,loose
Office,000214_lcam_front_lidar.ply,0.10002,799,0.20466,0.04304,0.15001,500,0.01355,0.0331,0.25,200,0.00082,0.00024,strict
Office,000215_lcam_front_lidar.ply,0.10002,799,0.19198,0.03262,0.15001,500,0.21248,0.07037,0.25,200,0.00841,0.09439,standard
Office,000216_lcam_front_lidar.ply,0.10002,799,0.17354,0.03348,0.15001,500,0.01317,0.05849,0.25,200,0.00784,0.10934,strict
Office,000217_lcam_front_lidar.ply,0.10002,799,0.1853,0.04566,0.15001,500,0.20693,0.07333,0.25,200,0.00719,0.10231,standard
Office,000218_lcam_front_lidar.ply,0.10002,799,0.17713,0.04425,0.15001,500,0.01308,0.0635,0.25,200,0.00647,0.10598,strict
Office,000219_lcam_front_lidar.ply,0.10002,799,0.17006,0.03764,0.15001,500,0.01363,0.05739,0.25,200,0.26135,0.17904,loose
Office,000220_lcam_front_lidar.ply,0.10002,799,0.16736,0.04045,0.15001,500,0.01264,0.00802,0.25,200,0.27202,0.20521,loose
Office,000221_lcam_front_lidar.ply,0.10002,799,0.15614,0.03942,0.15001,500,0.19272,0.0797,0.25,200,0.2592,0.18276,loose
Office,000222_lcam_front_lidar.ply,0.10002,799,0.15676,0.04549,0.15001,500,0.02191,0.05753,0.25,200,0.00537,0.09696,strict
Office,000223_lcam_front_lidar.ply,0.10002,799,0.16125,0.04675,0.15001,500,0.21485,0.10705,0.25,200,0.1834,0.14728,standard
Office,000224_lcam_front_lidar.ply,0.10002,799,0.16549,0.06066,0.15001,500,0.2218,0.12437,0.25,200,0.17035,0.11371,standard
Office,000225_lcam_front_lidar.ply,0.10002,799,0.1578,0.06069,0.15001,500,0.0228,0.1177,0.25,200,0.00508,0.19487,strict
Office,000226_lcam_front_lidar.ply,0.10002,799,0.01826,0.01596,0.15001,500,0.02173,0.09602,0.25,200,0.28454,0.22862,loose
Office,000227_lcam_front_lidar.ply,0.10002,799,0.14943,0.05751,0.15001,500,0.02237,0.12337,0.25,200,0.35195,0.29948,loose
Office,000228_lcam_front_lidar.ply,0.10002,799,0.15569,0.14389,0.15001,500,0.01984,0.08603,0.25,200,0.32429,0.27821,loose
Office,000229_lcam_front_lidar.ply,0.10002,799,0.134,0.05219,0.15001,500,0.02116,0.12215,0.25,200,0.17275,0.17299,loose
Office,000230_lcam_front_lidar.ply,0.10002,799,0.12696,0.0376,0.15001,500,0.02082,0.11969,0.25,200,0.01169,0.16412,strict
Office,000231_lcam_front_lidar.ply,0.10002,799,0.12095,0.04236,0.15001,500,0.01831,0.00023,0.25,200,0.0063,0.00038,strict
Office,000232_lcam_front_lidar.ply,0.10002,799,0.12386,0.04065,0.15001,500,0.01785,0.06697,0.25,200,0.00634,0.05794,strict
Office,000233_lcam_front_lidar.ply,0.10002,799,0.12456,0.04947,0.15001,500,0.01747,0.06811,0.25,200,0.03061,0.10591,strict
Office,000234_lcam_front_lidar.ply,0.10002,799,0.11805,0.04326,0.15001,500,0.01669,0.05947,0.25,200,0.4043,0.30546,loose
Office,000235_lcam_front_lidar.ply,0.10002,799,0.11296,0.047,0.15001,500,0.01649,0.05933,0.25,200,0.01871,0.11407,strict
Office,000236_lcam_front_lidar.ply,0.10002,799,0.11132,0.03927,0.15001,500,0.01598,0.05355,0.25,200,0.01808,0.10571,strict
Office,000237_lcam_front_lidar.ply,0.10002,799,0.10942,0.03762,0.15001,500,0.01496,0.01444,0.25,200,0.12826,0.11899,loose
Office,000238_lcam_front_lidar.ply,0.10002,799,0.20943,0.13643,0.15001,500,0.01466,0.0161,0.25,200,0.02042,0.13131,strict
Office,000239_lcam_front_lidar.ply,0.10002,799,0.19438,0.13943,0.15001,500,0.01472,0.0407,0.25,200,0.01118,0.0616,strict
Office,000240_lcam_front_lidar.ply,0.10002,799,0.09347,0.05911,0.15001,500,0.01432,0.01961,0.25,200,0.00414,0.04664,strict
Office,000241_lcam_front_lidar.ply,0.10002,799,0.08019,0.01897,0.15001,500,0.01375,0.003,0.25,200,0.01531,0.10945,strict
Office,000242_lcam_front_lidar.ply,0.10002,799,0.0,0.0,0.15001,500,0.01365,0.00118,0.25,200,0.01367,0.00297,loose
Office,000243_lcam_front_lidar.ply,0.10002,799,0.08813,0.13811,0.15001,500,0.0133,0.00124,0.25,200,0.014,0.03969,strict
Office,000244_lcam_front_lidar.ply,0.10002,799,0.08012,0.04932,0.15001,500,0.01328,0.00076,0.25,200,0.01328,0.00076,strict
Office,000245_lcam_front_lidar.ply,0.10002,799,0.076,0.04082,0.15001,500,0.01305,0.00056,0.25,200,0.01305,0.00056,strict
Office,000246_lcam_front_lidar.ply,0.10002,799,0.07856,0.05157,0.15001,500,0.01271,0.00082,0.25,200,0.01271,0.00082,strict
Office,000247_lcam_front_lidar.ply,0.10002,799,0.11276,0.0958,0.15001,500,0.01634,0.05328,0.25,200,0.01281,0.00048,strict
Office,000248_lcam_front_lidar.ply,0.10002,799,0.10421,0.08427,0.15001,500,0.0126,0.00049,0.25,200,0.0126,0.00049,strict
Office,000249_lcam_front_lidar.ply,0.10002,799,0.10727,0.09222,0.15001,500,0.01244,0.00047,0.25,200,0.01244,0.00047,strict
Office,000250_lcam_front_lidar.ply,0.10002,799,0.10433,0.0881,0.15001,500,0.01737,0.01961,0.25,200,0.01223,0.00045,strict
Office,000251_lcam_front_lidar.ply,0.10002,799,0.09671,0.07291,0.15001,500,0.01208,0.00053,0.25,200,0.01208,0.00053,strict
Office,000252_lcam_front_lidar.ply,0.10002,799,0.07709,0.06378,0.15001,500,0.0119,0.00049,0.25,200,0.03043,0.11167,strict
Office,000253_lcam_front_lidar.ply,0.10002,799,0.00698,0.00025,0.15001,500,0.01169,0.00052,0.25,200,0.00119,0.00243,standard
Office,000254_lcam_front_lidar.ply,0.10002,799,0.09211,0.07785,0.15001,500,0.01148,0.00045,0.25,200,0.01148,0.00045,strict
Office,000255_lcam_front_lidar.ply,0.10002,799,0.09321,0.0864,0.15001,500,0.02227,0.04904,0.25,200,0.0439,0.10529,strict
Office,000256_lcam_front_lidar.ply,0.10002,799,0.02485,0.03488,0.15001,500,0.00108,0.00206,0.25,200,0.00074,0.00059,strict
Office,000257_lcam_front_lidar.ply,0.10002,799,0.08432,0.07375,0.15001,500,0.12259,0.155,0.25,200,0.00137,0.00467,standard
Office,000258_lcam_front_lidar.ply,0.10002,799,0.09216,0.0887,0.15001,500,0.03946,0.07499,0.25,200,0.00158,0.00495,strict
Office,000259_lcam_front_lidar.ply,0.10002,799,0.03515,0.05794,0.15001,500,0.03782,0.08361,0.25,200,0.00163,0.00263,standard
Office,000260_lcam_front_lidar.ply,0.10002,799,0.06961,0.06041,0.15001,500,0.09242,0.09653,0.25,200,0.00258,0.00692,standard
Office,000261_lcam_front_lidar.ply,0.10002,799,0.06705,0.02995,0.15001,500,0.07346,0.07086,0.25,200,0.00104,0.00171,standard
Office,000262_lcam_front_lidar.ply,0.10002,799,0.09136,0.04932,0.15001,500,0.11311,0.11933,0.25,200,0.00266,0.00612,standard
Office,000263_lcam_front_lidar.ply,0.10002,799,0.05781,0.03936,0.15001,500,0.052,0.09969,0.25,200,0.00053,0.00011,strict
Office,000264_lcam_front_lidar.ply,0.10002,799,0.03776,0.03397,0.15001,500,0.00099,0.0024,0.25,200,0.0008,0.00081,strict
Office,000265_lcam_front_lidar.ply,0.10002,799,0.00059,0.0002,0.15001,500,0.00178,0.00555,0.25,200,0.00209,0.00999,loose
Office,000266_lcam_front_lidar.ply,0.10002,799,0.07492,0.0829,0.15001,500,0.02629,0.10105,0.25,200,0.0009,0.00032,strict
Office,000267_lcam_front_lidar.ply,0.10002,799,0.09138,0.05066,0.15001,500,0.1322,0.14021,0.25,200,0.00088,0.00049,standard
Office,000268_lcam_front_lidar.ply,0.10002,799,0.08598,0.06827,0.15001,500,0.01874,0.14635,0.25,200,0.00247,0.00639,strict
Office,000269_lcam_front_lidar.ply,0.10002,799,0.0007,0.00087,0.15001,500,0.13735,0.16081,0.25,200,0.00264,0.00725,standard
Office,000270_lcam_front_lidar.ply,0.10002,799,0.10122,0.0678,0.15001,500,0.00085,0.00126,0.25,200,0.00065,0.00018,strict
Office,000271_lcam_front_lidar.ply,0.10002,799,0.10465,0.08581,0.15001,500,0.0019,0.00375,0.25,200,0.00234,0.00552,strict
Office,000272_lcam_front_lidar.ply,0.10002,799,0.07777,0.03628,0.15001,500,0.10956,0.1078,0.25,200,0.0074,0.00035,standard
Office,000273_lcam_front_lidar.ply,0.10002,799,0.08225,0.04565,0.15001,500,0.00201,0.00379,0.25,200,0.00385,0.00065,strict
Office,000274_lcam_front_lidar.ply,0.10002,799,0.08048,0.04939,0.15001,500,0.09346,0.08007,0.25,200,0.00052,0.00046,standard
Office,000275_lcam_front_lidar.ply,0.10002,799,0.07486,0.04361,0.15001,500,0.00167,0.00291,0.25,200,0.00835,0.0007,strict
Office,000276_lcam_front_lidar.ply,0.10002,799,0.07849,0.04074,0.15001,500,0.12671,0.16189,0.25,200,0.00434,0.00065,standard
Office,000277_lcam_front_lidar.ply,0.10002,799,0.07673,0.03577,0.15001,500,0.09434,0.09022,0.25,200,0.0013,0.0029,standard
Office,000278_lcam_front_lidar.ply,0.10002,799,0.0043,0.00039,0.15001,500,0.00135,0.00191,0.25,200,0.01241,0.00039,loose
Office,000279_lcam_front_lidar.ply,0.10002,799,0.07293,0.02443,0.15001,500,0.08208,0.06454,0.25,200,0.0015,0.00229,standard
Office,000280_lcam_front_lidar.ply,0.10002,799,0.01889,0.0113,0.15001,500,0.08052,0.06853,0.25,200,0.00527,0.00037,standard
Office,000281_lcam_front_lidar.ply,0.10002,799,0.02255,0.00078,0.15001,500,0.01107,0.00062,0.25,200,0.00192,0.00596,strict
Office,000282_lcam_front_lidar.ply,0.10002,799,0.08916,0.10917,0.15001,500,0.00206,0.00443,0.25,200,0.00587,0.00033,strict
Office,000283_lcam_front_lidar.ply,0.10002,799,0.02186,0.00061,0.15001,500,0.00222,0.00841,0.25,200,0.00622,0.00049,strict
Office,000284_lcam_front_lidar.ply,0.10002,799,0.2858,0.11064,0.15001,500,0.00516,0.0004,0.25,200,0.00215,0.00785,strict
Office,000285_lcam_front_lidar.ply,0.10002,799,0.00552,0.12308,0.15001,500,0.01437,0.00031,0.25,200,0.02876,0.0004,loose
Office,000286_lcam_front_lidar.ply,0.10002,799,0.02072,0.00049,0.15001,500,0.00488,0.00026,0.25,200,0.0011,0.00211,strict
Office,000287_lcam_front_lidar.ply,0.10002,799,0.29998,0.12585,0.15001,500,0.01678,0.00054,0.25,200,0.0334,0.00046,strict
Office,000288_lcam_front_lidar.ply,0.10002,799,0.27584,0.11672,0.15001,500,0.01833,0.0003,0.25,200,0.03643,0.00033,strict
Office,000289_lcam_front_lidar.ply,0.10002,799,0.28213,0.12375,0.15001,500,0.02017,0.0003,0.25,200,0.00051,0.00043,strict
Office,000290_lcam_front_lidar.ply,0.10002,799,0.0189,0.09485,0.15001,500,0.02165,0.00042,0.25,200,0.00027,0.00018,standard
Office,000291_lcam_front_lidar.ply,0.10002,799,0.2644,0.12651,0.15001,500,0.02282,0.00039,0.25,200,0.00096,0.0014,strict
Office,000292_lcam_front_lidar.ply,0.10002,799,0.01854,0.08353,0.15001,500,0.03807,0.00042,0.25,200,0.04743,0.00051,loose
Office,000293_lcam_front_lidar.ply,0.10002,799,0.0162,0.06084,0.15001,500,0.02565,0.00044,0.25,200,0.03761,0.00051,loose
Office,000294_lcam_front_lidar.ply,0.10002,799,0.01144,0.00033,0.15001,500,0.02754,0.00037,0.25,200,0.04029,0.00041,loose
Office,000295_lcam_front_lidar.ply,0.10002,799,0.00633,0.00023,0.15001,500,0.00085,0.00125,0.25,200,0.00052,0.00027,strict
Office,000296_lcam_front_lidar.ply,0.10002,799,0.00097,0.00082,0.15001,500,0.01498,0.00037,0.25,200,0.00095,0.00281,standard
Office,000297_lcam_front_lidar.ply,0.10002,799,0.01197,0.00027,0.15001,500,0.03418,0.00043,0.25,200,0.07017,0.0808,loose
Office,000298_lcam_front_lidar.ply,0.10002,799,0.00641,0.008,0.15001,500,0.01709,0.00036,0.25,200,0.08883,0.09096,loose
Office,000299_lcam_front_lidar.ply,0.10002,799,0.20625,0.11894,0.15001,500,0.03875,0.00052,0.25,200,0.04836,0.11213,strict
Office,000300_lcam_front_lidar.ply,0.10002,799,0.19625,0.1204,0.15001,500,0.04016,0.0005,0.25,200,0.04434,0.10371,strict
Office,000301_lcam_front_lidar.ply,0.10002,799,0.19844,0.1237,0.15001,500,0.04092,0.00046,0.25,200,0.02955,0.00052,strict
Office,000302_lcam_front_lidar.ply,0.10002,799,0.17557,0.11891,0.15001,500,0.04154,0.00046,0.25,200,0.00044,0.00049,strict
Office,000303_lcam_front_lidar.ply,0.10002,799,0.19846,0.13631,0.15001,500,0.01741,0.00049,0.25,200,0.03281,0.0005,strict
Office,000304_lcam_front_lidar.ply,0.10002,799,0.02391,0.13359,0.15001,500,0.01626,0.00052,0.25,200,0.00857,0.00026,strict
Office,000305_lcam_front_lidar.ply,0.10002,799,0.20353,0.1405,0.15001,500,0.01522,0.00062,0.25,200,0.02868,0.00057,strict
Office,000306_lcam_front_lidar.ply,0.10002,799,0.14868,0.13319,0.15001,500,0.01453,0.00041,0.25,200,0.0275,0.00062,strict
Office,000307_lcam_front_lidar.ply,0.10002,799,0.26304,0.00056,0.15001,500,0.01392,0.00038,0.25,200,0.02039,0.00058,strict
Office,000308_lcam_front_lidar.ply,0.10002,799,0.01421,0.07389,0.15001,500,0.0132,0.0003,0.25,200,0.02573,0.04726,loose
Office,000309_lcam_front_lidar.ply,0.10002,799,0.06349,0.02642,0.15001,500,0.01238,0.00038,0.25,200,0.11224,0.2237,loose
Office,000310_lcam_front_lidar.ply,0.10002,799,0.05397,0.04812,0.15001,500,0.01175,0.00036,0.25,200,0.02269,0.00046,strict
Office,000311_lcam_front_lidar.ply,0.10002,799,0.05139,0.03775,0.15001,500,0.00155,0.00382,0.25,200,0.00082,0.00161,strict
Office,000312_lcam_front_lidar.ply,0.10002,799,0.05171,0.02411,0.15001,500,0.01715,0.03668,0.25,200,0.02069,0.00052,strict
Office,000313_lcam_front_lidar.ply,0.10002,799,0.05275,0.02542,0.15001,500,0.00178,0.00421,0.25,200,0.00064,0.00125,strict
Office,000314_lcam_front_lidar.ply,0.10002,799,0.05619,0.05247,0.15001,500,0.0097,0.00093,0.25,200,0.00185,0.0101,strict
Office,000315_lcam_front_lidar.ply,0.10002,799,0.08901,0.04804,0.15001,500,0.09848,0.09183,0.25,200,0.00188,0.0044,standard
Office,000316_lcam_front_lidar.ply,0.10002,799,0.09067,0.04545,0.15001,500,0.07596,0.07959,0.25,200,0.00177,0.00673,strict
Office,000317_lcam_front_lidar.ply,0.10002,799,0.08983,0.04317,0.15001,500,0.13945,0.1572,0.25,200,0.12414,0.22159,standard
Office,000318_lcam_front_lidar.ply,0.10002,799,0.10046,0.08318,0.15001,500,0.08557,0.08905,0.25,200,0.00186,0.00852,strict
Office,000319_lcam_front_lidar.ply,0.10002,799,0.10432,0.07204,0.15001,500,0.01007,0.03621,0.25,200,0.00767,0.00041,strict
Office,000320_lcam_front_lidar.ply,0.10002,799,0.09199,0.05187,0.15001,500,0.01946,0.16682,0.25,200,0.00735,0.00047,strict
Office,000321_lcam_front_lidar.ply,0.10002,799,0.10013,0.05843,0.15001,500,0.11999,0.10505,0.25,200,0.0034,0.00054,standard
Office,000322_lcam_front_lidar.ply,0.10002,799,0.09553,0.06117,0.15001,500,0.02136,0.10212,0.25,200,0.14662,0.23392,loose
Office,000323_lcam_front_lidar.ply,0.10002,799,0.1015,0.06809,0.15001,500,0.11057,0.09826,0.25,200,0.16386,0.27853,loose
Office,000324_lcam_front_lidar.ply,0.10002,799,0.11148,0.07197,0.15001,500,0.14225,0.14448,0.25,200,0.00072,0.00148,standard
Office,000325_lcam_front_lidar.ply,0.10002,799,0.1146,0.07791,0.15001,500,0.13166,0.1196,0.25,200,0.00106,0.00165,standard
Office,000326_lcam_front_lidar.ply,0.10002,799,0.10982,0.06711,0.15001,500,0.13847,0.1278,0.25,200,0.00178,0.0053,standard
Office,000327_lcam_front_lidar.ply,0.10002,799,0.09914,0.05929,0.15001,500,0.13016,0.12826,0.25,200,0.18719,0.31343,loose
Office,000328_lcam_front_lidar.ply,0.10002,799,0.1106,0.07532,0.15001,500,0.13142,0.11752,0.25,200,0.03937,0.15081,standard
Office,000329_lcam_front_lidar.ply,0.10002,799,0.1127,0.07935,0.15001,500,0.00248,0.00645,0.25,200,0.00325,0.00112,strict
Office,000330_lcam_front_lidar.ply,0.10002,799,0.11393,0.0795,0.15001,500,0.06419,0.13026,0.25,200,0.01912,0.06355,strict
Office,000331_lcam_front_lidar.ply,0.10002,799,0.09683,0.06198,0.15001,500,0.10474,0.09391,0.25,200,0.00723,0.00038,standard
Office,000332_lcam_front_lidar.ply,0.10002,799,0.00207,0.00433,0.15001,500,0.10803,0.09963,0.25,200,0.00259,0.00691,standard
Office,000333_lcam_front_lidar.ply,0.10002,799,0.09451,0.05269,0.15001,500,0.10879,0.10469,0.25,200,0.00128,0.00393,standard
Office,000334_lcam_front_lidar.ply,0.10002,799,0.09158,0.04962,0.15001,500,0.00189,0.00602,0.25,200,0.00754,0.00064,strict
Office,000335_lcam_front_lidar.ply,0.10002,799,0.09251,0.0451,0.15001,500,0.10688,0.10175,0.25,200,0.00832,0.00032,standard
Office,000336_lcam_front_lidar.ply,0.10002,799,0.05798,0.02773,0.15001,500,0.10015,0.07709,0.25,200,0.00853,0.0003,standard
Office,000337_lcam_front_lidar.ply,0.10002,799,0.05785,0.02716,0.15001,500,0.00253,0.00574,0.25,200,0.01692,0.05918,strict
Office,000338_lcam_front_lidar.ply,0.10002,799,0.0627,0.0486,0.15001,500,0.00225,0.00763,0.25,200,0.00181,0.00563,strict
Office,000339_lcam_front_lidar.ply,0.10002,799,0.06287,0.06056,0.15001,500,0.00175,0.00267,0.25,200,0.01856,0.10201,strict
Office,000340_lcam_front_lidar.ply,0.10002,799,0.01084,0.01301,0.15001,500,0.10414,0.09295,0.25,200,0.0256,0.16632,standard
Office,000341_lcam_front_lidar.ply,0.10002,799,0.05616,0.02499,0.15001,500,0.06176,0.07297,0.25,200,0.0015,0.00368,standard
Office,000342_lcam_front_lidar.ply,0.10002,799,0.01791,0.02829,0.15001,500,0.04058,0.1255,0.25,200,0.00119,0.00244,standard
Office,000343_lcam_front_lidar.ply,0.10002,799,0.01741,0.02614,0.15001,500,0.05847,0.05512,0.25,200,0.00095,0.0022,standard
Office,000344_lcam_front_lidar.ply,0.10002,799,0.01614,0.0016,0.15001,500,0.0978,0.09079,0.25,200,0.00106,0.00345,standard
Office,000345_lcam_front_lidar.ply,0.10002,799,0.02584,0.02514,0.15001,500,0.00131,0.00135,0.25,200,0.12991,0.24373,loose
Office,000346_lcam_front_lidar.ply,0.10002,799,0.02401,0.01827,0.15001,500,0.00109,0.00199,0.25,200,0.01056,0.07513,strict
Office,000347_lcam_front_lidar.ply,0.10002,799,0.0051,0.00021,0.15001,500,0.00051,0.00043,0.25,200,0.14797,0.25424,loose
Office,000348_lcam_front_lidar.ply,0.10002,799,0.01777,0.0193,0.15001,500,0.07168,0.0737,0.25,200,0.00224,0.00495,standard
Office,000349_lcam_front_lidar.ply,0.10002,799,0.02215,0.01048,0.15001,500,0.01709,0.02889,0.25,200,0.00067,0.00134,strict
Office,000350_lcam_front_lidar.ply,0.10002,799,0.1067,0.14004,0.15001,500,0.02021,0.08468,0.25,200,0.00113,0.00382,strict
Office,000351_lcam_front_lidar.ply,0.10002,799,0.01995,0.00051,0.15001,500,0.04243,0.03573,0.25,200,0.00113,0.00392,standard
Office,000352_lcam_front_lidar.ply,0.10002,799,0.0866,0.12776,0.15001,500,0.00134,0.00392,0.25,200,0.0007,0.00122,strict
Office,000353_lcam_front_lidar.ply,0.10002,799,0.08916,0.1351,0.15001,500,0.03149,0.00062,0.25,200,0.0005,0.00032,strict
Office,000354_lcam_front_lidar.ply,0.10002,799,0.01056,0.10203,0.15001,500,0.01218,0.00095,0.25,200,0.06118,0.13471,loose
Office,000355_lcam_front_lidar.ply,0.10002,799,0.10485,0.11178,0.15001,500,0.02485,0.00063,0.25,200,0.01041,0.00026,strict
Office,000356_lcam_front_lidar.ply,0.10002,799,0.00986,0.12443,0.15001,500,0.00777,0.00024,0.25,200,0.00968,0.00074,strict
Office,000357_lcam_front_lidar.ply,0.10002,799,0.00719,0.13106,0.15001,500,0.04023,0.0479,0.25,200,0.0005,0.00088,standard
Office,000358_lcam_front_lidar.ply,0.10002,799,0.04492,0.02325,0.15001,500,0.00036,0.00026,0.25,200,0.05693,0.05058,loose
Office,000359_lcam_front_lidar.ply,0.10002,799,0.03,0.04623,0.15001,500,0.07933,0.08174,0.25,200,0.00056,0.00063,standard
Office,000360_lcam_front_lidar.ply,0.10002,799,0.03034,0.04668,0.15001,500,0.07612,0.11915,0.25,200,0.00051,0.00077,standard
Office,000361_lcam_front_lidar.ply,0.10002,799,0.00159,0.00456,0.15001,500,0.0015,0.00262,0.25,200,0.0006,0.0008,strict
Office,000362_lcam_front_lidar.ply,0.10002,799,0.00215,0.0092,0.15001,500,0.00067,0.00053,0.25,200,0.00067,0.00144,strict
Office,000363_lcam_front_lidar.ply,0.10002,799,0.06966,0.07041,0.15001,500,0.08874,0.08988,0.25,200,0.00095,0.00166,standard
Office,000364_lcam_front_lidar.ply,0.10002,799,0.02904,0.03781,0.15001,500,0.0834,0.08498,0.25,200,0.00051,0.00013,standard
Office,000365_lcam_front_lidar.ply,0.10002,799,0.00219,0.01487,0.15001,500,0.00069,0.00111,0.25,200,0.00117,0.0027,strict
Office,000366_lcam_front_lidar.ply,0.10002,799,0.10626,0.14314,0.15001,500,0.01625,0.00108,0.25,200,0.00043,0.00031,strict
Office,000367_lcam_front_lidar.ply,0.10002,799,0.08107,0.11142,0.15001,500,0.00158,0.00844,0.25,200,0.00092,0.00167,strict
Office,000368_lcam_front_lidar.ply,0.10002,799,0.01182,0.00074,0.15001,500,0.02715,0.00023,0.25,200,0.00108,0.00235,standard
Office,000369_lcam_front_lidar.ply,0.10002,799,0.00755,0.11066,0.15001,500,0.02463,0.00075,0.25,200,0.07752,0.25258,loose
Office,000370_lcam_front_lidar.ply,0.10002,799,0.00263,0.00029,0.15001,500,0.02787,0.00076,0.25,200,0.00041,0.00035,standard
Office,000371_lcam_front_lidar.ply,0.10002,799,0.1142,0.13637,0.15001,500,0.02752,0.09136,0.25,200,0.05187,0.13981,strict
Office,000372_lcam_front_lidar.ply,0.10002,799,0.01736,0.0006,0.15001,500,0.01985,0.06993,0.25,200,0.03518,0.16262,loose
Office,000373_lcam_front_lidar.ply,0.10002,799,0.08679,0.13089,0.15001,500,0.0025,0.00221,0.25,200,0.00055,0.0006,strict
Office,000374_lcam_front_lidar.ply,0.10002,799,0.0019,0.00589,0.15001,500,0.03165,0.06202,0.25,200,0.00187,0.00604,standard
Office,000375_lcam_front_lidar.ply,0.10002,799,0.0877,0.13219,0.15001,500,0.00869,0.00191,0.25,200,0.00252,0.00648,strict
Office,000376_lcam_front_lidar.ply,0.10002,799,0.04834,0.12631,0.15001,500,0.00105,0.00177,0.25,200,0.01033,0.01965,strict
Office,000377_lcam_front_lidar.ply,0.10002,799,0.00601,0.00678,0.15001,500,0.13346,0.14722,0.25,200,0.00081,0.00196,standard
Office,000378_lcam_front_lidar.ply,0.10002,799,0.06945,0.02672,0.15001,500,0.0736,0.05377,0.25,200,0.01665,0.2491,standard
Office,000379_lcam_front_lidar.ply,0.10002,799,0.0544,0.03509,0.15001,500,0.09773,0.08814,0.25,200,0.12555,0.20604,loose
Office,000380_lcam_front_lidar.ply,0.10002,799,0.07254,0.03472,0.15001,500,0.01118,0.06469,0.25,200,0.12526,0.19209,loose
Office,000381_lcam_front_lidar.ply,0.10002,799,0.10331,0.10895,0.15001,500,0.00136,0.00298,0.25,200,0.00246,0.0059,strict
Office,000382_lcam_front_lidar.ply,0.10002,799,0.03156,0.02924,0.15001,500,0.09988,0.11515,0.25,200,0.00222,0.00473,standard
Office,000383_lcam_front_lidar.ply,0.10002,799,0.09673,0.06581,0.15001,500,0.14044,0.14728,0.25,200,0.13886,0.23555,standard
Office,000384_lcam_front_lidar.ply,0.10002,799,0.09364,0.06354,0.15001,500,0.00041,0.00045,0.25,200,0.16278,0.24959,loose
Office,000385_lcam_front_lidar.ply,0.10002,799,0.09909,0.07215,0.15001,500,0.10905,0.11774,0.25,200,0.00142,0.00325,standard
Office,000386_lcam_front_lidar.ply,0.10002,799,0.08554,0.06974,0.15001,500,0.01929,0.0768,0.25,200,0.00084,0.00064,strict
Office,000387_lcam_front_lidar.ply,0.10002,799,0.10032,0.07072,0.15001,500,0.12493,0.13426,0.25,200,0.00062,0.00013,standard
Office,000388_lcam_front_lidar.ply,0.10002,799,0.09355,0.0669,0.15001,500,0.11286,0.12674,0.25,200,0.00095,0.00045,standard
Office,000389_lcam_front_lidar.ply,0.10002,799,0.09494,0.05737,0.15001,500,0.11307,0.12187,0.25,200,0.01182,0.05976,standard
Office,000390_lcam_front_lidar.ply,0.10002,799,0.03102,0.01104,0.15001,500,0.11558,0.12506,0.25,200,0.20266,0.32057,loose
Office,000391_lcam_front_lidar.ply,0.10002,799,0.09666,0.0713,0.15001,500,0.03642,0.17471,0.25,200,0.00049,0.00051,strict
Office,000392_lcam_front_lidar.ply,0.10002,799,0.10691,0.08289,0.15001,500,0.14639,0.1673,0.25,200,0.00162,0.00393,standard
Office,000393_lcam_front_lidar.ply,0.10002,799,0.12429,0.0876,0.15001,500,0.15238,0.1504,0.25,200,0.18751,0.21999,loose
Office,000394_lcam_front_lidar.ply,0.10002,799,0.1188,0.08039,0.15001,500,0.1453,0.15131,0.25,200,0.0897,0.216,standard
Office,000395_lcam_front_lidar.ply,0.10002,799,0.13282,0.09822,0.15001,500,0.17327,0.16117,0.25,200,0.00102,0.00166,standard
Office,000396_lcam_front_lidar.ply,0.10002,799,0.07407,0.06106,0.15001,500,0.16926,0.17173,0.25,200,0.01502,0.10857,standard
Office,000397_lcam_front_lidar.ply,0.10002,799,0.09052,0.0555,0.15001,500,0.17717,0.17061,0.25,200,0.00168,0.00274,standard
Office,000398_lcam_front_lidar.ply,0.10002,799,0.08541,0.06716,0.15001,500,0.00204,0.00402,0.25,200,0.00204,0.0061,strict
Office,000399_lcam_front_lidar.ply,0.10002,799,0.0985,0.0768,0.15001,500,0.00168,0.00268,0.25,200,0.13312,0.22788,loose
Office,000400_lcam_front_lidar.ply,0.10002,799,0.10012,0.07836,0.15001,500,0.01186,0.05032,0.25,200,0.13249,0.2361,loose
Office,000401_lcam_front_lidar.ply,0.10002,799,0.00179,0.00325,0.15001,500,0.00196,0.00383,0.25,200,0.1484,0.23991,loose
Office,000402_lcam_front_lidar.ply,0.10002,799,0.09058,0.05713,0.15001,500,0.10554,0.10807,0.25,200,0.2078,0.24226,loose
Office,000403_lcam_front_lidar.ply,0.10002,799,0.09641,0.05612,0.15001,500,0.2517,0.19452,0.25,200,0.00172,0.03694,standard
Office,000404_lcam_front_lidar.ply,0.10002,799,0.09361,0.06039,0.15001,500,0.0004,0.00038,0.25,200,0.00342,0.00397,strict
Office,000405_lcam_front_lidar.ply,0.10002,799,0.09697,0.06477,0.15001,500,0.01428,0.0516,0.25,200,0.00103,0.0011,strict
Office,000406_lcam_front_lidar.ply,0.10002,799,0.10024,0.07126,0.15001,500,0.11448,0.15035,0.25,200,0.00669,0.0398,standard
Office,000407_lcam_front_lidar.ply,0.10002,799,0.07906,0.05396,0.15001,500,0.00258,0.00623,0.25,200,0.00714,0.09818,strict
Office,000408_lcam_front_lidar.ply,0.10002,799,0.09341,0.06347,0.15001,500,0.0375,0.13784,0.25,200,0.00126,0.00495,strict
Office,000409_lcam_front_lidar.ply,0.10002,799,0.12486,0.08912,0.15001,500,0.15262,0.13542,0.25,200,0.11734,0.15883,standard
Office,000410_lcam_front_lidar.ply,0.10002,799,0.11778,0.0837,0.15001,500,0.03459,0.12925,0.25,200,0.00929,0.10859,strict
Office,000411_lcam_front_lidar.ply,0.10002,799,0.11314,0.07254,0.15001,500,0.13297,0.14168,0.25,200,0.00268,0.0014,standard
Office,000412_lcam_front_lidar.ply,0.10002,799,0.11424,0.07781,0.15001,500,0.13437,0.12089,0.25,200,0.16319,0.24418,loose
Office,000413_lcam_front_lidar.ply,0.10002,799,0.11048,0.07928,0.15001,500,0.1291,0.11866,0.25,200,0.03659,0.20281,standard
Office,000414_lcam_front_lidar.ply,0.10002,799,0.10776,0.06287,0.15001,500,0.13644,0.12553,0.25,200,0.18732,0.297,loose
Office,000415_lcam_front_lidar.ply,0.10002,799,0.10959,0.07338,0.15001,500,0.13943,0.1433,0.25,200,0.00172,0.00665,standard
Office,000416_lcam_front_lidar.ply,0.10002,799,0.11098,0.07229,0.15001,500,0.00117,0.00203,0.25,200,0.00172,0.00306,strict
Office,000417_lcam_front_lidar.ply,0.10002,799,0.11635,0.081,0.15001,500,0.00133,0.00168,0.25,200,0.00133,0.00056,strict
Office,000418_lcam_front_lidar.ply,0.10002,799,0.11778,0.09115,0.15001,500,0.05396,0.15287,0.25,200,0.11367,0.17583,strict
Office,000419_lcam_front_lidar.ply,0.10002,799,0.00167,0.0028,0.15001,500,0.01968,0.09456,0.25,200,0.00138,0.00305,standard
Office,000420_lcam_front_lidar.ply,0.10002,799,0.12678,0.09253,0.15001,500,0.00175,0.00409,0.25,200,0.00162,0.00269,strict
Office,000421_lcam_front_lidar.ply,0.10002,799,0.12389,0.09292,0.15001,500,0.01703,0.09956,0.25,200,0.01149,0.06762,strict
Office,000422_lcam_front_lidar.ply,0.10002,799,0.1174,0.08939,0.15001,500,0.22628,0.17878,0.25,200,0.00103,0.0003,standard
Office,000423_lcam_front_lidar.ply,0.10002,799,0.11574,0.07988,0.15001,500,0.00194,0.00629,0.25,200,0.00194,0.00629,strict
Office,000424_lcam_front_lidar.ply,0.10002,799,0.12782,0.10079,0.15001,500,0.00103,0.00132,0.25,200,0.0076,0.0333,strict
Office,000425_lcam_front_lidar.ply,0.10002,799,0.0595,0.04375,0.15001,500,0.14362,0.15402,0.25,200,0.23981,0.30785,loose
Office,000426_lcam_front_lidar.ply,0.10002,799,0.0404,0.02798,0.15001,500,0.05755,0.08728,0.25,200,0.18641,0.30086,loose
Office,000427_lcam_front_lidar.ply,0.10002,799,0.04114,0.03045,0.15001,500,0.07166,0.0831,0.25,200,0.09708,0.216,loose
Office,000428_lcam_front_lidar.ply,0.10002,799,0.22299,0.00356,0.15001,500,0.05156,0.05155,0.25,200,0.08392,0.179,strict
Office,000429_lcam_front_lidar.ply,0.10002,799,0.0517,0.05974,0.15001,500,0.08121,0.10794,0.25,200,0.15111,0.23878,loose
Office,000430_lcam_front_lidar.ply,0.10002,799,0.11117,0.08563,0.15001,500,0.18089,0.17623,0.25,200,0.00148,0.00392,standard
Office,000431_lcam_front_lidar.ply,0.10002,799,0.05486,0.07199,0.15001,500,0.08806,0.15751,0.25,200,0.15013,0.24426,loose
Office,000432_lcam_front_lidar.ply,0.10002,799,0.14279,0.10805,0.15001,500,0.00153,0.00628,0.25,200,0.00163,0.00316,strict
Office,000433_lcam_front_lidar.ply,0.10002,799,0.13925,0.10966,0.15001,500,0.00187,0.00393,0.25,200,0.00225,0.00525,strict
Office,000434_lcam_front_lidar.ply,0.10002,799,0.15103,0.12672,0.15001,500,0.20549,0.18205,0.25,200,0.0015,0.00193,standard
Office,000435_lcam_front_lidar.ply,0.10002,799,0.14828,0.12094,0.15001,500,0.20165,0.17505,0.25,200,0.0017,0.00361,standard
Office,000436_lcam_front_lidar.ply,0.10002,799,0.06513,0.07237,0.15001,500,0.0015,0.00085,0.25,200,0.0092,0.02668,strict
Office,000437_lcam_front_lidar.ply,0.10002,799,0.15093,0.12407,0.15001,500,0.20356,0.17444,0.25,200,0.0004,0.00055,standard
Office,000438_lcam_front_lidar.ply,0.10002,799,0.10909,0.09346,0.15001,500,0.21118,0.18543,0.25,200,0.3542,0.3372,loose
Office,000439_lcam_front_lidar.ply,0.10002,799,0.15111,0.12082,0.15001,500,0.21085,0.18499,0.25,200,0.00154,0.00066,standard
Office,000440_lcam_front_lidar.ply,0.10002,799,0.10965,0.09487,0.15001,500,0.2224,0.19315,0.25,200,0.34022,0.31877,loose
Office,000441_lcam_front_lidar.ply,0.10002,799,0.11183,0.0936,0.15001,500,0.22349,0.19098,0.25,200,0.00209,0.0038,standard
Office,000442_lcam_front_lidar.ply,0.10002,799,0.10534,0.08568,0.15001,500,0.20523,0.17587,0.25,200,0.15095,0.25738,standard
Office,000443_lcam_front_lidar.ply,0.10002,799,0.10801,0.07846,0.15001,500,0.23311,0.19097,0.25,200,0.00051,0.001,standard
Office,000444_lcam_front_lidar.ply,0.10002,799,0.1086,0.09247,0.15001,500,0.23212,0.18926,0.25,200,0.32884,0.29368,loose
Office,000445_lcam_front_lidar.ply,0.10002,799,0.02767,0.01724,0.15001,500,0.20819,0.18271,0.25,200,0.00145,0.00302,standard
Office,000446_lcam_front_lidar.ply,0.10002,799,0.11926,0.10601,0.15001,500,0.19477,0.18592,0.25,200,0.03713,0.12224,standard
Office,000447_lcam_front_lidar.ply,0.10002,799,0.10351,0.08858,0.15001,500,0.00167,0.00254,0.25,200,0.00075,0.00151,strict
Office,000448_lcam_front_lidar.ply,0.10002,799,0.09743,0.07422,0.15001,500,0.1002,0.11171,0.25,200,0.05425,0.12276,standard
Office,000449_lcam_front_lidar.ply,0.10002,799,0.09287,0.06658,0.15001,500,0.00107,0.00484,0.25,200,0.00115,0.00485,strict
Office,000450_lcam_front_lidar.ply,0.10002,799,0.08636,0.05528,0.15001,500,0.01761,0.13198,0.25,200,0.00034,6e-05,strict
Office,000451_lcam_front_lidar.ply,0.10002,799,0.08549,0.05445,0.15001,500,0.00102,0.00298,0.25,200,0.00089,0.00198,strict
Office,000452_lcam_front_lidar.ply,0.10002,799,0.08535,0.05311,0.15001,500,0.00109,0.00255,0.25,200,0.00198,0.00497,strict
Office,000453_lcam_front_lidar.ply,0.10002,799,0.08474,0.05693,0.15001,500,0.00067,0.00172,0.25,200,0.00047,0.00043,strict
Office,000454_lcam_front_lidar.ply,0.10002,799,0.08033,0.04861,0.15001,500,0.11751,0.13301,0.25,200,0.0028,0.01419,standard
Office,000455_lcam_front_lidar.ply,0.10002,799,0.00272,0.00871,0.15001,500,0.10437,0.11889,0.25,200,0.00132,0.00379,standard
Office,000456_lcam_front_lidar.ply,0.10002,799,0.00207,0.0048,0.15001,500,0.00123,0.00474,0.25,200,0.00061,0.00035,strict
Office,000457_lcam_front_lidar.ply,0.10002,799,0.04052,0.04755,0.15001,500,0.11645,0.12866,0.25,200,0.00133,0.02009,standard
Office,000458_lcam_front_lidar.ply,0.10002,799,0.0949,0.0645,0.15001,500,0.00103,0.00379,0.25,200,0.00123,0.00774,strict
Office,000459_lcam_front_lidar.ply,0.10002,799,0.09672,0.0651,0.15001,500,0.11626,0.1269,0.25,200,0.00068,0.00202,standard
Office,000460_lcam_front_lidar.ply,0.10002,799,0.07186,0.04848,0.15001,500,0.00088,0.00136,0.25,200,0.00072,0.00109,strict
Office,000461_lcam_front_lidar.ply,0.10002,799,0.06392,0.06339,0.15001,500,0.00082,0.00204,0.25,200,0.00066,0.00207,strict
Office,000462_lcam_front_lidar.ply,0.10002,799,0.00139,0.00403,0.15001,500,0.12177,0.13588,0.25,200,0.12365,0.20112,loose
Office,000463_lcam_front_lidar.ply,0.10002,799,0.00612,0.00162,0.15001,500,0.00044,0.00075,0.25,200,0.00102,0.0044,strict
Office,000464_lcam_front_lidar.ply,0.10002,799,0.00096,0.00266,0.15001,500,0.01464,0.03784,0.25,200,0.13207,0.22316,loose
Office,000465_lcam_front_lidar.ply,0.10002,799,0.08982,0.06035,0.15001,500,0.00262,0.00759,0.25,200,0.00177,0.0029,strict
Office,000466_lcam_front_lidar.ply,0.10002,799,0.09603,0.12583,0.15001,500,0.10597,0.11429,0.25,200,0.00218,0.0047,standard
Office,000467_lcam_front_lidar.ply,0.10002,799,0.01893,0.08838,0.15001,500,0.10675,0.11361,0.25,200,0.00245,0.01079,standard
Office,000468_lcam_front_lidar.ply,0.10002,799,0.06896,0.03956,0.15001,500,0.00149,0.00089,0.25,200,0.10682,0.17146,loose
Office,000469_lcam_front_lidar.ply,0.10002,799,0.07278,0.0515,0.15001,500,0.11698,0.13156,0.25,200,0.00223,0.00903,standard
Office,000470_lcam_front_lidar.ply,0.10002,799,0.00152,0.00284,0.15001,500,0.00164,0.00791,0.25,200,0.00211,0.00483,loose
Office,000471_lcam_front_lidar.ply,0.10002,799,0.01551,0.00186,0.15001,500,0.13585,0.1604,0.25,200,0.00107,0.00426,standard
Office,000472_lcam_front_lidar.ply,0.10002,799,0.01519,0.00186,0.15001,500,0.05922,0.0782,0.25,200,0.00145,0.00205,standard
Office,000473_lcam_front_lidar.ply,0.10002,799,0.06821,0.02611,0.15001,500,0.00109,0.00272,0.25,200,0.00082,0.00173,strict
Office,000474_lcam_front_lidar.ply,0.10002,799,0.00166,0.00454,0.15001,500,0.01579,0.00144,0.25,200,0.0018,0.00335,standard
Office,000475_lcam_front_lidar.ply,0.10002,799,0.09641,0.13944,0.15001,500,0.00127,0.00614,0.25,200,0.00064,0.00146,strict
Office,000476_lcam_front_lidar.ply,0.10002,799,0.02259,0.01795,0.15001,500,0.13805,0.16996,0.25,200,0.04326,0.13198,standard
Office,000477_lcam_front_lidar.ply,0.10002,799,0.11178,0.14187,0.15001,500,0.10081,0.15893,0.25,200,0.0007,0.00011,strict
Office,000478_lcam_front_lidar.ply,0.10002,799,0.00884,0.08335,0.15001,500,0.0275,0.00036,0.25,200,0.00073,0.00117,standard
Office,000479_lcam_front_lidar.ply,0.10002,799,0.00896,0.14494,0.15001,500,0.03461,0.00073,0.25,200,0.00078,0.00042,standard
Office,000480_lcam_front_lidar.ply,0.10002,799,0.0096,0.14759,0.15001,500,0.14525,0.16503,0.25,200,0.08553,0.18376,standard
Office,000481_lcam_front_lidar.ply,0.10002,799,0.11097,0.11853,0.15001,500,0.02893,0.00076,0.25,200,0.00076,0.00216,strict
Office,000482_lcam_front_lidar.ply,0.10002,799,0.01584,0.02489,0.15001,500,0.0217,0.00031,0.25,200,0.00064,6e-05,standard
Office,000483_lcam_front_lidar.ply,0.10002,799,0.00332,0.03108,0.15001,500,0.01985,0.00036,0.25,200,0.06747,0.14481,loose
Office,000484_lcam_front_lidar.ply,0.10002,799,0.00735,0.12847,0.15001,500,0.03797,0.00064,0.25,200,0.05572,0.10336,loose
Office,000485_lcam_front_lidar.ply,0.10002,799,0.05251,0.08977,0.15001,500,0.0416,0.00067,0.25,200,0.00991,0.00034,strict
Office,000486_lcam_front_lidar.ply,0.10002,799,0.09146,0.14461,0.15001,500,0.04864,0.16018,0.25,200,0.00274,0.00259,strict
Office,000487_lcam_front_lidar.ply,0.10002,799,0.01961,0.10085,0.15001,500,0.03312,0.15742,0.25,200,0.00072,0.00088,standard
Office,000488_lcam_front_lidar.ply,0.10002,799,0.01513,0.04084,0.15001,500,0.01335,0.00073,0.25,200,0.00063,0.00148,strict
Office,000489_lcam_front_lidar.ply,0.10002,799,0.0021,0.00352,0.15001,500,0.07068,0.06971,0.25,200,0.00131,0.00151,standard
Office,000490_lcam_front_lidar.ply,0.10002,799,0.04073,0.01793,0.15001,500,0.07177,0.06147,0.25,200,0.15797,0.24978,loose
Office,000491_lcam_front_lidar.ply,0.10002,799,0.06888,0.02588,0.15001,500,0.04893,0.03933,0.25,200,0.11626,0.19994,loose
Office,000492_lcam_front_lidar.ply,0.10002,799,0.01629,0.00185,0.15001,500,0.09553,0.08789,0.25,200,0.13835,0.23413,loose
Office,000493_lcam_front_lidar.ply,0.10002,799,0.00141,0.00197,0.15001,500,0.00058,4e-05,0.25,200,0.00061,0.00024,strict
Office,000494_lcam_front_lidar.ply,0.10002,799,0.05709,0.03115,0.15001,500,0.08581,0.07014,0.25,200,0.13432,0.22182,loose
Office,000495_lcam_front_lidar.ply,0.10002,799,0.05838,0.03386,0.15001,500,0.06084,0.05129,0.25,200,0.12051,0.19933,loose
Office,000496_lcam_front_lidar.ply,0.10002,799,0.05792,0.03129,0.15001,500,0.03878,0.16838,0.25,200,0.00176,0.00301,strict
Office,000497_lcam_front_lidar.ply,0.10002,799,0.05839,0.0289,0.15001,500,0.03714,0.13923,0.25,200,0.01416,0.04264,strict
Office,000498_lcam_front_lidar.ply,0.10002,799,0.02818,0.02755,0.15001,500,0.02533,0.10035,0.25,200,0.1846,0.23598,loose
Office,000499_lcam_front_lidar.ply,0.10002,799,0.02787,0.02862,0.15001,500,0.00211,0.00417,0.25,200,0.00211,0.00658,strict
Office,000500_lcam_front_lidar.ply,0.10002,799,0.06023,0.03129,0.15001,500,0.10052,0.10045,0.25,200,0.01608,0.01673,standard
Office,000501_lcam_front_lidar.ply,0.10002,799,0.05757,0.02714,0.15001,500,0.08843,0.07778,0.25,200,0.0134,0.00111,standard
Office,000502_lcam_front_lidar.ply,0.10002,799,0.08674,0.03831,0.15001,500,0.10713,0.10048,0.25,200,0.00143,0.00202,standard
Office,000503_lcam_front_lidar.ply,0.10002,799,0.06469,0.03848,0.15001,500,0.10288,0.1008,0.25,200,0.01562,0.00124,standard
Office,000504_lcam_front_lidar.ply,0.10002,799,0.09154,0.05774,0.15001,500,0.10179,0.10099,0.25,200,0.00885,0.00104,standard
Office,000505_lcam_front_lidar.ply,0.10002,799,0.08554,0.04289,0.15001,500,0.04526,0.10864,0.25,200,0.00845,0.00082,strict
Office,000506_lcam_front_lidar.ply,0.10002,799,0.0916,0.05877,0.15001,500,0.15148,0.15921,0.25,200,0.00174,0.00302,standard
Office,000507_lcam_front_lidar.ply,0.10002,799,0.0912,0.05065,0.15001,500,0.15291,0.15269,0.25,200,0.00192,0.00862,standard
Office,000508_lcam_front_lidar.ply,0.10002,799,0.09159,0.05388,0.15001,500,0.15338,0.14799,0.25,200,0.00127,0.00368,standard
Office,000509_lcam_front_lidar.ply,0.10002,799,0.09228,0.05924,0.15001,500,0.07554,0.08208,0.25,200,0.0034,0.00129,strict
Office,000510_lcam_front_lidar.ply,0.10002,799,0.11062,0.07692,0.15001,500,0.00124,0.00254,0.25,200,0.01601,0.20016,strict
Office,000511_lcam_front_lidar.ply,0.10002,799,0.10857,0.07163,0.15001,500,0.00111,0.00288,0.25,200,0.01736,0.13657,strict
Office,000512_lcam_front_lidar.ply,0.10002,799,0.10709,0.06709,0.15001,500,0.12963,0.1145,0.25,200,0.02087,0.16412,standard
Office,000513_lcam_front_lidar.ply,0.10002,799,0.09426,0.05166,0.15001,500,0.02232,0.12731,0.25,200,0.0298,0.26267,strict
Office,000514_lcam_front_lidar.ply,0.10002,799,0.04719,0.03312,0.15001,500,0.02485,0.128,0.25,200,0.02134,0.07421,strict
Office,000515_lcam_front_lidar.ply,0.10002,799,0.04621,0.03255,0.15001,500,0.00081,0.00115,0.25,200,0.00092,0.00088,strict
Office,000516_lcam_front_lidar.ply,0.10002,799,0.01522,0.00588,0.15001,500,0.00086,0.0018,0.25,200,0.00092,0.00012,strict
Office,000517_lcam_front_lidar.ply,0.10002,799,0.00087,0.00104,0.15001,500,0.00157,0.00258,0.25,200,0.00273,0.0078,loose
Office,000518_lcam_front_lidar.ply,0.10002,799,0.10612,0.08179,0.15001,500,0.02073,0.05695,0.25,200,0.00063,9e-05,strict
Office,000519_lcam_front_lidar.ply,0.10002,799,0.00967,0.00027,0.15001,500,0.06105,0.0827,0.25,200,0.00243,0.00617,standard
Office,000520_lcam_front_lidar.ply,0.10002,799,0.00961,0.00244,0.15001,500,0.07257,0.0632,0.25,200,0.00515,0.0115,standard
Office,000521_lcam_front_lidar.ply,0.10002,799,0.07421,0.07306,0.15001,500,0.09751,0.10675,0.25,200,0.00256,0.00684,standard
Office,000522_lcam_front_lidar.ply,0.10002,799,0.07903,0.07174,0.15001,500,0.07726,0.07641,0.25,200,0.00129,0.0016,strict
Office,000523_lcam_front_lidar.ply,0.10002,799,0.08217,0.07182,0.15001,500,0.03827,0.0981,0.25,200,0.00162,0.00449,strict
Office,000524_lcam_front_lidar.ply,0.10002,799,0.0266,0.02511,0.15001,500,0.01165,0.01071,0.25,200,0.01131,0.17048,strict
Office,000525_lcam_front_lidar.ply,0.10002,799,0.08349,0.07424,0.15001,500,0.00139,0.00291,0.25,200,0.02528,0.06218,strict
Office,000526_lcam_front_lidar.ply,0.10002,799,0.08415,0.07542,0.15001,500,0.02072,0.09228,0.25,200,0.03807,0.12945,strict
Office,000527_lcam_front_lidar.ply,0.10002,799,0.09042,0.07524,0.15001,500,0.01147,0.00051,0.25,200,0.03264,0.11385,strict
Office,000528_lcam_front_lidar.ply,0.10002,799,0.10049,0.09052,0.15001,500,0.01907,0.06302,0.25,200,0.02729,0.14578,strict
Office,000529_lcam_front_lidar.ply,0.10002,799,0.01033,0.02655,0.15001,500,0.01636,0.06304,0.25,200,0.02421,0.12531,loose
Office,000530_lcam_front_lidar.ply,0.10002,799,0.10381,0.09623,0.15001,500,0.01489,0.03938,0.25,200,0.02147,0.198,strict
Office,000531_lcam_front_lidar.ply,0.10002,799,0.08071,0.06852,0.15001,500,0.01162,0.00036,0.25,200,0.01458,0.20532,strict
Office,000532_lcam_front_lidar.ply,0.10002,799,0.07983,0.06356,0.15001,500,0.01159,0.00041,0.25,200,0.21047,0.26006,loose
Office,000533_lcam_front_lidar.ply,0.10002,799,0.02651,0.02583,0.15001,500,0.02653,0.02582,0.25,200,0.00913,0.00037,standard
Office,000534_lcam_front_lidar.ply,0.10002,799,0.01089,0.00035,0.15001,500,0.02607,0.02888,0.25,200,0.00882,0.26078,standard
Office,000535_lcam_front_lidar.ply,0.10002,799,0.04835,0.05119,0.15001,500,0.10203,0.06768,0.25,200,0.19429,0.25093,loose
Office,000536_lcam_front_lidar.ply,0.10002,799,0.0696,0.04423,0.15001,500,0.10122,0.06418,0.25,200,0.15948,0.24106,loose
Office,000537_lcam_front_lidar.ply,0.10002,799,0.06171,0.04338,0.15001,500,0.10395,0.07189,0.25,200,0.18299,0.25784,loose
Office,000538_lcam_front_lidar.ply,0.10002,799,0.03067,0.04102,0.15001,500,0.1012,0.07006,0.25,200,0.12338,0.18894,loose
Office,000539_lcam_front_lidar.ply,0.10002,799,0.03919,0.05123,0.15001,500,0.10183,0.06959,0.25,200,0.11211,0.137,loose
Office,000540_lcam_front_lidar.ply,0.10002,799,0.01157,0.01857,0.15001,500,0.08805,0.06358,0.25,200,0.122,0.22709,loose
Office,000541_lcam_front_lidar.ply,0.10002,799,0.02097,0.00033,0.15001,500,0.04235,0.00036,0.25,200,0.12594,0.21849,loose
Office,000542_lcam_front_lidar.ply,0.10002,799,0.02098,0.00032,0.15001,500,0.04156,0.0003,0.25,200,0.01045,0.05887,standard
Office,000543_lcam_front_lidar.ply,0.10002,799,0.0284,0.09589,0.15001,500,0.04284,0.03143,0.25,200,0.11794,0.16134,loose
Office,000544_lcam_front_lidar.ply,0.10002,799,0.37878,0.14054,0.15001,500,0.0415,0.00034,0.25,200,0.01137,0.20506,strict
Office,000545_lcam_front_lidar.ply,0.10002,799,0.13085,0.08774,0.15001,500,0.04208,0.00032,0.25,200,0.11917,0.16742,strict
Office,000546_lcam_front_lidar.ply,0.10002,799,0.34583,0.14485,0.15001,500,0.04234,0.00035,0.25,200,0.11685,0.16556,strict
Office,000547_lcam_front_lidar.ply,0.10002,799,0.17822,0.10753,0.15001,500,0.04352,0.00037,0.25,200,0.12077,0.1606,strict
Office,000548_lcam_front_lidar.ply,0.10002,799,0.02174,0.00047,0.15001,500,0.04409,0.00042,0.25,200,0.12204,0.17113,loose
Office,000549_lcam_front_lidar.ply,0.10002,799,0.29867,0.14555,0.15001,500,0.04494,0.00049,0.25,200,0.12519,0.18063,strict
Office,000550_lcam_front_lidar.ply,0.10002,799,0.27726,0.14317,0.15001,500,0.04609,0.0005,0.25,200,0.11783,0.12044,strict
Office,000551_lcam_front_lidar.ply,0.10002,799,0.27272,0.14252,0.15001,500,0.04697,0.00058,0.25,200,0.11997,0.122,strict
Office,000552_lcam_front_lidar.ply,0.10002,799,0.02348,0.00059,0.15001,500,0.04766,0.00058,0.25,200,0.12175,0.13201,loose
Office,000553_lcam_front_lidar.ply,0.10002,799,0.26026,0.14309,0.15001,500,0.02191,0.00061,0.25,200,0.01077,0.00071,strict
Office,000554_lcam_front_lidar.ply,0.10002,799,0.26085,0.14496,0.15001,500,0.06613,0.1001,0.25,200,0.01302,0.00049,strict
Office,000555_lcam_front_lidar.ply,0.10002,799,0.26738,0.14562,0.15001,500,0.01641,0.0007,0.25,200,0.19395,0.23355,strict
Office,000556_lcam_front_lidar.ply,0.10002,799,0.04533,0.06845,0.15001,500,0.0108,0.00047,0.25,200,0.23294,0.23713,loose
Office,000557_lcam_front_lidar.ply,0.10002,799,0.05985,0.03867,0.15001,500,0.02051,0.00051,0.25,200,0.01827,0.19134,strict
Office,000558_lcam_front_lidar.ply,0.10002,799,0.09477,0.04643,0.15001,500,0.01971,0.00038,0.25,200,0.22119,0.24629,loose
Office,000559_lcam_front_lidar.ply,0.10002,799,0.10282,0.05319,0.15001,500,0.01853,0.00022,0.25,200,0.24342,0.244,loose
Office,000560_lcam_front_lidar.ply,0.10002,799,0.12375,0.05819,0.15001,500,0.01793,0.00025,0.25,200,0.02085,0.21287,strict
Office,000561_lcam_front_lidar.ply,0.10002,799,0.12204,0.04536,0.15001,500,0.0153,0.00024,0.25,200,0.11053,0.08687,strict
Office,000562_lcam_front_lidar.ply,0.10002,799,0.10297,0.03831,0.15001,500,0.05693,0.00026,0.25,200,0.22629,0.22975,loose
Office,000563_lcam_front_lidar.ply,0.10002,799,0.13288,0.04476,0.15001,500,0.01893,0.09897,0.25,200,0.02285,0.20626,strict
Office,000564_lcam_front_lidar.ply,0.10002,799,0.12391,0.05728,0.15001,500,0.01881,0.07544,0.25,200,0.00966,0.12162,strict
Office,000565_lcam_front_lidar.ply,0.10002,799,0.12542,0.05947,0.15001,500,0.15869,0.08823,0.25,200,0.197,0.14735,loose
Office,000566_lcam_front_lidar.ply,0.10002,799,0.0208,0.01284,0.15001,500,0.14489,0.04689,0.25,200,0.17878,0.1322,loose
Office,000567_lcam_front_lidar.ply,0.10002,799,0.02208,0.01926,0.15001,500,0.01155,0.0407,0.25,200,0.00292,0.00373,strict
Office,000568_lcam_front_lidar.ply,0.10002,799,0.16431,0.0375,0.15001,500,0.18953,0.076,0.25,200,0.00729,0.00083,standard
Office,000569_lcam_front_lidar.ply,0.10002,799,0.15196,0.04901,0.15001,500,0.212,0.10481,0.25,200,0.00047,7e-05,standard
Office,000570_lcam_front_lidar.ply,0.10002,799,0.1823,0.03826,0.15001,500,0.21148,0.08752,0.25,200,0.00714,0.12018,standard
Office,000571_lcam_front_lidar.ply,0.10002,799,0.19477,0.04741,0.15001,500,0.01396,0.05521,0.25,200,0.00838,0.09227,strict
Office,000572_lcam_front_lidar.ply,0.10002,799,0.19552,0.03226,0.15001,500,0.0141,0.04158,0.25,200,0.00866,0.09047,strict
Office,000573_lcam_front_lidar.ply,0.10002,799,0.21021,0.04561,0.15001,500,0.23536,0.10059,0.25,200,0.00106,0.00035,standard
Office,000574_lcam_front_lidar.ply,0.10002,799,0.0543,0.00028,0.15001,500,0.01376,0.02517,0.25,200,0.01433,0.05474,strict
Office,000575_lcam_front_lidar.ply,0.10002,799,0.05464,0.00035,0.15001,500,0.22425,0.06362,0.25,200,0.01365,0.06762,standard
Office,000576_lcam_front_lidar.ply,0.10002,799,0.05455,0.00027,0.15001,500,0.22499,0.06265,0.25,200,0.26605,0.16207,loose
Office,000577_lcam_front_lidar.ply,0.10002,799,0.05496,0.0003,0.15001,500,0.2428,0.08125,0.25,200,0.26809,0.14607,loose
Office,000578_lcam_front_lidar.ply,0.10002,799,0.05519,0.0003,0.15001,500,0.24321,0.07476,0.25,200,0.27372,0.15285,loose
Office,000579_lcam_front_lidar.ply,0.10002,799,0.05541,0.00035,0.15001,500,0.01309,0.01416,0.25,200,0.00909,0.08795,strict
Office,000580_lcam_front_lidar.ply,0.10002,799,0.05523,0.0004,0.15001,500,0.01325,0.05666,0.25,200,0.00911,0.08558,strict
Office,000581_lcam_front_lidar.ply,0.10002,799,0.05397,0.00045,0.15001,500,0.24,0.06855,0.25,200,0.27211,0.15319,loose
Office,000582_lcam_front_lidar.ply,0.10002,799,0.10351,0.00785,0.15001,500,0.23317,0.06052,0.25,200,0.00845,0.09656,standard
Office,000583_lcam_front_lidar.ply,0.10002,799,0.1008,0.00768,0.15001,500,0.11125,0.02741,0.25,200,0.2732,0.15601,loose
Office,000584_lcam_front_lidar.ply,0.10002,799,0.04492,0.00043,0.15001,500,0.21842,0.04621,0.25,200,0.01385,0.05631,standard
Office,000585_lcam_front_lidar.ply,0.10002,799,0.04379,0.00031,0.15001,500,0.04379,0.00031,0.25,200,0.01385,0.05704,strict
Office,000586_lcam_front_lidar.ply,0.10002,799,0.0428,0.00029,0.15001,500,0.04284,0.00029,0.25,200,0.00659,0.00183,standard
Office,000587_lcam_front_lidar.ply,0.10002,799,0.04269,0.00036,0.15001,500,0.04326,0.00044,0.25,200,0.01417,0.05277,standard
Office,000588_lcam_front_lidar.ply,0.10002,799,0.04209,0.00031,0.15001,500,0.04218,0.00044,0.25,200,0.00095,0.00115,standard
Office,000589_lcam_front_lidar.ply,0.10002,799,0.04192,0.00034,0.15001,500,0.04192,0.00048,0.25,200,0.00066,0.00087,strict
Office,000590_lcam_front_lidar.ply,0.10002,799,0.04108,0.00032,0.15001,500,0.0823,0.00041,0.25,200,0.01333,0.06898,standard
Office,000591_lcam_front_lidar.ply,0.10002,799,0.04061,0.00034,0.15001,500,0.08143,0.00039,0.25,200,0.01364,0.06781,standard
Office,000592_lcam_front_lidar.ply,0.10002,799,0.03936,0.0003,0.15001,500,0.03938,0.0003,0.25,200,0.00077,0.00061,standard
Office,000593_lcam_front_lidar.ply,0.10002,799,0.04017,0.00043,0.15001,500,0.08033,0.00038,0.25,200,0.19432,0.08324,loose
Office,000594_lcam_front_lidar.ply,0.10002,799,0.03983,0.00032,0.15001,500,0.07981,0.00036,0.25,200,0.19425,0.09288,loose
Office,000595_lcam_front_lidar.ply,0.10002,799,0.03865,0.00039,0.15001,500,0.0795,0.00034,0.25,200,0.18796,0.06686,loose
Office,000596_lcam_front_lidar.ply,0.10002,799,0.03958,0.00034,0.15001,500,0.03971,0.00034,0.25,200,0.16367,0.0437,loose
Office,000597_lcam_front_lidar.ply,0.10002,799,0.03834,0.00032,0.15001,500,0.0117,0.00066,0.25,200,0.11661,0.00034,loose
Office,000598_lcam_front_lidar.ply,0.10002,799,0.03778,0.00044,0.15001,500,0.07874,0.00042,0.25,200,0.17532,0.04417,loose
Office,000599_lcam_front_lidar.ply,0.10002,799,0.03922,0.00027,0.15001,500,0.03846,0.00043,0.25,200,0.1709,0.02072,loose
Office,000600_lcam_front_lidar.ply,0.10002,799,0.0394,0.0004,0.15001,500,0.07856,0.00041,0.25,200,0.03185,0.03682,standard
Office,000601_lcam_front_lidar.ply,0.10002,799,0.03875,0.00044,0.15001,500,0.07923,0.0004,0.25,200,0.17622,0.04256,loose
Office,000602_lcam_front_lidar.ply,0.10002,799,0.03843,0.00034,0.15001,500,0.00111,0.00058,0.25,200,0.16181,0.04515,loose
Office,000603_lcam_front_lidar.ply,0.10002,799,0.03846,0.00033,0.15001,500,0.03846,0.00033,0.25,200,0.00109,0.00056,strict
Office,000604_lcam_front_lidar.ply,0.10002,799,0.0388,0.00036,0.15001,500,0.03888,0.00036,0.25,200,0.16289,0.04306,loose
Office,000605_lcam_front_lidar.ply,0.10002,799,0.03974,0.00038,0.15001,500,0.0795,0.00038,0.25,200,0.16185,0.03637,loose
Office,000606_lcam_front_lidar.ply,0.10002,799,0.04001,0.00037,0.15001,500,0.03953,0.00046,0.25,200,0.16474,0.04262,loose
Office,000607_lcam_front_lidar.ply,0.10002,799,0.04037,0.00037,0.15001,500,0.08093,0.00049,0.25,200,0.01431,0.06437,standard
Office,000608_lcam_front_lidar.ply,0.10002,799,0.04058,0.00034,0.15001,500,0.08129,0.00059,0.25,200,0.01317,0.00713,standard
Office,000609_lcam_front_lidar.ply,0.10002,799,0.04082,0.00036,0.15001,500,0.03992,0.00405,0.25,200,0.17391,0.05669,loose
Office,000610_lcam_front_lidar.ply,0.10002,799,0.04109,0.00043,0.15001,500,0.03836,0.00619,0.25,200,0.00083,0.00156,strict
Office,000611_lcam_front_lidar.ply,0.10002,799,0.04114,0.00044,0.15001,500,0.01152,0.00325,0.25,200,0.22507,0.1024,loose
Office,000612_lcam_front_lidar.ply,0.10002,799,0.07981,0.00166,0.15001,500,0.00066,0.00057,0.25,200,0.00105,0.00234,strict
Office,000613_lcam_front_lidar.ply,0.10002,799,0.03789,0.00041,0.15001,500,0.16499,0.04791,0.25,200,0.24757,0.11797,loose
Office,000614_lcam_front_lidar.ply,0.10002,799,0.09784,0.00549,0.15001,500,0.16255,0.03423,0.25,200,0.00733,0.07531,standard
Office,000615_lcam_front_lidar.ply,0.10002,799,0.03814,0.00039,0.15001,500,0.04253,0.00052,0.25,200,0.01365,0.05938,standard
Office,000616_lcam_front_lidar.ply,0.10002,799,0.03806,0.00051,0.15001,500,0.04263,0.00059,0.25,200,0.00111,0.00038,standard
Office,000617_lcam_front_lidar.ply,0.10002,799,0.03855,0.00051,0.15001,500,0.04257,0.00057,0.25,200,0.00124,0.0007,standard
Office,000618_lcam_front_lidar.ply,0.10002,799,0.03868,0.00061,0.15001,500,0.14474,0.00971,0.25,200,0.01345,0.05949,standard
Office,000619_lcam_front_lidar.ply,0.10002,799,0.03867,0.00058,0.15001,500,0.16602,0.01696,0.25,200,0.00111,0.00108,standard
Office,000620_lcam_front_lidar.ply,0.10002,799,0.10358,0.00351,0.15001,500,0.14491,0.01147,0.25,200,0.2489,0.10162,loose
Office,000621_lcam_front_lidar.ply,0.10002,799,0.04563,0.00069,0.15001,500,0.10472,0.01004,0.25,200,0.01303,0.06746,standard
Office,000622_lcam_front_lidar.ply,0.10002,799,0.04505,0.00064,0.15001,500,0.01189,0.00683,0.25,200,0.25333,0.11916,loose
Office,000623_lcam_front_lidar.ply,0.10002,799,0.04478,0.00062,0.15001,500,0.01169,0.00045,0.25,200,0.22956,0.08926,loose
Office,000624_lcam_front_lidar.ply,0.10002,799,0.0445,0.00058,0.15001,500,0.09079,0.00892,0.25,200,0.24284,0.0997,loose
Office,000625_lcam_front_lidar.ply,0.10002,799,0.04398,0.00043,0.15001,500,0.17617,0.02345,0.25,200,0.23861,0.11345,loose
Office,000626_lcam_front_lidar.ply,0.10002,799,0.04299,0.00042,0.15001,500,0.01582,0.00116,0.25,200,0.01331,0.07577,strict
Office,000627_lcam_front_lidar.ply,0.10002,799,0.04301,0.00039,0.15001,500,0.08635,0.00051,0.25,200,0.00134,0.00081,standard
Office,000628_lcam_front_lidar.ply,0.10002,799,0.04246,0.00039,0.15001,500,0.08553,0.00058,0.25,200,0.25793,0.14036,loose
Office,000629_lcam_front_lidar.ply,0.10002,799,0.04227,0.00043,0.15001,500,0.04201,0.00054,0.25,200,0.00093,0.00191,strict
Office,000630_lcam_front_lidar.ply,0.10002,799,0.04075,0.00057,0.15001,500,0.08449,0.00055,0.25,200,0.00106,0.00111,standard
Office,000631_lcam_front_lidar.ply,0.10002,799,0.08403,0.00068,0.15001,500,0.08418,0.00068,0.25,200,0.01294,0.06279,standard
Office,000632_lcam_front_lidar.ply,0.10002,799,0.08381,0.00052,0.15001,500,0.084,0.00052,0.25,200,0.01324,0.06308,standard
Office,000633_lcam_front_lidar.ply,0.10002,799,0.04184,0.00058,0.15001,500,0.08416,0.00049,0.25,200,0.17462,0.05328,loose
Office,000634_lcam_front_lidar.ply,0.10002,799,0.04129,0.00853,0.15001,500,0.08448,0.00046,0.25,200,0.00101,0.00136,standard
Office,000635_lcam_front_lidar.ply,0.10002,799,0.04119,0.0063,0.15001,500,0.08513,0.00047,0.25,200,0.00109,0.00092,standard
Office,000636_lcam_front_lidar.ply,0.10002,799,0.08631,0.00055,0.15001,500,0.12998,0.01489,0.25,200,0.00143,0.0009,standard
Office,000637_lcam_front_lidar.ply,0.10002,799,0.08745,0.00047,0.15001,500,0.13243,0.01355,0.25,200,0.01618,0.17042,standard
Office,000638_lcam_front_lidar.ply,0.10002,799,0.0446,0.00055,0.15001,500,0.13951,0.03335,0.25,200,0.00154,0.00306,standard
Office,000639_lcam_front_lidar.ply,0.10002,799,0.05361,0.01011,0.15001,500,0.17711,0.03793,0.25,200,0.00156,0.00104,standard
Office,000640_lcam_front_lidar.ply,0.10002,799,0.05428,0.01272,0.15001,500,0.01854,0.03764,0.25,200,0.0016,0.00543,strict
Office,000641_lcam_front_lidar.ply,0.10002,799,0.04385,0.01754,0.15001,500,0.0187,0.03528,0.25,200,0.00162,0.00328,strict
Office,000642_lcam_front_lidar.ply,0.10002,799,0.11072,0.01308,0.15001,500,0.01853,0.03549,0.25,200,0.00168,0.00354,strict
Office,000643_lcam_front_lidar.ply,0.10002,799,0.11136,0.01722,0.15001,500,0.01862,0.03113,0.25,200,0.00136,0.00375,strict
Office,000644_lcam_front_lidar.ply,0.10002,799,0.17121,0.02423,0.15001,500,0.01869,0.03708,0.25,200,0.00073,0.00022,strict
Office,000645_lcam_front_lidar.ply,0.10002,799,0.15234,0.02391,0.15001,500,0.02398,0.02776,0.25,200,0.29048,0.18122,loose
Office,000646_lcam_front_lidar.ply,0.10002,799,0.02324,0.01273,0.15001,500,0.01646,0.04334,0.25,200,0.00113,0.00224,strict
Office,000647_lcam_front_lidar.ply,0.10002,799,0.02254,0.01152,0.15001,500,0.20958,0.0517,0.25,200,0.00967,0.08784,standard
Office,000648_lcam_front_lidar.ply,0.10002,799,0.0223,0.02123,0.15001,500,0.01425,0.05414,0.25,200,0.00191,0.00431,strict
Office,000649_lcam_front_lidar.ply,0.10002,799,0.15543,0.03115,0.15001,500,0.0139,0.04183,0.25,200,0.00155,0.00288,strict
Office,000650_lcam_front_lidar.ply,0.10002,799,0.17902,0.03206,0.15001,500,0.01498,0.06875,0.25,200,0.00188,0.00369,strict
Office,000651_lcam_front_lidar.ply,0.10002,799,0.0535,0.01657,0.15001,500,0.01425,0.05064,0.25,200,0.28281,0.15154,loose
Office,000652_lcam_front_lidar.ply,0.10002,799,0.01343,0.00146,0.15001,500,0.01795,0.05509,0.25,200,0.00207,0.00455,standard
Office,000653_lcam_front_lidar.ply,0.10002,799,0.01364,0.00477,0.15001,500,0.01442,0.04877,0.25,200,0.00153,0.00231,standard
Office,000654_lcam_front_lidar.ply,0.10002,799,0.01393,0.00252,0.15001,500,0.01474,0.0462,0.25,200,0.00112,0.00113,standard
Office,000655_lcam_front_lidar.ply,0.10002,799,0.13918,0.0287,0.15001,500,0.14688,0.05587,0.25,200,0.00161,0.00073,standard
Office,000656_lcam_front_lidar.ply,0.10002,799,0.02779,0.02572,0.15001,500,0.20766,0.0819,0.25,200,0.00216,0.00498,standard
Office,000657_lcam_front_lidar.ply,0.10002,799,0.02829,0.02747,0.15001,500,0.04596,0.03418,0.25,200,0.0092,0.07991,standard
Office,000658_lcam_front_lidar.ply,0.10002,799,0.15583,0.02028,0.15001,500,0.01499,0.03819,0.25,200,0.00181,0.00571,strict
Office,000659_lcam_front_lidar.ply,0.10002,799,0.15249,0.02374,0.15001,500,0.04581,0.02736,0.25,200,0.26947,0.14322,loose
Office,000660_lcam_front_lidar.ply,0.10002,799,0.0849,0.02267,0.15001,500,0.2055,0.04872,0.25,200,0.00215,0.00777,standard
Office,000661_lcam_front_lidar.ply,0.10002,799,0.05512,0.00059,0.15001,500,0.20296,0.04838,0.25,200,0.00216,0.00796,standard
Office,000662_lcam_front_lidar.ply,0.10002,799,0.05478,0.00057,0.15001,500,0.01503,0.0133,0.25,200,0.00132,0.0006,strict
Office,000663_lcam_front_lidar.ply,0.10002,799,0.05468,0.00064,0.15001,500,0.01494,0.0513,0.25,200,0.00099,0.00157,strict
Office,000664_lcam_front_lidar.ply,0.10002,799,0.05431,0.0005,0.15001,500,0.01391,0.0009,0.25,200,0.00124,0.00247,strict
Office,000665_lcam_front_lidar.ply,0.10002,799,0.05365,0.00054,0.15001,500,0.01396,0.00068,0.25,200,0.00163,0.00255,strict
Office,000666_lcam_front_lidar.ply,0.10002,799,0.05292,0.00056,0.15001,500,0.01461,0.00091,0.25,200,0.00154,0.00375,strict
Office,000667_lcam_front_lidar.ply,0.10002,799,0.05376,0.0092,0.15001,500,0.01464,0.00101,0.25,200,0.00123,0.00145,strict
Office,000668_lcam_front_lidar.ply,0.10002,799,0.04849,0.00832,0.15001,500,0.04888,0.01211,0.25,200,0.21928,0.08262,loose
Office,000669_lcam_front_lidar.ply,0.10002,799,0.05054,0.00038,0.15001,500,0.01436,0.00125,0.25,200,0.00627,0.00057,strict
Office,000670_lcam_front_lidar.ply,0.10002,799,0.04692,0.02388,0.15001,500,0.01398,0.00117,0.25,200,0.00888,0.00119,strict
Office,000671_lcam_front_lidar.ply,0.10002,799,0.04575,0.02751,0.15001,500,0.04714,0.02088,0.25,200,0.00137,0.00171,standard
Office,000672_lcam_front_lidar.ply,0.10002,799,0.04462,0.01887,0.15001,500,0.09564,0.01347,0.25,200,0.00124,0.00224,standard
Office,000673_lcam_front_lidar.ply,0.10002,799,0.0459,0.00049,0.15001,500,0.09358,0.01311,0.25,200,0.00397,0.00063,standard
Office,000674_lcam_front_lidar.ply,0.10002,799,0.04194,0.01509,0.15001,500,0.00549,0.00071,0.25,200,0.00202,0.00604,strict
Office,000675_lcam_front_lidar.ply,0.10002,799,0.08491,0.00452,0.15001,500,0.04108,0.01305,0.25,200,0.00031,0.00029,strict
Office,000676_lcam_front_lidar.ply,0.10002,799,0.08282,0.00473,0.15001,500,0.12508,0.01425,0.25,200,0.00198,0.00614,standard
Office,000677_lcam_front_lidar.ply,0.10002,799,0.08197,0.00444,0.15001,500,0.03986,0.00086,0.25,200,0.00208,0.00391,strict
