frame_id,epsilon,min_support,normal_threshold,runtime,reward,steps_used,inlier_ratio,plane_normal,residual
000000_lcam_front_lidar.ply,0.10002,799,0.9,0.27071,1.91302,1,0.17554,0.07882,0.06276
000001_lcam_front_lidar.ply,0.10002,799,0.9,0.4856,2.49887,1,0.05023,0.99831,0.13411
000002_lcam_front_lidar.ply,0.10002,799,0.9,0.30444,2.36748,1,0.03687,0.99936,0.14653
000003_lcam_front_lidar.ply,0.10002,799,0.9,0.24247,2.43383,1,0.04837,0.97508,0.14598
000004_lcam_front_lidar.ply,0.10002,799,0.9,0.38763,1.98698,1,0.00599,0.96354,0.06162
000005_lcam_front_lidar.ply,0.10002,799,0.9,0.38762,2.41054,1,0.04408,0.98487,0.14573
000006_lcam_front_lidar.ply,0.10002,799,0.9,0.29279,2.43623,1,0.04387,0.99876,0.15162
000007_lcam_front_lidar.ply,0.10002,799,0.9,0.35183,1.67277,1,0.16321,0.02033,0.03931
000008_lcam_front_lidar.ply,0.10002,799,0.9,0.33815,2.15756,1,0.03097,0.92392,0.12074
000009_lcam_front_lidar.ply,0.10002,799,0.9,0.29953,2.13647,1,0.01635,0.98646,0.13865
000010_lcam_front_lidar.ply,0.10002,799,0.9,0.33359,2.24489,1,0.02844,0.98026,0.1231
000011_lcam_front_lidar.ply,0.10002,799,0.9,0.32179,1.69871,1,0.00266,0.83607,0.07707
000012_lcam_front_lidar.ply,0.10002,799,0.9,0.32272,1.88571,1,0.01123,0.88669,0.07718
000013_lcam_front_lidar.ply,0.10002,799,0.9,0.29913,2.157,1,0.02972,0.92989,0.0552
000014_lcam_front_lidar.ply,0.10002,799,0.9,0.43253,1.99754,1,0.03227,0.8374,0.05661
000015_lcam_front_lidar.ply,0.10002,799,0.9,0.33974,2.00714,1,0.00156,0.99576,0.00152
000016_lcam_front_lidar.ply,0.10002,799,0.9,0.27288,2.01016,1,0.00106,0.99979,0.00069
000017_lcam_front_lidar.ply,0.10002,799,0.9,0.27003,2.08614,1,0.02095,0.9383,0.09962
000018_lcam_front_lidar.ply,0.10002,799,0.9,0.27049,2.37112,1,0.04352,0.96794,0.04963
000019_lcam_front_lidar.ply,0.10002,799,0.9,0.31398,2.09908,1,0.02505,0.92428,0.02222
000020_lcam_front_lidar.ply,0.10002,799,0.9,0.22539,2.19082,1,0.02705,0.96016,0.12429
000021_lcam_front_lidar.ply,0.10002,799,0.9,0.31159,2.46144,1,0.05149,0.97325,0.05785
000022_lcam_front_lidar.ply,0.10002,799,0.9,0.27521,2.41805,1,0.04635,0.97725,0.05926
000023_lcam_front_lidar.ply,0.10002,799,0.9,0.24858,1.91098,1,0.01406,0.88518,0.09431
000024_lcam_front_lidar.ply,0.10002,799,0.9,0.24613,2.2171,1,0.03247,0.94622,0.12923
000025_lcam_front_lidar.ply,0.10002,799,0.9,0.22261,2.50497,1,0.05457,0.97965,0.08563
000026_lcam_front_lidar.ply,0.10002,799,0.9,0.25928,1.97875,1,0.0137,0.92089,0.09525
000027_lcam_front_lidar.ply,0.10002,799,0.9,0.21504,2.46628,1,0.05073,0.97949,0.06602
000028_lcam_front_lidar.ply,0.10002,799,0.9,0.23243,2.16447,1,0.01983,0.9831,0.10237
000029_lcam_front_lidar.ply,0.10002,799,0.9,0.25874,2.24706,1,0.02479,0.99957,0.14556
000030_lcam_front_lidar.ply,0.10002,799,0.9,0.25362,2.47918,1,0.04995,0.98985,0.08552
000031_lcam_front_lidar.ply,0.10002,799,0.9,0.26354,2.45592,1,0.0484,0.98594,0.14234
000032_lcam_front_lidar.ply,0.10002,799,0.9,0.26182,2.54279,1,0.05703,0.98624,0.09307
000033_lcam_front_lidar.ply,0.10002,799,0.9,0.20323,2.38369,1,0.04405,0.97161,0.06253
000034_lcam_front_lidar.ply,0.10002,799,0.9,0.23998,2.15314,1,0.01903,0.98143,0.1056
000035_lcam_front_lidar.ply,0.10002,799,0.9,0.23318,2.36738,1,0.03844,0.99149,0.13659
000036_lcam_front_lidar.ply,0.10002,799,0.9,0.25965,2.0092,1,0.00095,0.99982,6e-05
000037_lcam_front_lidar.ply,0.10002,799,0.9,0.28507,2.00803,1,0.00115,0.99829,0.00081
000038_lcam_front_lidar.ply,0.10002,799,0.9,0.19445,2.14583,1,0.018,0.98289,0.10522
000039_lcam_front_lidar.ply,0.10002,799,0.9,0.31461,2.02396,1,0.00894,0.96727,0.1197
000040_lcam_front_lidar.ply,0.10002,799,0.9,0.25356,2.10324,1,0.02052,0.94901,0.12593
000041_lcam_front_lidar.ply,0.10002,799,0.9,0.25989,2.01145,1,0.00118,0.99982,0.0001
000042_lcam_front_lidar.ply,0.10002,799,0.9,0.22626,2.14301,1,0.01832,0.97992,0.10614
000043_lcam_front_lidar.ply,0.10002,799,0.9,0.25416,2.34218,1,0.04113,0.96544,0.11369
000044_lcam_front_lidar.ply,0.10002,799,0.9,0.26942,1.95501,1,0.01222,0.91639,0.00563
000045_lcam_front_lidar.ply,0.10002,799,0.9,0.25777,2.04929,1,0.01993,0.92499,0.10529
000046_lcam_front_lidar.ply,0.10002,799,0.9,0.23194,2.20364,1,0.02083,0.99765,0.13932
000047_lcam_front_lidar.ply,0.10002,799,0.9,0.23868,2.53659,1,0.05547,0.99095,0.11087
000048_lcam_front_lidar.ply,0.10002,799,0.9,0.23685,2.41246,1,0.0462,0.97524,0.06615
000049_lcam_front_lidar.ply,0.10002,799,0.9,0.24212,2.09748,1,0.01328,0.98233,0.14113
000050_lcam_front_lidar.ply,0.10002,799,0.9,0.27541,2.43982,1,0.04821,0.97885,0.08293
000051_lcam_front_lidar.ply,0.10002,799,0.9,0.25358,2.03129,1,0.0037,0.99715,0.00256
000052_lcam_front_lidar.ply,0.10002,799,0.9,0.24367,1.88776,1,0.01609,0.86341,0.03551
000053_lcam_front_lidar.ply,0.10002,799,0.9,0.22594,3.37458,1,0.22259,0.57435,0.0196
000054_lcam_front_lidar.ply,0.10002,799,0.9,0.23373,2.27033,1,0.02755,0.9974,0.14873
000055_lcam_front_lidar.ply,0.10002,799,0.9,0.22191,1.95516,1,0.01868,0.88418,0.07511
000056_lcam_front_lidar.ply,0.10002,799,0.9,0.18037,3.33329,1,0.22741,0.52958,0.01951
000057_lcam_front_lidar.ply,0.10002,799,0.9,0.25717,2.31407,1,0.03158,0.99914,0.15114
000058_lcam_front_lidar.ply,0.10002,799,0.9,0.24297,3.37479,1,0.2237,0.56891,0.01858
000059_lcam_front_lidar.ply,0.10002,799,0.9,0.25911,2.18679,1,0.02141,0.98637,0.14242
000060_lcam_front_lidar.ply,0.10002,799,0.9,0.22296,2.21615,1,0.02359,0.99011,0.16146
000061_lcam_front_lidar.ply,0.10002,799,0.9,0.23429,2.10669,1,0.01578,0.97444,0.10617
000062_lcam_front_lidar.ply,0.10002,799,0.9,0.21193,2.21907,1,0.02872,0.96596,0.07493
000063_lcam_front_lidar.ply,0.10002,799,0.9,0.2137,3.39213,1,0.22792,0.55648,0.01887
000064_lcam_front_lidar.ply,0.10002,799,0.9,0.2581,2.18289,1,0.01998,0.99153,0.14161
000065_lcam_front_lidar.ply,0.10002,799,0.9,0.24522,1.83659,1,0.01181,0.85927,0.03588
000066_lcam_front_lidar.ply,0.10002,799,0.9,0.20571,3.39045,1,0.22493,0.57057,0.01886
000067_lcam_front_lidar.ply,0.10002,799,0.9,0.22774,2.3807,1,0.03939,0.99339,0.11013
000068_lcam_front_lidar.ply,0.10002,799,0.9,0.25474,2.05275,1,0.0084,0.98436,0.14493
000069_lcam_front_lidar.ply,0.10002,799,0.9,0.27451,1.74828,1,0.00533,0.84749,0.019
000070_lcam_front_lidar.ply,0.10002,799,0.9,0.22677,2.1491,1,0.01764,0.98636,0.14303
000071_lcam_front_lidar.ply,0.10002,799,0.9,0.2293,2.04259,1,0.00792,0.98171,0.0428
000072_lcam_front_lidar.ply,0.10002,799,0.9,0.22449,2.00399,1,0.01036,0.95017,0.03238
000073_lcam_front_lidar.ply,0.10002,799,0.9,0.24159,2.06011,1,0.00813,0.98943,0.13966
000074_lcam_front_lidar.ply,0.10002,799,0.9,0.23145,2.0007,1,0.01002,0.95026,0.02903
000075_lcam_front_lidar.ply,0.10002,799,0.9,0.21928,2.12384,1,0.01488,0.98753,0.13519
000076_lcam_front_lidar.ply,0.10002,799,0.9,0.20869,1.73064,1,0.00995,0.81558,0.0371
000077_lcam_front_lidar.ply,0.10002,799,0.9,0.24767,2.07913,1,0.01431,0.96804,0.07908
000078_lcam_front_lidar.ply,0.10002,799,0.9,0.302,2.13513,1,0.01486,0.99326,0.14722
000079_lcam_front_lidar.ply,0.10002,799,0.9,0.25071,2.05839,1,0.00774,0.99048,0.0467
000080_lcam_front_lidar.ply,0.10002,799,0.9,0.24064,2.11303,1,0.01382,0.98742,0.14673
000081_lcam_front_lidar.ply,0.10002,799,0.9,0.23893,2.00889,1,0.00134,0.99776,0.00102
000082_lcam_front_lidar.ply,0.10002,799,0.9,0.25541,1.79907,1,0.00905,0.85431,0.14522
000083_lcam_front_lidar.ply,0.10002,799,0.9,0.25744,3.39953,1,0.22932,0.55315,0.01701
000084_lcam_front_lidar.ply,0.10002,799,0.9,0.2705,1.96056,1,0.00363,0.96214,0.09919
000085_lcam_front_lidar.ply,0.10002,799,0.9,0.35814,2.04497,1,0.00653,0.98984,0.11159
000086_lcam_front_lidar.ply,0.10002,799,0.9,0.20412,2.01264,1,0.00898,0.96144,0.10791
000087_lcam_front_lidar.ply,0.10002,799,0.9,0.2886,1.97967,1,0.00497,0.96501,0.13336
000088_lcam_front_lidar.ply,0.10002,799,0.9,0.27501,2.0037,1,0.0004,0.99985,0.0
000089_lcam_front_lidar.ply,0.10002,799,0.9,0.25436,2.06414,1,0.00941,0.98502,0.1498
000090_lcam_front_lidar.ply,0.10002,799,0.9,0.2727,2.01175,1,0.00431,0.98435,0.10683
000091_lcam_front_lidar.ply,0.10002,799,0.9,0.30812,2.02793,1,0.0049,0.98948,0.07378
000092_lcam_front_lidar.ply,0.10002,799,0.9,0.2219,2.06492,1,0.00677,0.99861,0.017
000093_lcam_front_lidar.ply,0.10002,799,0.9,0.22035,2.03869,1,0.00931,0.97282,0.05779
000094_lcam_front_lidar.ply,0.10002,799,0.9,0.26472,2.0788,1,0.00809,0.99895,0.15865
000095_lcam_front_lidar.ply,0.10002,799,0.9,0.27632,1.93072,1,0.00819,0.92439,0.10505
000096_lcam_front_lidar.ply,0.10002,799,0.9,0.26049,2.00108,1,0.00038,0.99863,8e-05
000097_lcam_front_lidar.ply,0.10002,799,0.9,0.26896,2.0517,1,0.00519,0.99989,0.00109
000098_lcam_front_lidar.ply,0.10002,799,0.9,0.29778,2.05073,1,0.00648,0.99299,0.14017
000099_lcam_front_lidar.ply,0.10002,799,0.9,0.28876,2.0788,1,0.00826,0.99808,0.02211
000100_lcam_front_lidar.ply,0.10002,799,0.9,0.33074,0.3574,1,0.03465,0.00544,0.05564
000101_lcam_front_lidar.ply,0.10002,799,0.9,0.23625,2.21143,1,0.02253,0.99304,0.08538
000102_lcam_front_lidar.ply,0.10002,799,0.9,0.25389,2.0187,1,0.0021,0.99885,0.00181
000103_lcam_front_lidar.ply,0.10002,799,0.9,0.23647,2.18123,1,0.02172,0.98202,0.07678
000104_lcam_front_lidar.ply,0.10002,799,0.9,0.22537,3.42034,1,0.21217,0.64932,0.01612
000105_lcam_front_lidar.ply,0.10002,799,0.9,0.24581,1.75221,1,0.00208,0.86569,0.02102
000106_lcam_front_lidar.ply,0.10002,799,0.9,0.25601,2.03358,1,0.00399,0.99682,0.00457
000107_lcam_front_lidar.ply,0.10002,799,0.9,0.26833,2.00426,1,0.00068,0.99875,0.00021
000108_lcam_front_lidar.ply,0.10002,799,0.9,0.24685,2.03001,1,0.00311,0.99947,0.0018
000109_lcam_front_lidar.ply,0.10002,799,0.9,0.24976,2.01182,1,0.00122,0.99983,0.00028
000110_lcam_front_lidar.ply,0.10002,799,0.9,0.31586,1.71597,1,0.00427,0.83663,0.01951
000111_lcam_front_lidar.ply,0.10002,799,0.9,0.18797,2.96292,1,0.18812,0.54084,0.02048
000112_lcam_front_lidar.ply,0.10002,799,0.9,0.28541,1.95035,1,0.17773,0.08655,0.05304
000113_lcam_front_lidar.ply,0.10002,799,0.9,0.28938,2.02741,1,0.00278,0.99982,0.00077
000114_lcam_front_lidar.ply,0.10002,799,0.9,0.37995,2.03646,1,0.00385,0.99896,0.00419
000115_lcam_front_lidar.ply,0.10002,799,0.9,0.34792,2.00961,1,0.00253,0.99213,0.00437
000116_lcam_front_lidar.ply,0.10002,799,0.9,0.41237,2.03459,1,0.00476,0.99351,0.00734
000117_lcam_front_lidar.ply,0.10002,799,0.9,0.50726,1.91765,1,0.00472,0.93521,0.01794
000118_lcam_front_lidar.ply,0.10002,799,0.9,0.38812,2.1871,1,0.01905,0.99832,0.07786
000119_lcam_front_lidar.ply,0.10002,799,0.9,0.48517,2.03283,1,0.00368,0.99801,0.00294
000120_lcam_front_lidar.ply,0.10002,799,0.9,0.45392,2.03714,1,0.00411,0.998,0.00389
000121_lcam_front_lidar.ply,0.10002,799,0.9,0.41053,2.02751,1,0.00323,0.99761,0.00352
000122_lcam_front_lidar.ply,0.10002,799,0.9,0.49813,2.18036,1,0.01835,0.99843,0.08288
000123_lcam_front_lidar.ply,0.10002,799,0.9,0.35375,2.15394,1,0.01575,0.99824,0.06829
000124_lcam_front_lidar.ply,0.10002,799,0.9,0.30196,2.05536,1,0.00828,0.98627,0.13016
000125_lcam_front_lidar.ply,0.10002,799,0.9,0.29772,2.13613,1,0.01396,0.99827,0.07271
000126_lcam_front_lidar.ply,0.10002,799,0.9,0.27358,-2.0,1,0.0,0.0,0.0
000127_lcam_front_lidar.ply,0.10002,799,0.9,0.27818,0.23244,1,0.02236,0.0044,0.00939
000128_lcam_front_lidar.ply,0.10002,799,0.9,0.25765,-2.0,1,0.0,0.0,0.0
000129_lcam_front_lidar.ply,0.10002,799,0.9,0.28561,2.14544,1,0.02936,0.92593,0.03061
000130_lcam_front_lidar.ply,0.10002,799,0.9,0.25669,-2.0,1,0.0,0.0,0.0
000131_lcam_front_lidar.ply,0.10002,799,0.9,0.30337,1.89333,1,0.00514,0.92097,0.07362
000132_lcam_front_lidar.ply,0.10002,799,0.9,0.35464,1.90843,1,0.00842,0.91211,0.12158
000133_lcam_front_lidar.ply,0.10002,799,0.9,0.36747,0.37592,1,0.00953,0.1403,0.04972
000134_lcam_front_lidar.ply,0.10002,799,0.9,0.3529,0.86512,1,0.00854,0.38985,0.11627
000135_lcam_front_lidar.ply,0.10002,799,0.9,0.40149,2.05579,1,0.00879,0.98397,0.14793
000136_lcam_front_lidar.ply,0.10002,799,0.9,0.38582,-2.0,1,0.0,0.0,0.0
000137_lcam_front_lidar.ply,0.10002,799,0.9,0.38579,-2.0,1,0.0,0.0,0.0
000138_lcam_front_lidar.ply,0.10002,799,0.9,0.48165,1.6702,1,0.01398,0.76522,0.08285
000139_lcam_front_lidar.ply,0.10002,799,0.9,0.66581,1.9781,1,0.0046,0.96605,0.08737
000140_lcam_front_lidar.ply,0.10002,799,0.9,0.38315,2.01359,1,0.00198,0.9969,0.00119
000141_lcam_front_lidar.ply,0.10002,799,0.9,0.44669,1.64501,1,0.00229,0.81104,0.10036
000142_lcam_front_lidar.ply,0.10002,799,0.9,0.34563,2.00389,1,0.00455,0.9792,0.12496
000143_lcam_front_lidar.ply,0.10002,799,0.9,0.35061,2.00895,1,0.00458,0.98156,0.11929
000144_lcam_front_lidar.ply,0.10002,799,0.9,0.32194,1.84205,1,0.00766,0.88274,0.11161
000145_lcam_front_lidar.ply,0.10002,799,0.9,0.30221,2.01614,1,0.00538,0.98116,0.12012
000146_lcam_front_lidar.ply,0.10002,799,0.9,0.28558,1.83184,1,0.00519,0.88996,0.10016
000147_lcam_front_lidar.ply,0.10002,799,0.9,0.27136,2.57893,1,0.0584,0.99745,0.0913
000148_lcam_front_lidar.ply,0.10002,799,0.9,0.27045,1.95592,1,0.00398,0.95808,0.12618
000149_lcam_front_lidar.ply,0.10002,799,0.9,0.29447,1.98982,1,0.00483,0.97078,0.11514
000150_lcam_front_lidar.ply,0.10002,799,0.9,0.3405,2.16725,1,0.02749,0.9462,0.0522
000151_lcam_front_lidar.ply,0.10002,799,0.9,0.30627,1.94564,1,0.00248,0.96041,0.08876
000152_lcam_front_lidar.ply,0.10002,799,0.9,0.31783,2.02785,1,0.00432,0.99231,0.11158
000153_lcam_front_lidar.ply,0.10002,799,0.9,0.26246,2.58204,1,0.06601,0.96097,0.10261
000154_lcam_front_lidar.ply,0.10002,799,0.9,0.26752,2.33869,1,0.03622,0.98825,0.07803
000155_lcam_front_lidar.ply,0.10002,799,0.9,0.27489,1.85317,1,0.00295,0.91183,0.13403
000156_lcam_front_lidar.ply,0.10002,799,0.9,0.26897,2.0078,1,0.00471,0.98037,0.07622
000157_lcam_front_lidar.ply,0.10002,799,0.9,0.28139,2.03017,1,0.00974,0.96638,0.13533
000158_lcam_front_lidar.ply,0.10002,799,0.9,0.29583,2.49026,1,0.04966,0.99684,0.07864
000159_lcam_front_lidar.ply,0.10002,799,0.9,0.25512,3.14502,1,0.15089,0.81808,0.13545
000160_lcam_front_lidar.ply,0.10002,799,0.9,0.26276,2.1706,1,0.02471,0.96177,0.04919
000161_lcam_front_lidar.ply,0.10002,799,0.9,0.26388,2.37363,1,0.04235,0.97506,0.05289
000162_lcam_front_lidar.ply,0.10002,799,0.9,0.22412,2.71014,1,0.08273,0.94142,0.08424
000163_lcam_front_lidar.ply,0.10002,799,0.9,0.31684,2.65114,1,0.09828,0.83417,0.13632
000164_lcam_front_lidar.ply,0.10002,799,0.9,0.32231,2.6545,1,0.06724,0.99105,0.13172
000165_lcam_front_lidar.ply,0.10002,799,0.9,0.30666,2.75218,1,0.09259,0.91313,0.12691
000166_lcam_front_lidar.ply,0.10002,799,0.9,0.27535,2.50223,1,0.06261,0.93806,0.10818
000167_lcam_front_lidar.ply,0.10002,799,0.9,0.22977,2.68414,1,0.08219,0.93113,0.08083
000168_lcam_front_lidar.ply,0.10002,799,0.9,0.22835,2.98572,1,0.11648,0.91046,0.10888
000169_lcam_front_lidar.ply,0.10002,799,0.9,0.22364,2.46363,1,0.05941,0.93476,0.06515
000170_lcam_front_lidar.ply,0.10002,799,0.9,0.23954,2.93494,1,0.11693,0.88281,0.10556
000171_lcam_front_lidar.ply,0.10002,799,0.9,0.24177,2.45897,1,0.05216,0.96871,0.07663
000172_lcam_front_lidar.ply,0.10002,799,0.9,0.27014,1.95439,1,0.00351,0.95966,0.11787
000173_lcam_front_lidar.ply,0.10002,799,0.9,0.24241,2.75107,1,0.08904,0.93034,0.08336
000174_lcam_front_lidar.ply,0.10002,799,0.9,0.22721,2.66609,1,0.08339,0.9161,0.07777
000175_lcam_front_lidar.ply,0.10002,799,0.9,0.23723,2.9158,1,0.11708,0.87252,0.10468
000176_lcam_front_lidar.ply,0.10002,799,0.9,0.23103,2.30821,1,0.0387,0.9606,0.06039
000177_lcam_front_lidar.ply,0.10002,799,0.9,0.22686,3.06809,1,0.12466,0.91073,0.11692
000178_lcam_front_lidar.ply,0.10002,799,0.9,0.22144,2.74657,1,0.07754,0.9856,0.09141
000179_lcam_front_lidar.ply,0.10002,799,0.9,0.24542,2.0268,1,0.00436,0.99161,0.00909
000180_lcam_front_lidar.ply,0.10002,799,0.9,0.21901,2.6297,1,0.09183,0.85571,0.08342
000181_lcam_front_lidar.ply,0.10002,799,0.9,0.26189,2.009,1,0.00271,0.99096,0.00404
000182_lcam_front_lidar.ply,0.10002,799,0.9,0.25753,1.94209,1,0.00596,0.94127,0.14979
000183_lcam_front_lidar.ply,0.10002,799,0.9,0.23846,2.83912,1,0.10518,0.89367,0.09854
000184_lcam_front_lidar.ply,0.10002,799,0.9,0.21675,3.09107,1,0.13331,0.87897,0.12325
000185_lcam_front_lidar.ply,0.10002,799,0.9,0.24552,1.98031,1,0.00356,0.97236,0.01062
000186_lcam_front_lidar.ply,0.10002,799,0.9,0.25273,2.05024,1,0.00639,0.99317,0.1209
000187_lcam_front_lidar.ply,0.10002,799,0.9,0.24214,2.73357,1,0.1062,0.83578,0.11183
000188_lcam_front_lidar.ply,0.10002,799,0.9,0.2543,3.01973,1,0.1391,0.81438,0.12385
000189_lcam_front_lidar.ply,0.10002,799,0.9,0.26032,2.03783,1,0.00432,0.9973,0.00938
000190_lcam_front_lidar.ply,0.10002,799,0.9,0.27067,1.63405,1,0.0034,0.80001,0.02118
000191_lcam_front_lidar.ply,0.10002,799,0.9,0.26404,2.0391,1,0.00403,0.99941,0.00485
000192_lcam_front_lidar.ply,0.10002,799,0.9,0.24529,2.55373,1,0.05976,0.97808,0.08495
000193_lcam_front_lidar.ply,0.10002,799,0.9,0.25739,2.3827,1,0.0527,0.92787,0.07963
000194_lcam_front_lidar.ply,0.10002,799,0.9,0.2716,2.21082,1,0.03066,0.95209,0.06675
000195_lcam_front_lidar.ply,0.10002,799,0.9,0.25856,2.50941,1,0.06374,0.93601,0.0998
000196_lcam_front_lidar.ply,0.10002,799,0.9,0.25525,2.4957,1,0.05243,0.98569,0.08936
000197_lcam_front_lidar.ply,0.10002,799,0.9,0.25894,2.45877,1,0.05131,0.97285,0.08226
000198_lcam_front_lidar.ply,0.10002,799,0.9,0.254,2.18693,1,0.02717,0.9576,0.09063
000199_lcam_front_lidar.ply,0.10002,799,0.9,0.28593,2.41699,1,0.04315,0.99277,0.10341
000200_lcam_front_lidar.ply,0.10002,799,0.9,0.24949,2.26349,1,0.03247,0.9694,0.09649
000201_lcam_front_lidar.ply,0.10002,799,0.9,0.2817,2.17587,1,0.02691,0.95338,0.09709
000202_lcam_front_lidar.ply,0.10002,799,0.9,0.26039,2.22727,1,0.02509,0.98819,0.07206
000203_lcam_front_lidar.ply,0.10002,799,0.9,0.25592,2.23221,1,0.02585,0.98684,0.07521
000204_lcam_front_lidar.ply,0.10002,799,0.9,0.27023,2.03687,1,0.0038,0.99942,0.00444
000205_lcam_front_lidar.ply,0.10002,799,0.9,0.27817,2.22202,1,0.02877,0.96717,0.06443
000206_lcam_front_lidar.ply,0.10002,799,0.9,0.27831,2.93255,1,0.11424,0.89507,0.10259
000207_lcam_front_lidar.ply,0.10002,799,0.9,0.23358,2.27545,1,0.03254,0.97505,0.06867
000208_lcam_front_lidar.ply,0.10002,799,0.9,0.2272,2.22456,1,0.02566,0.98397,0.07601
000209_lcam_front_lidar.ply,0.10002,799,0.9,0.27219,2.22194,1,0.02545,0.9837,0.07452
000210_lcam_front_lidar.ply,0.10002,799,0.9,0.30543,1.9915,1,0.00149,0.98828,0.00199
000211_lcam_front_lidar.ply,0.10002,799,0.9,0.24171,2.2689,1,0.03387,0.96509,0.06946
000212_lcam_front_lidar.ply,0.10002,799,0.9,0.22239,2.28502,1,0.03547,0.96515,0.0684
000213_lcam_front_lidar.ply,0.10002,799,0.9,0.26967,2.90411,1,0.09051,0.99953,0.09399
000214_lcam_front_lidar.ply,0.10002,799,0.9,0.24067,2.07062,1,0.03453,0.86264,0.07682
000215_lcam_front_lidar.ply,0.10002,799,0.9,0.24322,3.26505,1,0.12744,0.99533,0.09793
000216_lcam_front_lidar.ply,0.10002,799,0.9,0.23578,2.57275,1,0.07716,0.90059,0.08435
000217_lcam_front_lidar.ply,0.10002,799,0.9,0.25341,3.35254,1,0.15327,0.90994,0.10966
000218_lcam_front_lidar.ply,0.10002,799,0.9,0.24609,3.25342,1,0.16499,0.80178,0.10854
000219_lcam_front_lidar.ply,0.10002,799,0.9,0.24802,3.30166,1,0.15981,0.85177,0.1151
000220_lcam_front_lidar.ply,0.10002,799,0.9,0.23822,3.34331,1,0.15006,0.92137,0.10386
000221_lcam_front_lidar.ply,0.10002,799,0.9,0.25508,2.2176,1,0.03988,0.9094,0.07044
000222_lcam_front_lidar.ply,0.10002,799,0.9,0.24483,3.39097,1,0.17255,0.83272,0.11019
000223_lcam_front_lidar.ply,0.10002,799,0.9,0.26537,2.12217,1,0.02794,0.92141,0.06711
000224_lcam_front_lidar.ply,0.10002,799,0.9,0.24791,2.06715,1,0.0321,0.87307,0.07103
000225_lcam_front_lidar.ply,0.10002,799,0.9,0.2547,2.09937,1,0.02495,0.92494,0.03786
000226_lcam_front_lidar.ply,0.10002,799,0.9,0.25588,2.01933,1,0.00215,0.9989,0.00173
000227_lcam_front_lidar.ply,0.10002,799,0.9,0.24204,3.19037,1,0.12299,0.98023,0.0841
000228_lcam_front_lidar.ply,0.10002,799,0.9,0.25684,2.88234,1,0.09213,0.98054,0.07952
000229_lcam_front_lidar.ply,0.10002,799,0.9,0.23265,3.32472,1,0.15203,0.90221,0.10132
000230_lcam_front_lidar.ply,0.10002,799,0.9,0.24339,2.15746,1,0.03648,0.89632,0.06235
000231_lcam_front_lidar.ply,0.10002,799,0.9,0.24126,2.93981,1,0.09794,0.98023,0.07287
000232_lcam_front_lidar.ply,0.10002,799,0.9,0.26946,2.38362,1,0.04137,0.98494,0.06915
000233_lcam_front_lidar.ply,0.10002,799,0.9,0.23763,3.13284,1,0.12066,0.9631,0.07903
000234_lcam_front_lidar.ply,0.10002,799,0.9,0.24373,2.85842,1,0.09691,0.94464,0.06505
000235_lcam_front_lidar.ply,0.10002,799,0.9,0.27067,2.00561,1,0.0021,0.9923,0.0013
000236_lcam_front_lidar.ply,0.10002,799,0.9,0.22061,3.33053,1,0.14694,0.93054,0.09507
000237_lcam_front_lidar.ply,0.10002,799,0.9,0.2797,2.64103,1,0.06775,0.98177,0.06562
000238_lcam_front_lidar.ply,0.10002,799,0.9,0.22539,2.60276,1,0.06459,0.97845,0.06879
000239_lcam_front_lidar.ply,0.10002,799,0.9,0.21061,3.47437,1,0.17152,0.8796,0.10501
000240_lcam_front_lidar.ply,0.10002,799,0.9,0.23811,3.54074,1,0.17463,0.89722,0.10635
000241_lcam_front_lidar.ply,0.10002,799,0.9,0.22623,2.85216,1,0.08596,0.99626,0.07006
000242_lcam_front_lidar.ply,0.10002,799,0.9,0.22223,3.16434,1,0.12156,0.97435,0.0735
000243_lcam_front_lidar.ply,0.10002,799,0.9,0.24144,3.42678,1,0.18161,0.80535,0.10613
000244_lcam_front_lidar.ply,0.10002,799,0.9,0.25519,1.98124,1,0.00052,0.98801,3e-05
000245_lcam_front_lidar.ply,0.10002,799,0.9,0.3012,2.01853,1,0.00187,0.99989,0.00022
000246_lcam_front_lidar.ply,0.10002,799,0.9,0.25024,2.08727,1,0.04398,0.82375,0.05788
000247_lcam_front_lidar.ply,0.10002,799,0.9,0.23525,2.5798,1,0.07614,0.90923,0.0723
000248_lcam_front_lidar.ply,0.10002,799,0.9,0.2753,1.99248,1,0.00146,0.98895,0.00024
000249_lcam_front_lidar.ply,0.10002,799,0.9,0.23813,2.82,1,0.08245,0.99774,0.09533
000250_lcam_front_lidar.ply,0.10002,799,0.9,0.25956,2.87364,1,0.09519,0.96086,0.07254
000251_lcam_front_lidar.ply,0.10002,799,0.9,0.20976,3.52904,1,0.15652,0.98193,0.09991
000252_lcam_front_lidar.ply,0.10002,799,0.9,0.2229,3.02244,1,0.13696,0.82641,0.09303
000253_lcam_front_lidar.ply,0.10002,799,0.9,0.27215,1.98887,1,0.00118,0.98853,0.00084
000254_lcam_front_lidar.ply,0.10002,799,0.9,0.23462,2.31217,1,0.04023,0.95496,0.04493
000255_lcam_front_lidar.ply,0.10002,799,0.9,0.28304,1.81631,1,0.0053,0.88168,0.03672
000256_lcam_front_lidar.ply,0.10002,799,0.9,0.2055,2.34865,1,0.04384,0.95512,0.04361
000257_lcam_front_lidar.ply,0.10002,799,0.9,0.25592,1.98471,1,0.00224,0.98115,0.13298
000258_lcam_front_lidar.ply,0.10002,799,0.9,0.24236,2.14341,1,0.01773,0.98307,0.06088
000259_lcam_front_lidar.ply,0.10002,799,0.9,0.1902,2.75878,1,0.22987,0.23005,0.08676
000260_lcam_front_lidar.ply,0.10002,799,0.9,0.22337,2.3314,1,0.04172,0.95708,0.0458
000261_lcam_front_lidar.ply,0.10002,799,0.9,0.25414,2.0064,1,0.00281,0.98914,0.00116
000262_lcam_front_lidar.ply,0.10002,799,0.9,0.26238,2.01954,1,0.00427,0.98842,0.00111
000263_lcam_front_lidar.ply,0.10002,799,0.9,0.23214,2.02475,1,0.00271,0.99883,0.00337
000264_lcam_front_lidar.ply,0.10002,799,0.9,0.25431,2.01284,1,0.00238,0.99453,0.0018
000265_lcam_front_lidar.ply,0.10002,799,0.9,0.22985,2.2585,1,0.02726,0.99296,0.07705
000266_lcam_front_lidar.ply,0.10002,799,0.9,0.20252,1.8232,1,0.01042,0.85951,0.08806
000267_lcam_front_lidar.ply,0.10002,799,0.9,0.21649,0.69441,1,0.0587,0.0537,0.02168
000268_lcam_front_lidar.ply,0.10002,799,0.9,0.22485,0.69392,1,0.05853,0.05433,0.02175
000269_lcam_front_lidar.ply,0.10002,799,0.9,0.18909,2.62413,1,0.23354,0.14436,0.07535
000270_lcam_front_lidar.ply,0.10002,799,0.9,0.24269,2.20019,1,0.02328,0.98368,0.07376
000271_lcam_front_lidar.ply,0.10002,799,0.9,0.22032,2.44768,1,0.21456,0.15104,0.06565
000272_lcam_front_lidar.ply,0.10002,799,0.9,0.23889,2.21975,1,0.02447,0.98755,0.08008
000273_lcam_front_lidar.ply,0.10002,799,0.9,0.24347,2.01923,1,0.00221,0.99859,0.0023
000274_lcam_front_lidar.ply,0.10002,799,0.9,0.20615,2.20825,1,0.02377,0.98529,0.07386
000275_lcam_front_lidar.ply,0.10002,799,0.9,0.24309,1.89767,1,0.02427,0.82747,0.0569
000276_lcam_front_lidar.ply,0.10002,799,0.9,0.20273,2.22301,1,0.02438,0.98962,0.08087
000277_lcam_front_lidar.ply,0.10002,799,0.9,0.23911,2.20757,1,0.02367,0.98545,0.07393
000278_lcam_front_lidar.ply,0.10002,799,0.9,0.25943,2.21227,1,0.02389,0.98668,0.07492
000279_lcam_front_lidar.ply,0.10002,799,0.9,0.28406,2.00503,1,0.00125,0.99626,0.00122
000280_lcam_front_lidar.ply,0.10002,799,0.9,0.2261,2.0167,1,0.00168,0.99993,0.00029
000281_lcam_front_lidar.ply,0.10002,799,0.9,0.23808,2.24064,1,0.03214,0.95963,0.06917
000282_lcam_front_lidar.ply,0.10002,799,0.9,0.22632,2.2119,1,0.02385,0.98668,0.07553
000283_lcam_front_lidar.ply,0.10002,799,0.9,0.23166,2.2051,1,0.02346,0.98526,0.07511
000284_lcam_front_lidar.ply,0.10002,799,0.9,0.22447,2.20467,1,0.02335,0.98558,0.07439
000285_lcam_front_lidar.ply,0.10002,799,0.9,0.23883,1.96027,1,0.01953,0.88247,0.02762
000286_lcam_front_lidar.ply,0.10002,799,0.9,0.22458,2.20094,1,0.02302,0.98535,0.07417
000287_lcam_front_lidar.ply,0.10002,799,0.9,0.25808,2.20129,1,0.02309,0.98518,0.07391
000288_lcam_front_lidar.ply,0.10002,799,0.9,0.24286,2.20593,1,0.02333,0.98629,0.07458
000289_lcam_front_lidar.ply,0.10002,799,0.9,0.2496,2.20525,1,0.02307,0.98725,0.07459
000290_lcam_front_lidar.ply,0.10002,799,0.9,0.28609,1.99577,1,0.00102,0.99276,0.00087
000291_lcam_front_lidar.ply,0.10002,799,0.9,0.26501,2.20577,1,0.02285,0.98864,0.07459
000292_lcam_front_lidar.ply,0.10002,799,0.9,0.25838,2.29289,1,0.03603,0.96631,0.06541
000293_lcam_front_lidar.ply,0.10002,799,0.9,0.24526,2.19488,1,0.02273,0.9838,0.07065
000294_lcam_front_lidar.ply,0.10002,799,0.9,0.24566,2.19958,1,0.0228,0.98581,0.07488
000295_lcam_front_lidar.ply,0.10002,799,0.9,0.28066,1.91597,1,0.00635,0.92621,0.009
000296_lcam_front_lidar.ply,0.10002,799,0.9,0.27495,2.02027,1,0.00205,0.99989,0.00022
000297_lcam_front_lidar.ply,0.10002,799,0.9,0.25904,2.26664,1,0.03337,0.96646,0.06914
000298_lcam_front_lidar.ply,0.10002,799,0.9,0.24507,1.70723,1,0.00828,0.8122,0.03685
000299_lcam_front_lidar.ply,0.10002,799,0.9,0.25891,2.21847,1,0.02484,0.98505,0.07343
000300_lcam_front_lidar.ply,0.10002,799,0.9,0.26968,2.36581,1,0.04174,0.97421,0.09535
000301_lcam_front_lidar.ply,0.10002,799,0.9,0.27283,2.17622,1,0.03047,0.93578,0.05922
000302_lcam_front_lidar.ply,0.10002,799,0.9,0.26118,3.66211,1,0.17143,0.97392,0.14377
000303_lcam_front_lidar.ply,0.10002,799,0.9,0.26852,3.60651,1,0.16609,0.97282,0.14186
000304_lcam_front_lidar.ply,0.10002,799,0.9,0.29878,3.61164,1,0.16692,0.97123,0.14567
000305_lcam_front_lidar.ply,0.10002,799,0.9,0.28773,2.01857,1,0.0037,0.99078,0.13268
000306_lcam_front_lidar.ply,0.10002,799,0.9,0.31479,1.66426,1,0.0054,0.80511,0.01323
000307_lcam_front_lidar.ply,0.10002,799,0.9,0.3354,2.02174,1,0.0044,0.98889,0.11258
000308_lcam_front_lidar.ply,0.10002,799,0.9,0.27554,3.47257,1,0.15302,0.97117,0.14385
000309_lcam_front_lidar.ply,0.10002,799,0.9,0.28894,3.44717,1,0.14882,0.97947,0.14142
000310_lcam_front_lidar.ply,0.10002,799,0.9,0.30587,3.39674,1,0.14631,0.96683,0.14237
000311_lcam_front_lidar.ply,0.10002,799,0.9,0.3097,3.38262,1,0.14254,0.9786,0.14096
000312_lcam_front_lidar.ply,0.10002,799,0.9,0.27548,3.37601,1,0.14421,0.96697,0.14343
000313_lcam_front_lidar.ply,0.10002,799,0.9,0.29132,3.36625,1,0.14313,0.96749,0.14509
000314_lcam_front_lidar.ply,0.10002,799,0.9,0.28551,3.32215,1,0.13863,0.96793,0.14462
000315_lcam_front_lidar.ply,0.10002,799,0.9,0.28526,2.06844,1,0.01011,0.98367,0.13548
000316_lcam_front_lidar.ply,0.10002,799,0.9,0.31204,3.28657,1,0.13545,0.96606,0.14587
000317_lcam_front_lidar.ply,0.10002,799,0.9,0.2593,3.25684,1,0.12973,0.97979,0.14229
000318_lcam_front_lidar.ply,0.10002,799,0.9,0.27307,3.29438,1,0.13645,0.96492,0.13966
000319_lcam_front_lidar.ply,0.10002,799,0.9,0.27322,2.19738,1,0.03975,0.89996,0.06055
000320_lcam_front_lidar.ply,0.10002,799,0.9,0.31824,3.19569,1,0.12683,0.96369,0.14285
000321_lcam_front_lidar.ply,0.10002,799,0.9,0.26879,2.99822,1,0.10378,0.98021,0.13896
000322_lcam_front_lidar.ply,0.10002,799,0.9,0.27528,2.90257,1,0.11039,0.89932,0.13545
000323_lcam_front_lidar.ply,0.10002,799,0.9,0.27866,3.17855,1,0.12103,0.98411,0.13924
000324_lcam_front_lidar.ply,0.10002,799,0.9,0.29325,2.32043,1,0.04014,0.95951,0.12476
000325_lcam_front_lidar.ply,0.10002,799,0.9,0.33367,3.23308,1,0.13007,0.96621,0.14451
000326_lcam_front_lidar.ply,0.10002,799,0.9,0.294,2.8645,1,0.09167,0.97387,0.12324
000327_lcam_front_lidar.ply,0.10002,799,0.9,0.29942,2.92403,1,0.09799,0.97205,0.13097
000328_lcam_front_lidar.ply,0.10002,799,0.9,0.29844,2.94459,1,0.10011,0.97175,0.13793
000329_lcam_front_lidar.ply,0.10002,799,0.9,0.33191,2.01889,1,0.00191,0.9999,0.00051
000330_lcam_front_lidar.ply,0.10002,799,0.9,0.31384,2.91291,1,0.09661,0.9734,0.12653
000331_lcam_front_lidar.ply,0.10002,799,0.9,0.30767,2.91479,1,0.09687,0.97306,0.13898
000332_lcam_front_lidar.ply,0.10002,799,0.9,0.29643,3.14231,1,0.11747,0.9838,0.15011
000333_lcam_front_lidar.ply,0.10002,799,0.9,0.31935,3.12067,1,0.11901,0.96527,0.14549
000334_lcam_front_lidar.ply,0.10002,799,0.9,0.30949,2.60763,1,0.06521,0.97775,0.11087
000335_lcam_front_lidar.ply,0.10002,799,0.9,0.34895,2.85473,1,0.09051,0.97479,0.13705
000336_lcam_front_lidar.ply,0.10002,799,0.9,0.38236,2.87339,1,0.09253,0.97406,0.13113
000337_lcam_front_lidar.ply,0.10002,799,0.9,0.39748,3.08151,1,0.11471,0.96719,0.14215
000338_lcam_front_lidar.ply,0.10002,799,0.9,0.36617,2.96215,1,0.10124,0.97485,0.14331
000339_lcam_front_lidar.ply,0.10002,799,0.9,0.39734,2.85534,1,0.09106,0.97235,0.14284
000340_lcam_front_lidar.ply,0.10002,799,0.9,0.36909,3.04917,1,0.11179,0.96563,0.14457
000341_lcam_front_lidar.ply,0.10002,799,0.9,0.37047,3.0318,1,0.11004,0.96571,0.14509
000342_lcam_front_lidar.ply,0.10002,799,0.9,0.36363,2.90759,1,0.09621,0.97276,0.13806
000343_lcam_front_lidar.ply,0.10002,799,0.9,0.35543,2.77626,1,0.08598,0.95824,0.13884
000344_lcam_front_lidar.ply,0.10002,799,0.9,0.36439,2.76702,1,0.07971,0.98494,0.13544
000345_lcam_front_lidar.ply,0.10002,799,0.9,0.32813,2.83681,1,0.08791,0.97885,0.14686
000346_lcam_front_lidar.ply,0.10002,799,0.9,0.34748,2.82236,1,0.08694,0.9765,0.14771
000347_lcam_front_lidar.ply,0.10002,799,0.9,0.37585,2.84167,1,0.09051,0.96829,0.14196
000348_lcam_front_lidar.ply,0.10002,799,0.9,0.38505,1.93775,1,0.00469,0.94544,0.10404
000349_lcam_front_lidar.ply,0.10002,799,0.9,0.36532,2.71242,1,0.08013,0.95558,0.14195
000350_lcam_front_lidar.ply,0.10002,799,0.9,0.3911,2.3769,1,0.04529,0.96202,0.1294
000351_lcam_front_lidar.ply,0.10002,799,0.9,0.36682,2.75771,1,0.08155,0.97109,0.13584
000352_lcam_front_lidar.ply,0.10002,799,0.9,0.37413,2.43861,1,0.07577,0.84045,0.13685
000353_lcam_front_lidar.ply,0.10002,799,0.9,0.37949,2.70262,1,0.07706,0.96603,0.14175
000354_lcam_front_lidar.ply,0.10002,799,0.9,0.35141,2.16712,1,0.01679,0.99961,0.0358
000355_lcam_front_lidar.ply,0.10002,799,0.9,0.38178,2.54653,1,0.06212,0.96266,0.14918
000356_lcam_front_lidar.ply,0.10002,799,0.9,0.34594,2.24324,1,0.05268,0.85822,0.12017
000357_lcam_front_lidar.ply,0.10002,799,0.9,0.38535,2.85188,1,0.08759,0.98798,0.14878
000358_lcam_front_lidar.ply,0.10002,799,0.9,0.36193,2.75876,1,0.08,0.97936,0.14096
000359_lcam_front_lidar.ply,0.10002,799,0.9,0.35303,2.52792,1,0.0638,0.94498,0.13813
000360_lcam_front_lidar.ply,0.10002,799,0.9,0.35613,2.72295,1,0.07565,0.98322,0.14611
000361_lcam_front_lidar.ply,0.10002,799,0.9,0.36887,2.70242,1,0.0736,0.98323,0.14451
000362_lcam_front_lidar.ply,0.10002,799,0.9,0.40405,2.70819,1,0.07982,0.95502,0.145
000363_lcam_front_lidar.ply,0.10002,799,0.9,0.36212,2.73304,1,0.08153,0.95887,0.14139
000364_lcam_front_lidar.ply,0.10002,799,0.9,0.35265,2.61337,1,0.07158,0.94877,0.14769
000365_lcam_front_lidar.ply,0.10002,799,0.9,0.35139,1.84305,1,0.02417,0.80069,0.09871
000366_lcam_front_lidar.ply,0.10002,799,0.9,0.36699,2.27003,1,0.05769,0.84659,0.10943
000367_lcam_front_lidar.ply,0.10002,799,0.9,0.35121,2.62446,1,0.0708,0.95822,0.13935
000368_lcam_front_lidar.ply,0.10002,799,0.9,0.38379,2.59688,1,0.06331,0.9819,0.14023
000369_lcam_front_lidar.ply,0.10002,799,0.9,0.43322,2.64652,1,0.07402,0.95318,0.14126
000370_lcam_front_lidar.ply,0.10002,799,0.9,0.38463,2.63741,1,0.07165,0.96043,0.14532
000371_lcam_front_lidar.ply,0.10002,799,0.9,0.44003,2.57005,1,0.07141,0.92796,0.13836
000372_lcam_front_lidar.ply,0.10002,799,0.9,0.41921,2.50873,1,0.06597,0.9245,0.12096
000373_lcam_front_lidar.ply,0.10002,799,0.9,0.44248,2.42032,1,0.06078,0.90625,0.14202
000374_lcam_front_lidar.ply,0.10002,799,0.9,0.36498,2.68479,1,0.07601,0.96232,0.13835
000375_lcam_front_lidar.ply,0.10002,799,0.9,0.39344,2.32936,1,0.03985,0.96546,0.11934
000376_lcam_front_lidar.ply,0.10002,799,0.9,0.35215,2.76022,1,0.08167,0.97176,0.15002
000377_lcam_front_lidar.ply,0.10002,799,0.9,0.37253,2.53675,1,0.06464,0.94517,0.13346
000378_lcam_front_lidar.ply,0.10002,799,0.9,0.3693,2.27709,1,0.03403,0.96839,0.10775
000379_lcam_front_lidar.ply,0.10002,799,0.9,0.39969,2.70918,1,0.07825,0.96334,0.14135
000380_lcam_front_lidar.ply,0.10002,799,0.9,0.36703,2.56059,1,0.07162,0.9222,0.13355
000381_lcam_front_lidar.ply,0.10002,799,0.9,0.36845,2.72368,1,0.07843,0.9697,0.13874
000382_lcam_front_lidar.ply,0.10002,799,0.9,0.38532,2.35151,1,0.04429,0.95429,0.12935
000383_lcam_front_lidar.ply,0.10002,799,0.9,0.34327,2.18395,1,0.02417,0.97113,0.11679
000384_lcam_front_lidar.ply,0.10002,799,0.9,0.41722,2.72881,1,0.07719,0.97846,0.14054
000385_lcam_front_lidar.ply,0.10002,799,0.9,0.40068,2.78845,1,0.08611,0.96367,0.14403
000386_lcam_front_lidar.ply,0.10002,799,0.9,0.37917,2.22304,1,0.02589,0.98208,0.11396
000387_lcam_front_lidar.ply,0.10002,799,0.9,0.4308,2.85186,1,0.09266,0.96263,0.14097
000388_lcam_front_lidar.ply,0.10002,799,0.9,0.40022,2.72918,1,0.07756,0.97678,0.13952
000389_lcam_front_lidar.ply,0.10002,799,0.9,0.47875,2.43274,1,0.04884,0.97216,0.14051
000390_lcam_front_lidar.ply,0.10002,799,0.9,0.42013,2.54384,1,0.05813,0.98128,0.12301
000391_lcam_front_lidar.ply,0.10002,799,0.9,0.38137,2.60805,1,0.07376,0.93525,0.12658
000392_lcam_front_lidar.ply,0.10002,799,0.9,0.34194,2.85429,1,0.08677,0.99327,0.14069
000393_lcam_front_lidar.ply,0.10002,799,0.9,0.39597,2.29151,1,0.03299,0.98081,0.12385
000394_lcam_front_lidar.ply,0.10002,799,0.9,0.34939,2.81157,1,0.0867,0.9723,0.13954
000395_lcam_front_lidar.ply,0.10002,799,0.9,0.32813,2.84537,1,0.08628,0.99129,0.1369
000396_lcam_front_lidar.ply,0.10002,799,0.9,0.40875,2.35666,1,0.04544,0.95113,0.13427
000397_lcam_front_lidar.ply,0.10002,799,0.9,0.40691,2.32419,1,0.0403,0.96059,0.13557
000398_lcam_front_lidar.ply,0.10002,799,0.9,0.41262,2.0563,1,0.01478,0.95427,0.10754
000399_lcam_front_lidar.ply,0.10002,799,0.9,0.36309,2.8706,1,0.09245,0.97306,0.14374
000400_lcam_front_lidar.ply,0.10002,799,0.9,0.37176,2.7836,1,0.08374,0.97311,0.1406
000401_lcam_front_lidar.ply,0.10002,799,0.9,0.42296,2.43948,1,0.04739,0.98281,0.14103
000402_lcam_front_lidar.ply,0.10002,799,0.9,0.34991,2.91699,1,0.09741,0.97143,0.14426
000403_lcam_front_lidar.ply,0.10002,799,0.9,0.35722,3.01935,1,0.10805,0.96942,0.15044
000404_lcam_front_lidar.ply,0.10002,799,0.9,0.37896,2.9862,1,0.10521,0.96707,0.14301
000405_lcam_front_lidar.ply,0.10002,799,0.9,0.38147,2.98239,1,0.10481,0.96714,0.14239
000406_lcam_front_lidar.ply,0.10002,799,0.9,0.32775,2.8882,1,0.09403,0.97396,0.14419
000407_lcam_front_lidar.ply,0.10002,799,0.9,0.34274,2.99657,1,0.10615,0.96753,0.14248
000408_lcam_front_lidar.ply,0.10002,799,0.9,0.34075,2.81308,1,0.08697,0.97171,0.14162
000409_lcam_front_lidar.ply,0.10002,799,0.9,0.33117,3.01071,1,0.10703,0.97021,0.14757
000410_lcam_front_lidar.ply,0.10002,799,0.9,0.31618,2.31861,1,0.04176,0.9505,0.13216
000411_lcam_front_lidar.ply,0.10002,799,0.9,0.33901,3.12539,1,0.1195,0.96521,0.14145
000412_lcam_front_lidar.ply,0.10002,799,0.9,0.29959,2.63703,1,0.07481,0.94445,0.13034
000413_lcam_front_lidar.ply,0.10002,799,0.9,0.31266,2.35439,1,0.03999,0.97725,0.12811
000414_lcam_front_lidar.ply,0.10002,799,0.9,0.30193,2.874,1,0.08849,0.99453,0.13871
000415_lcam_front_lidar.ply,0.10002,799,0.9,0.33953,2.40533,1,0.04436,0.98086,0.1304
000416_lcam_front_lidar.ply,0.10002,799,0.9,0.33002,2.34013,1,0.03842,0.97795,0.12548
000417_lcam_front_lidar.ply,0.10002,799,0.9,0.30076,2.28349,1,0.03374,0.97307,0.12247
000418_lcam_front_lidar.ply,0.10002,799,0.9,0.31064,2.9642,1,0.10294,0.96742,0.14212
000419_lcam_front_lidar.ply,0.10002,799,0.9,0.33187,2.06571,1,0.02922,0.88674,0.10155
000420_lcam_front_lidar.ply,0.10002,799,0.9,0.30334,2.79712,1,0.08468,0.97518,0.14158
000421_lcam_front_lidar.ply,0.10002,799,0.9,0.31755,2.94167,1,0.0994,0.97384,0.14325
000422_lcam_front_lidar.ply,0.10002,799,0.9,0.32768,1.93731,1,0.03169,0.81022,0.10394
000423_lcam_front_lidar.ply,0.10002,799,0.9,0.2955,2.64344,1,0.07112,0.96614,0.11882
000424_lcam_front_lidar.ply,0.10002,799,0.9,0.30175,2.28336,1,0.0349,0.96718,0.12518
000425_lcam_front_lidar.ply,0.10002,799,0.9,0.28536,2.28893,1,0.0332,0.97848,0.12334
000426_lcam_front_lidar.ply,0.10002,799,0.9,0.37037,2.29421,1,0.03346,0.97983,0.12259
000427_lcam_front_lidar.ply,0.10002,799,0.9,0.32902,2.3621,1,0.04007,0.9807,0.13026
000428_lcam_front_lidar.ply,0.10002,799,0.9,0.33904,2.01191,1,0.00207,0.99563,0.00257
000429_lcam_front_lidar.ply,0.10002,799,0.9,0.3048,2.36019,1,0.0417,0.97158,0.13056
000430_lcam_front_lidar.ply,0.10002,799,0.9,0.33904,2.25923,1,0.02986,0.9803,0.12404
000431_lcam_front_lidar.ply,0.10002,799,0.9,0.32124,2.90728,1,0.09488,0.97922,0.14631
000432_lcam_front_lidar.ply,0.10002,799,0.9,0.30254,2.80507,1,0.08601,0.97249,0.12419
000433_lcam_front_lidar.ply,0.10002,799,0.9,0.30253,2.34992,1,0.03912,0.97938,0.12549
000434_lcam_front_lidar.ply,0.10002,799,0.9,0.32003,2.84861,1,0.0901,0.97381,0.13985
000435_lcam_front_lidar.ply,0.10002,799,0.9,0.32917,2.36785,1,0.0425,0.9714,0.13235
000436_lcam_front_lidar.ply,0.10002,799,0.9,0.2849,2.57296,1,0.06155,0.97874,0.11012
000437_lcam_front_lidar.ply,0.10002,799,0.9,0.2753,2.28066,1,0.03342,0.97322,0.12073
000438_lcam_front_lidar.ply,0.10002,799,0.9,0.3185,2.9188,1,0.09578,0.98051,0.145
000439_lcam_front_lidar.ply,0.10002,799,0.9,0.31863,2.85446,1,0.09028,0.97582,0.13833
000440_lcam_front_lidar.ply,0.10002,799,0.9,0.30789,2.32941,1,0.03936,0.96791,0.12672
000441_lcam_front_lidar.ply,0.10002,799,0.9,0.2856,2.53777,1,0.06041,0.96683,0.13483
000442_lcam_front_lidar.ply,0.10002,799,0.9,0.26766,2.37005,1,0.04869,0.94158,0.14504
000443_lcam_front_lidar.ply,0.10002,799,0.9,0.32533,2.29232,1,0.03514,0.97044,0.12954
000444_lcam_front_lidar.ply,0.10002,799,0.9,0.38967,2.35472,1,0.04144,0.97014,0.13252
000445_lcam_front_lidar.ply,0.10002,799,0.9,0.27506,2.87942,1,0.09357,0.97188,0.1336
000446_lcam_front_lidar.ply,0.10002,799,0.9,0.33884,3.03545,1,0.10574,0.98902,0.13729
000447_lcam_front_lidar.ply,0.10002,799,0.9,0.33438,2.85913,1,0.09089,0.97511,0.13868
000448_lcam_front_lidar.ply,0.10002,799,0.9,0.34323,2.84868,1,0.09016,0.97355,0.13676
000449_lcam_front_lidar.ply,0.10002,799,0.9,0.34378,2.70678,1,0.07665,0.97012,0.1232
000450_lcam_front_lidar.ply,0.10002,799,0.9,0.33164,2.2994,1,0.03572,0.97112,0.1062
000451_lcam_front_lidar.ply,0.10002,799,0.9,0.27148,2.82618,1,0.08791,0.97356,0.13766
000452_lcam_front_lidar.ply,0.10002,799,0.9,0.37079,3.02124,1,0.10807,0.97027,0.14966
000453_lcam_front_lidar.ply,0.10002,799,0.9,0.31922,2.85369,1,0.09112,0.97126,0.14003
000454_lcam_front_lidar.ply,0.10002,799,0.9,0.31218,2.76761,1,0.08334,0.96712,0.13723
000455_lcam_front_lidar.ply,0.10002,799,0.9,0.2715,2.41944,1,0.049,0.96474,0.05704
000456_lcam_front_lidar.ply,0.10002,799,0.9,0.26234,2.42864,1,0.04758,0.97644,0.13775
000457_lcam_front_lidar.ply,0.10002,799,0.9,0.30641,2.50483,1,0.05291,0.98787,0.1226
000458_lcam_front_lidar.ply,0.10002,799,0.9,0.29319,2.52366,1,0.05787,0.97247,0.11695
000459_lcam_front_lidar.ply,0.10002,799,0.9,0.28425,2.27065,1,0.032,0.97531,0.12524
000460_lcam_front_lidar.ply,0.10002,799,0.9,0.26483,2.7777,1,0.08248,0.97646,0.14176
000461_lcam_front_lidar.ply,0.10002,799,0.9,0.34982,2.29951,1,0.03475,0.97603,0.13291
000462_lcam_front_lidar.ply,0.10002,799,0.9,0.3041,2.31017,1,0.03567,0.97675,0.12485
000463_lcam_front_lidar.ply,0.10002,799,0.9,0.27122,2.24234,1,0.02882,0.97704,0.12147
000464_lcam_front_lidar.ply,0.10002,799,0.9,0.27027,2.35376,1,0.03987,0.97755,0.1265
000465_lcam_front_lidar.ply,0.10002,799,0.9,0.30008,2.37325,1,0.04089,0.98218,0.13514
000466_lcam_front_lidar.ply,0.10002,799,0.9,0.31333,3.17367,1,0.12405,0.96659,0.14254
000467_lcam_front_lidar.ply,0.10002,799,0.9,0.33306,2.48166,1,0.0541,0.97033,0.12899
000468_lcam_front_lidar.ply,0.10002,799,0.9,0.29763,2.03044,1,0.00547,0.98787,0.09125
000469_lcam_front_lidar.ply,0.10002,799,0.9,0.26056,2.89995,1,0.09473,0.97632,0.14471
000470_lcam_front_lidar.ply,0.10002,799,0.9,0.30129,2.02781,1,0.0151,0.93838,0.12951
000471_lcam_front_lidar.ply,0.10002,799,0.9,0.28653,2.81742,1,0.08635,0.97696,0.13188
000472_lcam_front_lidar.ply,0.10002,799,0.9,0.3132,2.80944,1,0.08675,0.97096,0.13244
000473_lcam_front_lidar.ply,0.10002,799,0.9,0.29459,2.05618,1,0.02051,0.92556,0.12249
000474_lcam_front_lidar.ply,0.10002,799,0.9,0.30274,2.3299,1,0.037,0.97995,0.12499
000475_lcam_front_lidar.ply,0.10002,799,0.9,0.34006,2.87123,1,0.09307,0.97029,0.14275
000476_lcam_front_lidar.ply,0.10002,799,0.9,0.30446,2.95639,1,0.10082,0.97407,0.14221
000477_lcam_front_lidar.ply,0.10002,799,0.9,0.3199,2.8994,1,0.09518,0.9738,0.14717
000478_lcam_front_lidar.ply,0.10002,799,0.9,0.3121,2.8587,1,0.09128,0.97296,0.13014
000479_lcam_front_lidar.ply,0.10002,799,0.9,0.3216,2.39996,1,0.04377,0.98113,0.13163
000480_lcam_front_lidar.ply,0.10002,799,0.9,0.28914,2.92889,1,0.09823,0.97327,0.14009
000481_lcam_front_lidar.ply,0.10002,799,0.9,0.303,2.40877,1,0.04471,0.98084,0.13195
000482_lcam_front_lidar.ply,0.10002,799,0.9,0.31981,3.04581,1,0.11109,0.96748,0.14367
000483_lcam_front_lidar.ply,0.10002,799,0.9,0.30815,2.86581,1,0.09179,0.97395,0.13885
000484_lcam_front_lidar.ply,0.10002,799,0.9,0.32964,2.03524,1,0.02203,0.90745,0.06884
000485_lcam_front_lidar.ply,0.10002,799,0.9,0.30299,2.88569,1,0.0946,0.96983,0.14752
000486_lcam_front_lidar.ply,0.10002,799,0.9,0.34351,2.24608,1,0.02915,0.97728,0.12193
000487_lcam_front_lidar.ply,0.10002,799,0.9,0.33745,2.24708,1,0.03273,0.9599,0.1154
000488_lcam_front_lidar.ply,0.10002,799,0.9,0.30149,2.87109,1,0.09153,0.97788,0.14115
000489_lcam_front_lidar.ply,0.10002,799,0.9,0.332,2.308,1,0.03514,0.97829,0.12491
000490_lcam_front_lidar.ply,0.10002,799,0.9,0.27132,2.85603,1,0.08862,0.9849,0.14339
000491_lcam_front_lidar.ply,0.10002,799,0.9,0.32215,1.74514,1,0.01429,0.80112,0.05374
000492_lcam_front_lidar.ply,0.10002,799,0.9,0.33485,2.73207,1,0.08034,0.96435,0.13369
000493_lcam_front_lidar.ply,0.10002,799,0.9,0.32758,2.86389,1,0.09208,0.97154,0.14292
000494_lcam_front_lidar.ply,0.10002,799,0.9,0.31929,2.15599,1,0.01919,0.98206,0.12645
000495_lcam_front_lidar.ply,0.10002,799,0.9,0.33759,2.46512,1,0.08395,0.81283,0.13127
000496_lcam_front_lidar.ply,0.10002,799,0.9,0.3259,2.36105,1,0.04131,0.97398,0.13313
000497_lcam_front_lidar.ply,0.10002,799,0.9,0.31707,2.37019,1,0.04066,0.98179,0.13074
000498_lcam_front_lidar.ply,0.10002,799,0.9,0.27425,2.19104,1,0.03123,0.93935,0.1124
000499_lcam_front_lidar.ply,0.10002,799,0.9,0.32773,2.87554,1,0.09297,0.9729,0.14542
000500_lcam_front_lidar.ply,0.10002,799,0.9,0.32059,3.0423,1,0.11138,0.96424,0.14038
000501_lcam_front_lidar.ply,0.10002,799,0.9,0.31162,2.85995,1,0.09091,0.97545,0.14078
000502_lcam_front_lidar.ply,0.10002,799,0.9,0.3045,2.28047,1,0.03207,0.97989,0.12055
000503_lcam_front_lidar.ply,0.10002,799,0.9,0.30087,2.89218,1,0.09349,0.97862,0.14545
000504_lcam_front_lidar.ply,0.10002,799,0.9,0.26978,2.34347,1,0.04133,0.96511,0.13096
000505_lcam_front_lidar.ply,0.10002,799,0.9,0.28931,2.84561,1,0.08971,0.97425,0.14163
000506_lcam_front_lidar.ply,0.10002,799,0.9,0.35426,3.07377,1,0.11364,0.9687,0.14909
000507_lcam_front_lidar.ply,0.10002,799,0.9,0.37291,2.75361,1,0.08005,0.97657,0.12672
000508_lcam_front_lidar.ply,0.10002,799,0.9,0.26185,2.30206,1,0.03438,0.97913,0.12319
000509_lcam_front_lidar.ply,0.10002,799,0.9,0.30838,2.44761,1,0.04978,0.97489,0.13725
000510_lcam_front_lidar.ply,0.10002,799,0.9,0.38138,2.70415,1,0.0752,0.9761,0.12098
000511_lcam_front_lidar.ply,0.10002,799,0.9,0.33918,2.35405,1,0.04127,0.97068,0.13199
000512_lcam_front_lidar.ply,0.10002,799,0.9,0.33325,2.27914,1,0.03249,0.97712,0.1173
000513_lcam_front_lidar.ply,0.10002,799,0.9,0.27353,2.89652,1,0.09393,0.97861,0.14599
000514_lcam_front_lidar.ply,0.10002,799,0.9,0.28963,2.25993,1,0.03094,0.97527,0.12714
000515_lcam_front_lidar.ply,0.10002,799,0.9,0.35101,3.03741,1,0.11062,0.96558,0.14401
000516_lcam_front_lidar.ply,0.10002,799,0.9,0.32415,2.42412,1,0.04571,0.98349,0.1329
000517_lcam_front_lidar.ply,0.10002,799,0.9,0.40803,2.28832,1,0.0321,0.98364,0.12456
000518_lcam_front_lidar.ply,0.10002,799,0.9,0.33046,3.09951,1,0.11584,0.97055,0.1527
000519_lcam_front_lidar.ply,0.10002,799,0.9,0.41025,2.749,1,0.08084,0.97029,0.12956
000520_lcam_front_lidar.ply,0.10002,799,0.9,0.39855,3.07162,1,0.11307,0.97047,0.14806
000521_lcam_front_lidar.ply,0.10002,799,0.9,0.35381,3.04,1,0.11088,0.96561,0.14397
000522_lcam_front_lidar.ply,0.10002,799,0.9,0.28603,2.87821,1,0.0924,0.97711,0.14476
000523_lcam_front_lidar.ply,0.10002,799,0.9,0.30578,2.70085,1,0.07487,0.97609,0.12037
000524_lcam_front_lidar.ply,0.10002,799,0.9,0.33391,2.9084,1,0.09607,0.97386,0.1406
000525_lcam_front_lidar.ply,0.10002,799,0.9,0.36193,2.47383,1,0.0511,0.98143,0.13979
000526_lcam_front_lidar.ply,0.10002,799,0.9,0.26726,2.82902,1,0.09328,0.9481,0.14939
000527_lcam_front_lidar.ply,0.10002,799,0.9,0.31668,2.25703,1,0.03231,0.96697,0.12086
000528_lcam_front_lidar.ply,0.10002,799,0.9,0.28771,2.87542,1,0.09137,0.98084,0.14507
000529_lcam_front_lidar.ply,0.10002,799,0.9,0.331,2.32528,1,0.03578,0.98373,0.13628
000530_lcam_front_lidar.ply,0.10002,799,0.9,0.33462,2.86881,1,0.09186,0.97511,0.14685
000531_lcam_front_lidar.ply,0.10002,799,0.9,0.37134,2.81382,1,0.08637,0.97504,0.14028
000532_lcam_front_lidar.ply,0.10002,799,0.9,0.36523,2.33592,1,0.04064,0.96475,0.12553
000533_lcam_front_lidar.ply,0.10002,799,0.9,0.3128,2.89842,1,0.09521,0.97317,0.13359
000534_lcam_front_lidar.ply,0.10002,799,0.9,0.36941,1.9815,1,0.00701,0.95568,0.15051
000535_lcam_front_lidar.ply,0.10002,799,0.9,0.35023,2.25397,1,0.03382,0.95788,0.12405
000536_lcam_front_lidar.ply,0.10002,799,0.9,0.40476,2.8613,1,0.09144,0.97343,0.13844
000537_lcam_front_lidar.ply,0.10002,799,0.9,0.36028,2.84838,1,0.09035,0.97243,0.13613
000538_lcam_front_lidar.ply,0.10002,799,0.9,0.3174,2.69419,1,0.07535,0.97033,0.12539
000539_lcam_front_lidar.ply,0.10002,799,0.9,0.35398,2.86268,1,0.09084,0.97713,0.14674
000540_lcam_front_lidar.ply,0.10002,799,0.9,0.30168,2.26501,1,0.03,0.98251,0.13572
000541_lcam_front_lidar.ply,0.10002,799,0.9,0.34529,2.83567,1,0.08844,0.97562,0.14577
000542_lcam_front_lidar.ply,0.10002,799,0.9,0.32157,2.87797,1,0.09323,0.97282,0.14036
000543_lcam_front_lidar.ply,0.10002,799,0.9,0.30958,2.04771,1,0.04164,0.81567,0.10067
000544_lcam_front_lidar.ply,0.10002,799,0.9,0.32964,2.06192,1,0.03967,0.8326,0.09929
000545_lcam_front_lidar.ply,0.10002,799,0.9,0.31095,2.15359,1,0.03319,0.91082,0.11328
000546_lcam_front_lidar.ply,0.10002,799,0.9,0.38065,2.39122,1,0.04184,0.98641,0.12944
000547_lcam_front_lidar.ply,0.10002,799,0.9,0.34317,2.26722,1,0.03368,0.96521,0.12414
000548_lcam_front_lidar.ply,0.10002,799,0.9,0.31736,2.13516,1,0.03759,0.87964,0.10543
000549_lcam_front_lidar.ply,0.10002,799,0.9,0.28648,2.80386,1,0.08589,0.97248,0.13054
000550_lcam_front_lidar.ply,0.10002,799,0.9,0.3647,2.41655,1,0.04375,0.98952,0.13203
000551_lcam_front_lidar.ply,0.10002,799,0.9,0.33684,2.3674,1,0.04375,0.96495,0.13518
000552_lcam_front_lidar.ply,0.10002,799,0.9,0.34717,2.13038,1,0.01392,0.99557,0.12847
000553_lcam_front_lidar.ply,0.10002,799,0.9,0.37228,2.02227,1,0.00392,0.99152,0.07086
000554_lcam_front_lidar.ply,0.10002,799,0.9,0.46679,2.9688,1,0.10369,0.96597,0.14089
000555_lcam_front_lidar.ply,0.10002,799,0.9,0.32182,2.39174,1,0.04238,0.98397,0.13299
000556_lcam_front_lidar.ply,0.10002,799,0.9,0.36674,2.36589,1,0.04021,0.9819,0.12117
000557_lcam_front_lidar.ply,0.10002,799,0.9,0.35867,2.32159,1,0.03669,0.97737,0.12712
000558_lcam_front_lidar.ply,0.10002,799,0.9,0.40644,2.16787,1,0.02424,0.96275,0.12574
000559_lcam_front_lidar.ply,0.10002,799,0.9,0.40044,2.31948,1,0.03455,0.987,0.12437
000560_lcam_front_lidar.ply,0.10002,799,0.9,0.41352,2.50542,1,0.05316,0.9869,0.13367
000561_lcam_front_lidar.ply,0.10002,799,0.9,0.40608,2.79091,1,0.08829,0.95403,0.14445
000562_lcam_front_lidar.ply,0.10002,799,0.9,0.44933,2.38822,1,0.03898,0.99923,0.13419
000563_lcam_front_lidar.ply,0.10002,799,0.9,0.40311,2.7622,1,0.07839,0.98917,0.13604
000564_lcam_front_lidar.ply,0.10002,799,0.9,0.41069,2.4089,1,0.04436,0.98264,0.13732
000565_lcam_front_lidar.ply,0.10002,799,0.9,0.44061,2.44082,1,0.04984,0.97119,0.13509
000566_lcam_front_lidar.ply,0.10002,799,0.9,0.39824,2.47056,1,0.04728,0.99889,0.13418
000567_lcam_front_lidar.ply,0.10002,799,0.9,0.46038,2.54562,1,0.05617,0.99197,0.14582
000568_lcam_front_lidar.ply,0.10002,799,0.9,0.39729,2.55423,1,0.06096,0.97231,0.13717
000569_lcam_front_lidar.ply,0.10002,799,0.9,0.40624,2.60917,1,0.06535,0.97783,0.14445
000570_lcam_front_lidar.ply,0.10002,799,0.9,0.42928,2.57412,1,0.05741,0.99999,0.13553
000571_lcam_front_lidar.ply,0.10002,799,0.9,0.42994,2.71517,1,0.07457,0.98475,0.1394
000572_lcam_front_lidar.ply,0.10002,799,0.9,0.43972,2.77218,1,0.08094,0.9814,0.13764
000573_lcam_front_lidar.ply,0.10002,799,0.9,0.40744,2.55913,1,0.05995,0.97982,0.1275
000574_lcam_front_lidar.ply,0.10002,799,0.9,0.43849,2.54538,1,0.0603,0.97121,0.12363
000575_lcam_front_lidar.ply,0.10002,799,0.9,0.39389,2.74361,1,0.07806,0.98153,0.13759
000576_lcam_front_lidar.ply,0.10002,799,0.9,0.40881,2.23681,1,0.02542,0.99131,0.112
000577_lcam_front_lidar.ply,0.10002,799,0.9,0.49099,2.71225,1,0.07165,0.99787,0.14094
000578_lcam_front_lidar.ply,0.10002,799,0.9,0.42296,2.12972,1,0.04299,0.84993,0.08852
000579_lcam_front_lidar.ply,0.10002,799,0.9,0.42772,2.45479,1,0.04571,0.99884,0.11466
000580_lcam_front_lidar.ply,0.10002,799,0.9,0.39766,2.63305,1,0.0663,0.98501,0.13297
000581_lcam_front_lidar.ply,0.10002,799,0.9,0.41169,2.23519,1,0.02505,0.99233,0.12609
000582_lcam_front_lidar.ply,0.10002,799,0.9,0.40062,2.57593,1,0.06241,0.97589,0.12323
000583_lcam_front_lidar.ply,0.10002,799,0.9,0.43096,2.66451,1,0.06944,0.98503,0.13963
000584_lcam_front_lidar.ply,0.10002,799,0.9,0.42303,2.67771,1,0.06804,0.99864,0.14332
000585_lcam_front_lidar.ply,0.10002,799,0.9,0.46306,2.66241,1,0.07042,0.97912,0.14212
000586_lcam_front_lidar.ply,0.10002,799,0.9,0.39897,2.07764,1,0.00832,0.99724,0.06663
000587_lcam_front_lidar.ply,0.10002,799,0.9,0.45099,2.34556,1,0.03568,0.99439,0.14297
000588_lcam_front_lidar.ply,0.10002,799,0.9,0.41666,2.41779,1,0.04207,0.99857,0.10548
000589_lcam_front_lidar.ply,0.10002,799,0.9,0.3875,2.64301,1,0.0688,0.9775,0.14063
000590_lcam_front_lidar.ply,0.10002,799,0.9,0.39559,2.56331,1,0.05679,0.99771,0.11247
000591_lcam_front_lidar.ply,0.10002,799,0.9,0.39689,2.72718,1,0.07585,0.98432,0.13825
000592_lcam_front_lidar.ply,0.10002,799,0.9,0.36956,2.49129,1,0.05388,0.97627,0.11871
000593_lcam_front_lidar.ply,0.10002,799,0.9,0.38957,2.50346,1,0.0512,0.99573,0.11349
000594_lcam_front_lidar.ply,0.10002,799,0.9,0.40801,2.48603,1,0.04863,0.99987,0.13478
000595_lcam_front_lidar.ply,0.10002,799,0.9,0.35935,2.63108,1,0.06327,0.9992,0.14614
000596_lcam_front_lidar.ply,0.10002,799,0.9,0.37547,2.60204,1,0.06184,0.99181,0.14436
000597_lcam_front_lidar.ply,0.10002,799,0.9,0.39574,2.5511,1,0.05965,0.97727,0.13616
000598_lcam_front_lidar.ply,0.10002,799,0.9,0.45016,2.30565,1,0.03855,0.9601,0.13307
000599_lcam_front_lidar.ply,0.10002,799,0.9,0.38518,2.49278,1,0.05592,0.96677,0.12927
000600_lcam_front_lidar.ply,0.10002,799,0.9,0.35414,2.50491,1,0.05701,0.96739,0.13349
000601_lcam_front_lidar.ply,0.10002,799,0.9,0.3524,2.44008,1,0.04418,0.99912,0.10087
000602_lcam_front_lidar.ply,0.10002,799,0.9,0.34858,2.45244,1,0.05033,0.97456,0.12597
000603_lcam_front_lidar.ply,0.10002,799,0.9,0.37073,2.43403,1,0.05052,0.96441,0.12191
000604_lcam_front_lidar.ply,0.10002,799,0.9,0.32609,2.43238,1,0.04835,0.97443,0.12319
000605_lcam_front_lidar.ply,0.10002,799,0.9,0.34163,2.28948,1,0.04592,0.91512,0.10862
000606_lcam_front_lidar.ply,0.10002,799,0.9,0.33588,2.39458,1,0.05014,0.94657,0.12289
000607_lcam_front_lidar.ply,0.10002,799,0.9,0.36619,2.21832,1,0.03478,0.93526,0.09489
000608_lcam_front_lidar.ply,0.10002,799,0.9,0.36333,2.0852,1,0.03002,0.89251,0.07733
000609_lcam_front_lidar.ply,0.10002,799,0.9,0.33332,2.28621,1,0.03554,0.96541,0.12931
000610_lcam_front_lidar.ply,0.10002,799,0.9,0.38083,2.31269,1,0.03703,0.97117,0.1232
000611_lcam_front_lidar.ply,0.10002,799,0.9,0.35521,3.06392,1,0.10699,0.99703,0.15131
000612_lcam_front_lidar.ply,0.10002,799,0.9,0.36537,2.30979,1,0.03691,0.97034,0.12533
000613_lcam_front_lidar.ply,0.10002,799,0.9,0.34366,2.24745,1,0.0299,0.97424,0.11495
000614_lcam_front_lidar.ply,0.10002,799,0.9,0.34563,2.67368,1,0.06752,0.99923,0.11585
000615_lcam_front_lidar.ply,0.10002,799,0.9,0.3522,3.03822,1,0.10877,0.97524,0.13565
000616_lcam_front_lidar.ply,0.10002,799,0.9,0.33985,3.16576,1,0.11978,0.98397,0.1534
000617_lcam_front_lidar.ply,0.10002,799,0.9,0.32812,2.55464,1,0.05571,0.99876,0.14421
000618_lcam_front_lidar.ply,0.10002,799,0.9,0.32129,3.13583,1,0.1157,0.98942,0.14503
000619_lcam_front_lidar.ply,0.10002,799,0.9,0.42854,2.35229,1,0.03627,0.9948,0.13046
000620_lcam_front_lidar.ply,0.10002,799,0.9,0.38949,2.79697,1,0.08623,0.96731,0.12951
000621_lcam_front_lidar.ply,0.10002,799,0.9,0.35363,3.24507,1,0.12937,0.97567,0.13952
000622_lcam_front_lidar.ply,0.10002,799,0.9,0.39917,2.25197,1,0.03076,0.97216,0.11615
000623_lcam_front_lidar.ply,0.10002,799,0.9,0.34769,2.31246,1,0.0384,0.96421,0.12102
000624_lcam_front_lidar.ply,0.10002,799,0.9,0.37113,2.27144,1,0.03292,0.97113,0.11501
000625_lcam_front_lidar.ply,0.10002,799,0.9,0.4272,2.62222,1,0.07124,0.95494,0.13531
000626_lcam_front_lidar.ply,0.10002,799,0.9,0.40872,3.52249,1,0.1585,0.96877,0.14477
000627_lcam_front_lidar.ply,0.10002,799,0.9,0.47175,2.72138,1,0.07254,0.99801,0.12672
000628_lcam_front_lidar.ply,0.10002,799,0.9,0.4121,1.99415,1,0.00172,0.98848,0.00174
000629_lcam_front_lidar.ply,0.10002,799,0.9,0.34162,3.37908,1,0.15073,0.93587,0.1442
000630_lcam_front_lidar.ply,0.10002,799,0.9,0.5672,2.86025,1,0.08792,0.99054,0.13728
000631_lcam_front_lidar.ply,0.10002,799,0.9,0.41991,3.685,1,0.17462,0.96938,0.14359
000632_lcam_front_lidar.ply,0.10002,799,0.9,0.41164,2.08615,1,0.02708,0.90765,0.12632
000633_lcam_front_lidar.ply,0.10002,799,0.9,0.45271,2.33216,1,0.03733,0.97944,0.13983
000634_lcam_front_lidar.ply,0.10002,799,0.9,0.41707,2.36484,1,0.03986,0.98311,0.15007
000635_lcam_front_lidar.ply,0.10002,799,0.9,0.43251,3.5414,1,0.16684,0.9365,0.14457
000636_lcam_front_lidar.ply,0.10002,799,0.9,0.41767,3.59087,1,0.17129,0.93898,0.14407
000637_lcam_front_lidar.ply,0.10002,799,0.9,0.40688,3.65187,1,0.17701,0.94087,0.14453
000638_lcam_front_lidar.ply,0.10002,799,0.9,0.3976,3.61008,1,0.16593,0.9754,0.13905
000639_lcam_front_lidar.ply,0.10002,799,0.9,0.40098,3.59562,1,0.16447,0.97547,0.13663
000640_lcam_front_lidar.ply,0.10002,799,0.9,0.37223,3.73268,1,0.1861,0.93584,0.14128
000641_lcam_front_lidar.ply,0.10002,799,0.9,0.43955,2.46552,1,0.04682,0.99865,0.13346
000642_lcam_front_lidar.ply,0.10002,799,0.9,0.34945,2.1451,1,0.01467,0.9992,0.15136
000643_lcam_front_lidar.ply,0.10002,799,0.9,0.32646,2.47037,1,0.04719,0.99925,0.13081
000644_lcam_front_lidar.ply,0.10002,799,0.9,0.39697,2.07888,1,0.00913,0.99378,0.09113
000645_lcam_front_lidar.ply,0.10002,799,0.9,0.32674,2.12958,1,0.01347,0.99743,0.15148
000646_lcam_front_lidar.ply,0.10002,799,0.9,0.30488,2.13914,1,0.02392,0.94995,0.12952
000647_lcam_front_lidar.ply,0.10002,799,0.9,0.31307,2.1263,1,0.03089,0.90872,0.14315
000648_lcam_front_lidar.ply,0.10002,799,0.9,0.26627,1.99099,1,0.02755,0.85773,0.14175
000649_lcam_front_lidar.ply,0.10002,799,0.9,0.29444,2.31438,1,0.03873,0.96352,0.0633
000650_lcam_front_lidar.ply,0.10002,799,0.9,0.27653,2.04401,1,0.0237,0.90352,0.13964
000651_lcam_front_lidar.ply,0.10002,799,0.9,0.30248,1.9964,1,0.003,0.98318,0.00658
000652_lcam_front_lidar.ply,0.10002,799,0.9,0.32881,2.17908,1,0.01865,0.99631,0.12317
000653_lcam_front_lidar.ply,0.10002,799,0.9,0.31456,2.12368,1,0.0254,0.93485,0.14006
000654_lcam_front_lidar.ply,0.10002,799,0.9,0.30556,2.17421,1,0.01898,0.99223,0.1
000655_lcam_front_lidar.ply,0.10002,799,0.9,0.26715,2.04917,1,0.02191,0.91503,0.06255
000656_lcam_front_lidar.ply,0.10002,799,0.9,0.26995,2.16086,1,0.02485,0.9562,0.13663
000657_lcam_front_lidar.ply,0.10002,799,0.9,0.25587,2.06706,1,0.02549,0.90609,0.14019
000658_lcam_front_lidar.ply,0.10002,799,0.9,0.25772,2.23855,1,0.02686,0.98498,0.07622
000659_lcam_front_lidar.ply,0.10002,799,0.9,0.23949,2.23437,1,0.02613,0.98654,0.07539
000660_lcam_front_lidar.ply,0.10002,799,0.9,0.25713,1.99901,1,0.02017,0.89863,0.13465
000661_lcam_front_lidar.ply,0.10002,799,0.9,0.22217,2.23683,1,0.0262,0.98742,0.07493
000662_lcam_front_lidar.ply,0.10002,799,0.9,0.25091,1.86068,1,0.02066,0.82704,0.13531
000663_lcam_front_lidar.ply,0.10002,799,0.9,0.22656,2.31952,1,0.03259,0.99683,0.11423
000664_lcam_front_lidar.ply,0.10002,799,0.9,0.3093,2.01629,1,0.0047,0.98462,0.09977
000665_lcam_front_lidar.ply,0.10002,799,0.9,0.30177,1.91007,1,0.01985,0.85581,0.14398
000666_lcam_front_lidar.ply,0.10002,799,0.9,0.25844,2.02159,1,0.01932,0.91417,0.13817
000667_lcam_front_lidar.ply,0.10002,799,0.9,0.27347,1.84955,1,0.01778,0.83589,0.12661
000668_lcam_front_lidar.ply,0.10002,799,0.9,0.22719,2.19531,1,0.02186,0.98836,0.13044
000669_lcam_front_lidar.ply,0.10002,799,0.9,0.32194,2.16437,1,0.02153,0.97454,0.12617
000670_lcam_front_lidar.ply,0.10002,799,0.9,0.28225,2.18924,1,0.02403,0.97448,0.1483
000671_lcam_front_lidar.ply,0.10002,799,0.9,0.25418,2.35933,1,0.0445,0.95718,0.04519
000672_lcam_front_lidar.ply,0.10002,799,0.9,0.29025,2.11887,1,0.0221,0.94893,0.14023
000673_lcam_front_lidar.ply,0.10002,799,0.9,0.25406,2.01285,1,0.00986,0.95712,0.12314
000674_lcam_front_lidar.ply,0.10002,799,0.9,0.29725,1.81924,1,0.00564,0.88141,0.05529
000675_lcam_front_lidar.ply,0.10002,799,0.9,0.25404,2.24658,1,0.02795,0.98353,0.10922
000676_lcam_front_lidar.ply,0.10002,799,0.9,0.27039,1.80034,1,0.01599,0.82022,0.13616
000677_lcam_front_lidar.ply,0.10002,799,0.9,0.28512,2.03894,1,0.02333,0.9028,0.15007
000678_lcam_front_lidar.ply,0.10002,799,0.9,0.30599,1.99997,1,0.01899,0.90502,0.13016
000679_lcam_front_lidar.ply,0.10002,799,0.9,0.30106,2.09459,1,0.01995,0.94755,0.13453
000680_lcam_front_lidar.ply,0.10002,799,0.9,0.24964,2.26395,1,0.02679,0.99803,0.11755
000681_lcam_front_lidar.ply,0.10002,799,0.9,0.24349,1.98249,1,0.01172,0.93265,0.14407
000682_lcam_front_lidar.ply,0.10002,799,0.9,0.253,2.07445,1,0.00832,0.99564,0.07591
000683_lcam_front_lidar.ply,0.10002,799,0.9,0.28027,1.76898,1,0.00203,0.87433,0.03356
000684_lcam_front_lidar.ply,0.10002,799,0.9,0.31071,2.01378,1,0.01542,0.9298,0.14644
000685_lcam_front_lidar.ply,0.10002,799,0.9,0.29101,1.9808,1,0.00786,0.95108,0.07296
000686_lcam_front_lidar.ply,0.10002,799,0.9,0.30185,2.11577,1,0.01537,0.98106,0.14434
000687_lcam_front_lidar.ply,0.10002,799,0.9,0.28599,1.80206,1,0.01505,0.82577,0.13806
000688_lcam_front_lidar.ply,0.10002,799,0.9,0.26982,2.05807,1,0.01302,0.96393,0.10578
000689_lcam_front_lidar.ply,0.10002,799,0.9,0.28627,2.27585,1,0.03755,0.95016,0.05024
000690_lcam_front_lidar.ply,0.10002,799,0.9,0.26783,1.75149,1,0.0149,0.80126,0.13651
000691_lcam_front_lidar.ply,0.10002,799,0.9,0.22822,2.07402,1,0.02116,0.93119,0.14315
000692_lcam_front_lidar.ply,0.10002,799,0.9,0.22736,2.26555,1,0.02818,0.99188,0.11764
000693_lcam_front_lidar.ply,0.10002,799,0.9,0.25403,2.03714,1,0.01196,0.95876,0.14582
000694_lcam_front_lidar.ply,0.10002,799,0.9,0.23145,2.07217,1,0.01951,0.93851,0.04024
000695_lcam_front_lidar.ply,0.10002,799,0.9,0.23477,2.3043,1,0.03837,0.96031,0.05046
000696_lcam_front_lidar.ply,0.10002,799,0.9,0.28631,2.12949,1,0.01592,0.98514,0.14081
000697_lcam_front_lidar.ply,0.10002,799,0.9,0.28574,2.28386,1,0.02974,0.99323,0.12211
000698_lcam_front_lidar.ply,0.10002,799,0.9,0.27957,1.83305,1,0.01623,0.83536,0.13639
000699_lcam_front_lidar.ply,0.10002,799,0.9,0.27044,2.18237,1,0.02273,0.97755,0.10071
000700_lcam_front_lidar.ply,0.10002,799,0.9,0.24792,1.97151,1,0.01363,0.91761,0.14585
000701_lcam_front_lidar.ply,0.10002,799,0.9,0.27125,2.06214,1,0.00672,0.99747,0.10868
000702_lcam_front_lidar.ply,0.10002,799,0.9,0.23007,2.07976,1,0.0204,0.93788,0.1404
000703_lcam_front_lidar.ply,0.10002,799,0.9,0.25835,2.00986,1,0.00924,0.95875,0.12771
000704_lcam_front_lidar.ply,0.10002,799,0.9,0.24133,2.23452,1,0.02728,0.98088,0.09441
000705_lcam_front_lidar.ply,0.10002,799,0.9,0.24268,2.14494,1,0.01451,0.9999,0.16266
000706_lcam_front_lidar.ply,0.10002,799,0.9,0.26929,2.01748,1,0.00573,0.98009,0.10655
000707_lcam_front_lidar.ply,0.10002,799,0.9,0.24754,2.11169,1,0.01314,0.99013,0.14721
000708_lcam_front_lidar.ply,0.10002,799,0.9,0.25606,2.12111,1,0.01339,0.99362,0.16074
000709_lcam_front_lidar.ply,0.10002,799,0.9,0.23423,2.09157,1,0.00925,0.99951,0.00436
000710_lcam_front_lidar.ply,0.10002,799,0.9,0.26336,2.00928,1,0.01674,0.92096,0.14539
000711_lcam_front_lidar.ply,0.10002,799,0.9,0.2573,2.04198,1,0.00576,0.99217,0.00198
000712_lcam_front_lidar.ply,0.10002,799,0.9,0.25402,2.01298,1,0.01146,0.94919,0.14533
000713_lcam_front_lidar.ply,0.10002,799,0.9,0.2679,1.92578,1,0.00502,0.9378,0.14545
000714_lcam_front_lidar.ply,0.10002,799,0.9,0.25301,1.89958,1,0.00585,0.92053,0.11367
000715_lcam_front_lidar.ply,0.10002,799,0.9,0.19967,2.27061,1,0.02797,0.99546,0.10868
000716_lcam_front_lidar.ply,0.10002,799,0.9,0.25248,2.09153,1,0.01009,0.99533,0.13052
000717_lcam_front_lidar.ply,0.10002,799,0.9,0.24937,2.05171,1,0.012,0.96587,0.15939
000718_lcam_front_lidar.ply,0.10002,799,0.9,0.2828,1.88842,1,0.00653,0.91157,0.04832
000719_lcam_front_lidar.ply,0.10002,799,0.9,0.25604,2.26141,1,0.02984,0.98149,0.09878
000720_lcam_front_lidar.ply,0.10002,799,0.9,0.23849,2.25265,1,0.02595,0.99655,0.12842
000721_lcam_front_lidar.ply,0.10002,799,0.9,0.24033,1.94721,1,0.00851,0.93107,0.14325
000722_lcam_front_lidar.ply,0.10002,799,0.9,0.2487,2.24829,1,0.02818,0.98326,0.0843
000723_lcam_front_lidar.ply,0.10002,799,0.9,0.25611,2.02879,1,0.00983,0.96526,0.14614
000724_lcam_front_lidar.ply,0.10002,799,0.9,0.2572,2.28348,1,0.03092,0.98714,0.1027
000725_lcam_front_lidar.ply,0.10002,799,0.9,0.27773,1.94907,1,0.00234,0.96281,0.09376
000726_lcam_front_lidar.ply,0.10002,799,0.9,0.22817,2.01937,1,0.00731,0.97314,0.08528
000727_lcam_front_lidar.ply,0.10002,799,0.9,0.2376,1.7689,1,0.01054,0.83176,0.1064
000728_lcam_front_lidar.ply,0.10002,799,0.9,0.22011,2.06095,1,0.00816,0.98968,0.14432
000729_lcam_front_lidar.ply,0.10002,799,0.9,0.26142,1.94511,1,0.00299,0.95762,0.14243
000730_lcam_front_lidar.ply,0.10002,799,0.9,0.2499,1.90259,1,0.00948,0.9039,0.1475
000731_lcam_front_lidar.ply,0.10002,799,0.9,0.23482,1.77114,1,0.00465,0.86231,0.13114
000732_lcam_front_lidar.ply,0.10002,799,0.9,0.23108,2.24779,1,0.02875,0.98013,0.08104
000733_lcam_front_lidar.ply,0.10002,799,0.9,0.24945,2.03673,1,0.0074,0.98139,0.14381
000734_lcam_front_lidar.ply,0.10002,799,0.9,0.25924,2.04696,1,0.00613,0.99284,0.12157
000735_lcam_front_lidar.ply,0.10002,799,0.9,0.22544,2.02966,1,0.00604,0.98462,0.12154
000736_lcam_front_lidar.ply,0.10002,799,0.9,0.23862,1.97836,1,0.00653,0.95654,0.13566
000737_lcam_front_lidar.ply,0.10002,799,0.9,0.22549,1.95299,1,0.00618,0.94559,0.13809
000738_lcam_front_lidar.ply,0.10002,799,0.9,0.22818,2.00966,1,0.00727,0.96846,0.1558
000739_lcam_front_lidar.ply,0.10002,799,0.9,0.26332,1.95906,1,0.00321,0.96347,0.10403
000740_lcam_front_lidar.ply,0.10002,799,0.9,0.28277,1.81344,1,0.00559,0.87877,0.05453
000741_lcam_front_lidar.ply,0.10002,799,0.9,0.26278,1.96462,1,0.00587,0.95297,0.14609
000742_lcam_front_lidar.ply,0.10002,799,0.9,0.27406,1.84101,1,0.00668,0.88708,0.14295
000743_lcam_front_lidar.ply,0.10002,799,0.9,0.24321,1.67246,1,0.00568,0.80784,0.01235
000744_lcam_front_lidar.ply,0.10002,799,0.9,0.2638,2.03075,1,0.00434,0.99367,0.04846
000745_lcam_front_lidar.ply,0.10002,799,0.9,0.28975,1.92744,1,0.00561,0.93568,0.14973
000746_lcam_front_lidar.ply,0.10002,799,0.9,0.28001,2.37982,1,0.04721,0.95387,0.05241
000747_lcam_front_lidar.ply,0.10002,799,0.9,0.22749,2.3516,1,0.04282,0.96172,0.04454
000748_lcam_front_lidar.ply,0.10002,799,0.9,0.29537,1.93819,1,0.00847,0.92673,0.06806
000749_lcam_front_lidar.ply,0.10002,799,0.9,0.24986,1.9972,1,0.00509,0.97317,0.14099
000750_lcam_front_lidar.ply,0.10002,799,0.9,0.25277,1.90372,1,0.00253,0.93919,0.10665
000751_lcam_front_lidar.ply,0.10002,799,0.9,0.30056,1.69795,1,0.00747,0.81165,0.01651
000752_lcam_front_lidar.ply,0.10002,799,0.9,0.27016,2.29668,1,0.03889,0.95388,0.09223
000753_lcam_front_lidar.ply,0.10002,799,0.9,0.2561,2.69137,1,0.07246,0.98341,0.11621
000754_lcam_front_lidar.ply,0.10002,799,0.9,0.23905,2.22759,1,0.02587,0.98445,0.08152
000755_lcam_front_lidar.ply,0.10002,799,0.9,0.29302,1.75323,1,0.00502,0.85153,0.11358
000756_lcam_front_lidar.ply,0.10002,799,0.9,0.25749,1.76292,1,0.00488,0.85706,0.1434
000757_lcam_front_lidar.ply,0.10002,799,0.9,0.25363,3.35574,1,0.13899,0.98292,0.12415
000758_lcam_front_lidar.ply,0.10002,799,0.9,0.27515,2.01194,1,0.00429,0.98453,0.13774
000759_lcam_front_lidar.ply,0.10002,799,0.9,0.30231,2.36517,1,0.04056,0.97979,0.10912
000760_lcam_front_lidar.ply,0.10002,799,0.9,0.28248,1.77032,1,0.00469,0.86172,0.11849
000761_lcam_front_lidar.ply,0.10002,799,0.9,0.25297,3.52443,1,0.15977,0.96338,0.14367
000762_lcam_front_lidar.ply,0.10002,799,0.9,0.28981,2.0016,1,0.00448,0.9784,0.12865
000763_lcam_front_lidar.ply,0.10002,799,0.9,0.30363,3.59304,1,0.16551,0.96898,0.14383
000764_lcam_front_lidar.ply,0.10002,799,0.9,0.26591,3.59711,1,0.16441,0.97651,0.14297
000765_lcam_front_lidar.ply,0.10002,799,0.9,0.26786,3.58695,1,0.16477,0.96964,0.14443
000766_lcam_front_lidar.ply,0.10002,799,0.9,0.26754,3.58009,1,0.16237,0.97821,0.1432
000767_lcam_front_lidar.ply,0.10002,799,0.9,0.25996,3.49219,1,0.15374,0.9774,0.13744
000768_lcam_front_lidar.ply,0.10002,799,0.9,0.26989,1.95164,1,0.00469,0.95238,0.15336
000769_lcam_front_lidar.ply,0.10002,799,0.9,0.26947,3.5099,1,0.15612,0.97437,0.1422
000770_lcam_front_lidar.ply,0.10002,799,0.9,0.27014,3.50557,1,0.15479,0.97885,0.1428
000771_lcam_front_lidar.ply,0.10002,799,0.9,0.26399,3.48022,1,0.15199,0.98016,0.14158
000772_lcam_front_lidar.ply,0.10002,799,0.9,0.2749,3.44411,1,0.14974,0.97336,0.14168
000773_lcam_front_lidar.ply,0.10002,799,0.9,0.25843,3.4511,1,0.1496,0.97757,0.14283
000774_lcam_front_lidar.ply,0.10002,799,0.9,0.34797,1.99104,1,0.00382,0.97642,0.12694
000775_lcam_front_lidar.ply,0.10002,799,0.9,0.27541,1.76823,1,0.00285,0.86988,0.14177
000776_lcam_front_lidar.ply,0.10002,799,0.9,0.25475,3.4173,1,0.14595,0.97891,0.142
000777_lcam_front_lidar.ply,0.10002,799,0.9,0.27034,3.40204,1,0.14658,0.96814,0.14574
000778_lcam_front_lidar.ply,0.10002,799,0.9,0.29662,1.86384,1,0.00389,0.91248,0.13246
000779_lcam_front_lidar.ply,0.10002,799,0.9,0.24269,3.39708,1,0.14587,0.96918,0.1461
000780_lcam_front_lidar.ply,0.10002,799,0.9,0.29142,2.02491,1,0.00495,0.98771,0.08908
000781_lcam_front_lidar.ply,0.10002,799,0.9,0.29358,3.36543,1,0.14365,0.96445,0.14481
000782_lcam_front_lidar.ply,0.10002,799,0.9,0.26258,3.37627,1,0.14367,0.96979,0.14535
000783_lcam_front_lidar.ply,0.10002,799,0.9,0.28487,3.36271,1,0.14003,0.98122,0.14096
000784_lcam_front_lidar.ply,0.10002,799,0.9,0.27574,3.32837,1,0.13849,0.97174,0.14188
000785_lcam_front_lidar.ply,0.10002,799,0.9,0.26204,3.35342,1,0.14195,0.96694,0.14459
000786_lcam_front_lidar.ply,0.10002,799,0.9,0.26408,3.3537,1,0.14192,0.96726,0.14548
000787_lcam_front_lidar.ply,0.10002,799,0.9,0.279,3.32115,1,0.13725,0.97432,0.14158
000788_lcam_front_lidar.ply,0.10002,799,0.9,0.27971,2.05173,1,0.00733,0.98923,0.12859
000789_lcam_front_lidar.ply,0.10002,799,0.9,0.28578,3.35313,1,0.14057,0.97374,0.14467
000790_lcam_front_lidar.ply,0.10002,799,0.9,0.28882,1.89916,1,0.00285,0.93534,0.13241
000791_lcam_front_lidar.ply,0.10002,799,0.9,0.29458,3.31492,1,0.13823,0.96633,0.14409
000792_lcam_front_lidar.ply,0.10002,799,0.9,0.31104,3.3257,1,0.13914,0.96714,0.14471
000793_lcam_front_lidar.ply,0.10002,799,0.9,0.35232,2.03866,1,0.00491,0.99476,0.07164
000794_lcam_front_lidar.ply,0.10002,799,0.9,0.27275,3.29737,1,0.13322,0.98257,0.13832
000795_lcam_front_lidar.ply,0.10002,799,0.9,0.28544,3.32731,1,0.13537,0.98678,0.143
000796_lcam_front_lidar.ply,0.10002,799,0.9,0.3177,2.03566,1,0.00474,0.99413,0.07937
000797_lcam_front_lidar.ply,0.10002,799,0.9,0.28275,3.3109,1,0.13784,0.96624,0.14456
000798_lcam_front_lidar.ply,0.10002,799,0.9,0.28282,3.32943,1,0.13951,0.96718,0.14617
000799_lcam_front_lidar.ply,0.10002,799,0.9,0.23449,3.29739,1,0.13305,0.98344,0.13995
000800_lcam_front_lidar.ply,0.10002,799,0.9,0.26637,3.32635,1,0.13917,0.9673,0.14621
000801_lcam_front_lidar.ply,0.10002,799,0.9,0.25001,3.29172,1,0.13597,0.96603,0.14328
000802_lcam_front_lidar.ply,0.10002,799,0.9,0.26866,3.28035,1,0.13447,0.96782,0.14399
000803_lcam_front_lidar.ply,0.10002,799,0.9,0.26896,3.31271,1,0.13678,0.97246,0.14494
000804_lcam_front_lidar.ply,0.10002,799,0.9,0.2339,3.30848,1,0.13344,0.98702,0.14245
000805_lcam_front_lidar.ply,0.10002,799,0.9,0.31667,1.84068,1,0.00472,0.89673,0.02872
000806_lcam_front_lidar.ply,0.10002,799,0.9,0.29088,3.29688,1,0.13226,0.98712,0.14218
000807_lcam_front_lidar.ply,0.10002,799,0.9,0.39824,3.24222,1,0.12686,0.98681,0.13705
000808_lcam_front_lidar.ply,0.10002,799,0.9,0.32836,3.34048,1,0.13754,0.98252,0.14442
000809_lcam_front_lidar.ply,0.10002,799,0.9,0.30427,3.29001,1,0.13571,0.96646,0.14482
000810_lcam_front_lidar.ply,0.10002,799,0.9,0.32164,3.30408,1,0.13715,0.96628,0.14489
000811_lcam_front_lidar.ply,0.10002,799,0.9,0.27377,3.30101,1,0.13694,0.96581,0.14324
000812_lcam_front_lidar.ply,0.10002,799,0.9,0.28868,3.28801,1,0.13548,0.96659,0.1436
000813_lcam_front_lidar.ply,0.10002,799,0.9,0.30171,2.1727,1,0.0225,0.97384,0.07544
000814_lcam_front_lidar.ply,0.10002,799,0.9,0.25567,2.55714,1,0.06012,0.97795,0.12658
000815_lcam_front_lidar.ply,0.10002,799,0.9,0.3036,3.25299,1,0.12795,0.98677,0.13825
000816_lcam_front_lidar.ply,0.10002,799,0.9,0.32267,3.37035,1,0.14363,0.96701,0.14086
000817_lcam_front_lidar.ply,0.10002,799,0.9,0.30341,3.30382,1,0.13732,0.96529,0.13592
000818_lcam_front_lidar.ply,0.10002,799,0.9,0.29774,2.84858,1,0.09039,0.97232,0.11147
000819_lcam_front_lidar.ply,0.10002,799,0.9,0.28439,2.82335,1,0.0864,0.97969,0.13892
000820_lcam_front_lidar.ply,0.10002,799,0.9,0.28232,3.38334,1,0.14458,0.96877,0.14849
000821_lcam_front_lidar.ply,0.10002,799,0.9,0.3017,3.31759,1,0.13832,0.96719,0.14053
000822_lcam_front_lidar.ply,0.10002,799,0.9,0.30575,2.52401,1,0.05734,0.97531,0.13059
000823_lcam_front_lidar.ply,0.10002,799,0.9,0.25656,2.3341,1,0.03839,0.97509,0.11744
000824_lcam_front_lidar.ply,0.10002,799,0.9,0.30868,3.28287,1,0.13476,0.96764,0.14688
000825_lcam_front_lidar.ply,0.10002,799,0.9,0.29367,3.24468,1,0.13113,0.96668,0.14481
000826_lcam_front_lidar.ply,0.10002,799,0.9,0.26983,3.03077,1,0.10846,0.97308,0.1349
000827_lcam_front_lidar.ply,0.10002,799,0.9,0.24303,2.29522,1,0.03448,0.97519,0.11351
000828_lcam_front_lidar.ply,0.10002,799,0.9,0.24324,3.29086,1,0.13141,0.98836,0.1391
000829_lcam_front_lidar.ply,0.10002,799,0.9,0.25725,3.25964,1,0.12846,0.9875,0.1412
000830_lcam_front_lidar.ply,0.10002,799,0.9,0.29261,3.28274,1,0.13499,0.96644,0.13996
000831_lcam_front_lidar.ply,0.10002,799,0.9,0.25428,3.01157,1,0.1065,0.97327,0.1364
000832_lcam_front_lidar.ply,0.10002,799,0.9,0.28527,2.32995,1,0.03904,0.96976,0.12216
000833_lcam_front_lidar.ply,0.10002,799,0.9,0.27769,3.20137,1,0.12349,0.98323,0.13895
000834_lcam_front_lidar.ply,0.10002,799,0.9,0.25778,3.19145,1,0.12401,0.97566,0.14055
000835_lcam_front_lidar.ply,0.10002,799,0.9,0.28803,3.31337,1,0.13774,0.96799,0.14722
000836_lcam_front_lidar.ply,0.10002,799,0.9,0.25399,3.20832,1,0.12765,0.96589,0.14568
000837_lcam_front_lidar.ply,0.10002,799,0.9,0.33528,2.29322,1,0.03735,0.95988,0.10963
000838_lcam_front_lidar.ply,0.10002,799,0.9,0.2892,1.99025,1,0.00347,0.97776,0.00362
000839_lcam_front_lidar.ply,0.10002,799,0.9,0.27428,3.26129,1,0.1329,0.96614,0.14228
000840_lcam_front_lidar.ply,0.10002,799,0.9,0.29108,1.88718,1,0.0148,0.86959,0.10543
000841_lcam_front_lidar.ply,0.10002,799,0.9,0.32076,2.60983,1,0.09958,0.80702,0.12291
000842_lcam_front_lidar.ply,0.10002,799,0.9,0.29055,3.21131,1,0.1277,0.96715,0.14555
000843_lcam_front_lidar.ply,0.10002,799,0.9,0.28541,2.97647,1,0.10258,0.97531,0.14048
000844_lcam_front_lidar.ply,0.10002,799,0.9,0.31746,3.07732,1,0.11415,0.96791,0.14464
000845_lcam_front_lidar.ply,0.10002,799,0.9,0.30112,2.29565,1,0.03464,0.97465,0.12549
000846_lcam_front_lidar.ply,0.10002,799,0.9,0.32992,2.84952,1,0.09038,0.97285,0.13183
000847_lcam_front_lidar.ply,0.10002,799,0.9,0.33039,3.11978,1,0.11881,0.96583,0.1426
000848_lcam_front_lidar.ply,0.10002,799,0.9,0.30607,3.08722,1,0.11523,0.96746,0.14629
000849_lcam_front_lidar.ply,0.10002,799,0.9,0.37099,2.77158,1,0.0834,0.96877,0.12706
000850_lcam_front_lidar.ply,0.10002,799,0.9,0.33037,2.86541,1,0.09142,0.97563,0.14575
000851_lcam_front_lidar.ply,0.10002,799,0.9,0.27186,2.49687,1,0.05428,0.97705,0.09823
000852_lcam_front_lidar.ply,0.10002,799,0.9,0.34507,2.27676,1,0.03122,0.98229,0.11205
000853_lcam_front_lidar.ply,0.10002,799,0.9,0.31597,2.60969,1,0.06545,0.97757,0.1134
000854_lcam_front_lidar.ply,0.10002,799,0.9,0.2976,2.24033,1,0.02818,0.97927,0.09901
000855_lcam_front_lidar.ply,0.10002,799,0.9,0.32845,2.31571,1,0.04412,0.93725,0.11964
000856_lcam_front_lidar.ply,0.10002,799,0.9,0.31834,2.2548,1,0.03023,0.97626,0.12057
000857_lcam_front_lidar.ply,0.10002,799,0.9,0.29654,2.06686,1,0.0411,0.82794,0.11418
000858_lcam_front_lidar.ply,0.10002,799,0.9,0.3145,2.80704,1,0.0858,0.9745,0.13624
000859_lcam_front_lidar.ply,0.10002,799,0.9,0.30711,3.01553,1,0.10838,0.96587,0.14341
000860_lcam_front_lidar.ply,0.10002,799,0.9,0.33309,2.75913,1,0.08139,0.97259,0.13029
000861_lcam_front_lidar.ply,0.10002,799,0.9,0.3383,2.02072,1,0.00276,0.99656,0.00475
000862_lcam_front_lidar.ply,0.10002,799,0.9,0.3073,2.27437,1,0.03366,0.96887,0.12974
000863_lcam_front_lidar.ply,0.10002,799,0.9,0.29528,2.93789,1,0.09575,0.9902,0.13693
000864_lcam_front_lidar.ply,0.10002,799,0.9,0.28593,2.58501,1,0.06587,0.96315,0.13191
000865_lcam_front_lidar.ply,0.10002,799,0.9,0.33536,1.91413,1,0.0178,0.86808,0.12168
000866_lcam_front_lidar.ply,0.10002,799,0.9,0.30916,2.04317,1,0.00434,0.99988,0.00236
000867_lcam_front_lidar.ply,0.10002,799,0.9,0.33529,2.62755,1,0.07127,0.95742,0.13039
000868_lcam_front_lidar.ply,0.10002,799,0.9,0.30572,2.55214,1,0.0608,0.97206,0.132
000869_lcam_front_lidar.ply,0.10002,799,0.9,0.36711,2.57837,1,0.06566,0.96089,0.14344
000870_lcam_front_lidar.ply,0.10002,799,0.9,0.30475,2.29554,1,0.06,0.84777,0.1333
000871_lcam_front_lidar.ply,0.10002,799,0.9,0.40154,2.4319,1,0.0571,0.93044,0.14486
000872_lcam_front_lidar.ply,0.10002,799,0.9,0.38302,2.40816,1,0.05023,0.95295,0.12554
000873_lcam_front_lidar.ply,0.10002,799,0.9,0.35307,2.47996,1,0.05462,0.96688,0.14746
000874_lcam_front_lidar.ply,0.10002,799,0.9,0.37494,2.32359,1,0.05408,0.89138,0.14771
000875_lcam_front_lidar.ply,0.10002,799,0.9,0.41649,2.24049,1,0.03901,0.92519,0.12137
000876_lcam_front_lidar.ply,0.10002,799,0.9,0.34915,2.04969,1,0.00545,0.99759,0.01566
000877_lcam_front_lidar.ply,0.10002,799,0.9,0.37095,2.35185,1,0.04747,0.9386,0.12665
000878_lcam_front_lidar.ply,0.10002,799,0.9,0.36772,2.29564,1,0.04116,0.942,0.11431
000879_lcam_front_lidar.ply,0.10002,799,0.9,0.38334,2.1807,1,0.04382,0.87124,0.10068
000880_lcam_front_lidar.ply,0.10002,799,0.9,0.38654,2.27999,1,0.04309,0.92453,0.12383
000881_lcam_front_lidar.ply,0.10002,799,0.9,0.37469,2.02953,1,0.04052,0.81215,0.0903
000882_lcam_front_lidar.ply,0.10002,799,0.9,0.38504,2.31645,1,0.0319,0.99874,0.09635
000883_lcam_front_lidar.ply,0.10002,799,0.9,0.36913,2.09259,1,0.03393,0.87666,0.0968
000884_lcam_front_lidar.ply,0.10002,799,0.9,0.23774,2.28052,1,0.03417,0.96943,0.06404
000885_lcam_front_lidar.ply,0.10002,799,0.9,0.35017,2.04834,1,0.00705,0.98892,0.10827
000886_lcam_front_lidar.ply,0.10002,799,0.9,0.36474,2.6127,1,0.06313,0.99072,0.15002
000887_lcam_front_lidar.ply,0.10002,799,0.9,0.38011,2.56563,1,0.05945,0.98556,0.1365
000888_lcam_front_lidar.ply,0.10002,799,0.9,0.31702,2.03401,1,0.0084,0.97499,0.14947
000889_lcam_front_lidar.ply,0.10002,799,0.9,0.33432,2.02007,1,0.00483,0.9859,0.01205
000890_lcam_front_lidar.ply,0.10002,799,0.9,0.3679,2.06985,1,0.00891,0.99039,0.1454
000891_lcam_front_lidar.ply,0.10002,799,0.9,0.38394,2.07824,1,0.00939,0.99215,0.12367
000892_lcam_front_lidar.ply,0.10002,799,0.9,0.35212,2.07938,1,0.00903,0.99455,0.12393
000893_lcam_front_lidar.ply,0.10002,799,0.9,0.41021,2.02193,1,0.00675,0.97719,0.13147
000894_lcam_front_lidar.ply,0.10002,799,0.9,0.41663,2.46676,1,0.049,0.9884,0.12312
000895_lcam_front_lidar.ply,0.10002,799,0.9,0.4145,2.41016,1,0.04446,0.98275,0.1217
000896_lcam_front_lidar.ply,0.10002,799,0.9,0.26448,2.21281,1,0.03285,0.94217,0.03743
000897_lcam_front_lidar.ply,0.10002,799,0.9,0.30529,2.38548,1,0.04061,0.9897,0.13911
000898_lcam_front_lidar.ply,0.10002,799,0.9,0.27634,0.59032,1,0.05849,0.00269,0.05345
000899_lcam_front_lidar.ply,0.10002,799,0.9,0.25423,-2.0,1,0.0,0.0,0.0
000900_lcam_front_lidar.ply,0.10002,799,0.9,0.23973,-2.0,1,0.0,0.0,0.0
000901_lcam_front_lidar.ply,0.10002,799,0.9,0.27528,2.16351,1,0.08531,0.65519,0.06041
000902_lcam_front_lidar.ply,0.10002,799,0.9,0.26421,1.9772,1,0.10198,0.4787,0.06875
000903_lcam_front_lidar.ply,0.10002,799,0.9,0.22642,1.59668,1,0.12985,0.14907,0.05741
000904_lcam_front_lidar.ply,0.10002,799,0.9,0.25827,2.13746,1,0.01418,0.99781,0.14112
000905_lcam_front_lidar.ply,0.10002,799,0.9,0.18838,1.48501,1,0.12897,0.09767,0.05197
000906_lcam_front_lidar.ply,0.10002,799,0.9,0.27354,2.09914,1,0.01547,0.97222,0.12722
000907_lcam_front_lidar.ply,0.10002,799,0.9,0.21255,1.97437,1,0.00365,0.96896,0.11518
000908_lcam_front_lidar.ply,0.10002,799,0.9,0.26311,2.012,1,0.00316,0.9902,0.0039
000909_lcam_front_lidar.ply,0.10002,799,0.9,0.23783,2.08762,1,0.00892,0.99919,0.12347
000910_lcam_front_lidar.ply,0.10002,799,0.9,0.22443,2.11243,1,0.01233,0.99458,0.14032
000911_lcam_front_lidar.ply,0.10002,799,0.9,0.25751,2.20727,1,0.0213,0.99712,0.10852
000912_lcam_front_lidar.ply,0.10002,799,0.9,0.20801,2.13915,1,0.01396,0.99978,0.15597
000913_lcam_front_lidar.ply,0.10002,799,0.9,0.24,2.04838,1,0.00764,0.98599,0.10504
000914_lcam_front_lidar.ply,0.10002,799,0.9,0.21006,1.54869,1,0.14776,0.03553,0.02255
000915_lcam_front_lidar.ply,0.10002,799,0.9,0.2413,2.01906,1,0.00309,0.99408,0.00186
000916_lcam_front_lidar.ply,0.10002,799,0.9,0.20439,1.60141,1,0.15668,0.01728,0.02586
000917_lcam_front_lidar.ply,0.10002,799,0.9,0.24877,2.01713,1,0.00582,0.97948,0.00759
000918_lcam_front_lidar.ply,0.10002,799,0.9,0.21476,2.07661,1,0.00944,0.99108,0.13442
000919_lcam_front_lidar.ply,0.10002,799,0.9,0.28559,2.01237,1,0.003,0.99117,0.00458
000920_lcam_front_lidar.ply,0.10002,799,0.9,0.25529,2.28283,1,0.02885,0.99714,0.10619
000921_lcam_front_lidar.ply,0.10002,799,0.9,0.27881,2.03073,1,0.00313,0.99974,0.00741
000922_lcam_front_lidar.ply,0.10002,799,0.9,0.26213,2.00698,1,0.00533,0.97684,0.00416
000923_lcam_front_lidar.ply,0.10002,799,0.9,0.25937,2.16747,1,0.01681,0.99971,0.10812
000924_lcam_front_lidar.ply,0.10002,799,0.9,0.29414,2.15316,1,0.01566,0.99828,0.1023
000925_lcam_front_lidar.ply,0.10002,799,0.9,0.24001,1.95298,1,0.00307,0.96113,0.01947
000926_lcam_front_lidar.ply,0.10002,799,0.9,0.30679,2.01848,1,0.00391,0.98971,0.08691
000927_lcam_front_lidar.ply,0.10002,799,0.9,0.28722,2.03185,1,0.00333,0.99926,0.1186
000928_lcam_front_lidar.ply,0.10002,799,0.9,0.26579,0.53809,1,0.05354,0.00133,0.0219
000929_lcam_front_lidar.ply,0.10002,799,0.9,0.27844,2.32129,1,0.03384,0.99146,0.07378
000930_lcam_front_lidar.ply,0.10002,799,0.9,0.26375,2.31811,1,0.0342,0.98804,0.06824
000931_lcam_front_lidar.ply,0.10002,799,0.9,0.25499,2.33569,1,0.0358,0.98883,0.06947
000932_lcam_front_lidar.ply,0.10002,799,0.9,0.27976,2.12357,1,0.02275,0.94806,0.02992
000933_lcam_front_lidar.ply,0.10002,799,0.9,0.33793,1.83023,1,0.00175,0.90635,0.02794
000934_lcam_front_lidar.ply,0.10002,799,0.9,0.36853,2.03156,1,0.00318,0.99989,0.00191
000935_lcam_front_lidar.ply,0.10002,799,0.9,0.40861,2.18091,1,0.03849,0.89801,0.12464
000936_lcam_front_lidar.ply,0.10002,799,0.9,0.3861,2.79483,1,0.08253,0.98478,0.13448
000937_lcam_front_lidar.ply,0.10002,799,0.9,0.30674,2.6514,1,0.0717,0.96718,0.1126
000938_lcam_front_lidar.ply,0.10002,799,0.9,0.30464,2.07386,1,0.00771,0.99838,0.07928
000939_lcam_front_lidar.ply,0.10002,799,0.9,0.28955,2.41529,1,0.04744,0.97047,0.10957
000940_lcam_front_lidar.ply,0.10002,799,0.9,0.30059,2.03229,1,0.00424,0.99496,0.13604
000941_lcam_front_lidar.ply,0.10002,799,0.9,0.33713,1.88725,1,0.00278,0.92973,0.15163
000942_lcam_front_lidar.ply,0.10002,799,0.9,0.35146,1.68831,1,0.00172,0.83556,0.08567
000943_lcam_front_lidar.ply,0.10002,799,0.9,0.3382,2.22817,1,0.03748,0.92666,0.11814
000944_lcam_front_lidar.ply,0.10002,799,0.9,0.38141,2.28012,1,0.0334,0.97304,0.12332
000945_lcam_front_lidar.ply,0.10002,799,0.9,0.41385,2.74605,1,0.0798,0.97405,0.13718
000946_lcam_front_lidar.ply,0.10002,799,0.9,0.3708,1.97817,1,0.00266,0.9758,0.00146
000947_lcam_front_lidar.ply,0.10002,799,0.9,0.42759,1.9066,1,0.00255,0.94054,0.13426
000948_lcam_front_lidar.ply,0.10002,799,0.9,0.38431,2.66689,1,0.07521,0.95739,0.13468
000949_lcam_front_lidar.ply,0.10002,799,0.9,0.46511,2.2874,1,0.04042,0.94162,0.11944
000950_lcam_front_lidar.ply,0.10002,799,0.9,0.52276,1.9755,1,0.00325,0.97152,0.00228
000951_lcam_front_lidar.ply,0.10002,799,0.9,0.49837,1.92322,1,0.00253,0.94894,0.14356
000952_lcam_front_lidar.ply,0.10002,799,0.9,0.42714,1.96247,1,0.03285,0.81699,0.11848
000953_lcam_front_lidar.ply,0.10002,799,0.9,0.44891,2.69605,1,0.07417,0.97717,0.1451
000954_lcam_front_lidar.ply,0.10002,799,0.9,0.44298,2.52211,1,0.06891,0.91651,0.14137
000955_lcam_front_lidar.ply,0.10002,799,0.9,0.49499,2.73238,1,0.07596,0.98641,0.15106
000956_lcam_front_lidar.ply,0.10002,799,0.9,0.60582,2.31477,1,0.0387,0.96389,0.09717
000957_lcam_front_lidar.ply,0.10002,799,0.9,0.52926,2.47093,1,0.06113,0.9298,0.13944
000958_lcam_front_lidar.ply,0.10002,799,0.9,0.50546,2.30808,1,0.05025,0.90281,0.11274
000959_lcam_front_lidar.ply,0.10002,799,0.9,0.5995,2.35936,1,0.04443,0.95752,0.10657
000960_lcam_front_lidar.ply,0.10002,799,0.9,0.56026,2.56338,1,0.07226,0.92038,0.12112
000961_lcam_front_lidar.ply,0.10002,799,0.9,0.53417,2.66246,1,0.08539,0.9043,0.1282
000962_lcam_front_lidar.ply,0.10002,799,0.9,0.48265,2.51775,1,0.07446,0.88655,0.11711
000963_lcam_front_lidar.ply,0.10002,799,0.9,0.6265,2.34253,1,0.05436,0.89945,0.10144
000964_lcam_front_lidar.ply,0.10002,799,0.9,0.7635,1.97607,1,0.00729,0.95157,0.14784
000965_lcam_front_lidar.ply,0.10002,799,0.9,1.04235,1.90041,1,0.01847,0.85784,0.13274
000966_lcam_front_lidar.ply,0.10002,799,0.9,0.68892,2.0279,1,0.00281,0.99989,0.00106
000967_lcam_front_lidar.ply,0.10002,799,0.9,0.39398,2.16594,1,0.04278,0.86907,0.10861
000968_lcam_front_lidar.ply,0.10002,799,0.9,0.3374,2.60133,1,0.06781,0.96164,0.11697
000969_lcam_front_lidar.ply,0.10002,799,0.9,0.33888,2.79259,1,0.07971,0.99776,0.13732
000970_lcam_front_lidar.ply,0.10002,799,0.9,0.30119,2.64841,1,0.06855,0.98148,0.11483
000971_lcam_front_lidar.ply,0.10002,799,0.9,0.31719,2.56334,1,0.05882,0.98757,0.11103
000972_lcam_front_lidar.ply,0.10002,799,0.9,0.2783,2.86011,1,0.08977,0.98118,0.13526
000973_lcam_front_lidar.ply,0.10002,799,0.9,0.3326,3.14464,1,0.12083,0.96815,0.14388
000974_lcam_front_lidar.ply,0.10002,799,0.9,0.3059,2.04594,1,0.00668,0.98954,0.18294
000975_lcam_front_lidar.ply,0.10002,799,0.9,0.35037,2.25373,1,0.02755,0.98909,0.07749
000976_lcam_front_lidar.ply,0.10002,799,0.9,0.32133,2.56962,1,0.06608,0.95441,0.09596
000977_lcam_front_lidar.ply,0.10002,799,0.9,0.31203,2.47433,1,0.0479,0.99766,0.10658
000978_lcam_front_lidar.ply,0.10002,799,0.9,0.33412,2.00692,1,0.0051,0.97794,0.1236
000979_lcam_front_lidar.ply,0.10002,799,0.9,0.31291,2.52832,1,0.05992,0.96455,0.09427
000980_lcam_front_lidar.ply,0.10002,799,0.9,0.32446,2.04205,1,0.00495,0.99629,0.13344
000981_lcam_front_lidar.ply,0.10002,799,0.9,0.32998,2.75164,1,0.08247,0.96348,0.12543
000982_lcam_front_lidar.ply,0.10002,799,0.9,0.32146,2.37612,1,0.04255,0.9753,0.12636
000983_lcam_front_lidar.ply,0.10002,799,0.9,0.30825,2.05612,1,0.00656,0.99525,0.16505
000984_lcam_front_lidar.ply,0.10002,799,0.9,0.29237,1.98524,1,0.00628,0.9612,0.14656
000985_lcam_front_lidar.ply,0.10002,799,0.9,0.2766,2.89269,1,0.10573,0.9177,0.11442
000986_lcam_front_lidar.ply,0.10002,799,0.9,0.32911,1.97994,1,0.00755,0.95221,0.16687
000987_lcam_front_lidar.ply,0.10002,799,0.9,0.24885,2.41137,1,0.0455,0.97817,0.11515
000988_lcam_front_lidar.ply,0.10002,799,0.9,0.27377,2.06328,1,0.00747,0.99431,0.13513
000989_lcam_front_lidar.ply,0.10002,799,0.9,0.29529,2.03368,1,0.00729,0.98038,0.13625
000990_lcam_front_lidar.ply,0.10002,799,0.9,0.2734,1.98936,1,0.00497,0.96985,0.08858
000991_lcam_front_lidar.ply,0.10002,799,0.9,0.2625,2.44241,1,0.05299,0.95628,0.10615
000992_lcam_front_lidar.ply,0.10002,799,0.9,0.27264,3.49991,1,0.1566,0.96694,0.14435
000993_lcam_front_lidar.ply,0.10002,799,0.9,0.2552,3.61887,1,0.1658,0.98044,0.14613
000994_lcam_front_lidar.ply,0.10002,799,0.9,0.25562,3.6116,1,0.16522,0.97972,0.14189
000995_lcam_front_lidar.ply,0.10002,799,0.9,0.3331,2.02193,1,0.00858,0.96808,0.13758
000996_lcam_front_lidar.ply,0.10002,799,0.9,0.29045,1.9933,1,0.01392,0.92703,0.1351
000997_lcam_front_lidar.ply,0.10002,799,0.9,0.27931,3.68417,1,0.17327,0.97574,0.14505
000998_lcam_front_lidar.ply,0.10002,799,0.9,0.27234,2.11956,1,0.0121,0.99928,0.17881
000999_lcam_front_lidar.ply,0.10002,799,0.9,0.29848,2.1633,1,0.01736,0.99484,0.15332
001000_lcam_front_lidar.ply,0.10002,799,0.9,0.29301,2.09682,1,0.01172,0.98982,0.15639
001001_lcam_front_lidar.ply,0.10002,799,0.9,0.29382,3.51606,1,0.15724,0.97183,0.13863
001002_lcam_front_lidar.ply,0.10002,799,0.9,0.24614,3.54766,1,0.15771,0.98529,0.14096
001003_lcam_front_lidar.ply,0.10002,799,0.9,0.28745,2.11345,1,0.0125,0.99423,0.15275
001004_lcam_front_lidar.ply,0.10002,799,0.9,0.30529,1.92397,1,0.01085,0.90773,0.14818
001005_lcam_front_lidar.ply,0.10002,799,0.9,0.27419,3.21278,1,0.12276,0.99259,0.12997
001006_lcam_front_lidar.ply,0.10002,799,0.9,0.37018,2.08284,1,0.00911,0.99585,0.10331
001007_lcam_front_lidar.ply,0.10002,799,0.9,0.30231,3.30158,1,0.13434,0.97909,0.14402
001008_lcam_front_lidar.ply,0.10002,799,0.9,0.32532,2.11519,1,0.01378,0.98867,0.15221
001009_lcam_front_lidar.ply,0.10002,799,0.9,0.34624,1.86078,1,0.00642,0.89827,0.13551
001010_lcam_front_lidar.ply,0.10002,799,0.9,0.39782,2.01377,1,0.00738,0.96999,0.10315
001011_lcam_front_lidar.ply,0.10002,799,0.9,0.35763,2.12293,1,0.01399,0.9915,0.15097
001012_lcam_front_lidar.ply,0.10002,799,0.9,0.35019,2.13744,1,0.0138,0.99971,0.16219
001013_lcam_front_lidar.ply,0.10002,799,0.9,0.32558,2.11675,1,0.01205,0.99813,0.11779
001014_lcam_front_lidar.ply,0.10002,799,0.9,0.37621,2.14731,1,0.01543,0.99648,0.14732
001015_lcam_front_lidar.ply,0.10002,799,0.9,0.35867,3.25193,1,0.1317,0.96745,0.14621
001016_lcam_front_lidar.ply,0.10002,799,0.9,0.39378,3.15475,1,0.12105,0.97213,0.1416
001017_lcam_front_lidar.ply,0.10002,799,0.9,0.40801,3.15436,1,0.12092,0.97258,0.14352
001018_lcam_front_lidar.ply,0.10002,799,0.9,0.4038,2.13055,1,0.01556,0.9875,0.14803
001019_lcam_front_lidar.ply,0.10002,799,0.9,0.40635,2.03949,1,0.00569,0.99127,0.15816
001020_lcam_front_lidar.ply,0.10002,799,0.9,0.41022,3.18513,1,0.12359,0.97459,0.15187
001021_lcam_front_lidar.ply,0.10002,799,0.9,0.47135,2.13074,1,0.01465,0.99211,0.14405
001022_lcam_front_lidar.ply,0.10002,799,0.9,0.46801,3.09317,1,0.11636,0.96479,0.14675
001023_lcam_front_lidar.ply,0.10002,799,0.9,0.49188,2.09841,1,0.03441,0.87714,0.11491
001024_lcam_front_lidar.ply,0.10002,799,0.9,0.3928,3.0734,1,0.10914,0.99102,0.15684
001025_lcam_front_lidar.ply,0.10002,799,0.9,0.4731,2.1348,1,0.01906,0.97209,0.04974
001026_lcam_front_lidar.ply,0.10002,799,0.9,0.44649,2.22388,1,0.02538,0.98503,0.11097
001027_lcam_front_lidar.ply,0.10002,799,0.9,0.37761,2.15363,1,0.04524,0.8506,0.10513
001028_lcam_front_lidar.ply,0.10002,799,0.9,0.34694,2.30873,1,0.04701,0.9193,0.11908
001029_lcam_front_lidar.ply,0.10002,799,0.9,0.35699,2.22908,1,0.03234,0.95282,0.09591
001030_lcam_front_lidar.ply,0.10002,799,0.9,0.34604,2.929,1,0.09405,0.99426,0.14216
001031_lcam_front_lidar.ply,0.10002,799,0.9,0.35318,2.24264,1,0.03498,0.94641,0.11008
001032_lcam_front_lidar.ply,0.10002,799,0.9,0.38569,2.30064,1,0.04922,0.90421,0.11135
001033_lcam_front_lidar.ply,0.10002,799,0.9,0.33982,2.12928,1,0.04122,0.85856,0.0876
001034_lcam_front_lidar.ply,0.10002,799,0.9,0.35674,2.36099,1,0.05132,0.9239,0.1141
001035_lcam_front_lidar.ply,0.10002,799,0.9,0.34208,2.23875,1,0.02658,0.98647,0.11057
001036_lcam_front_lidar.ply,0.10002,799,0.9,0.38544,2.45872,1,0.0534,0.96234,0.12054
001037_lcam_front_lidar.ply,0.10002,799,0.9,0.39003,2.50655,1,0.06052,0.95067,0.14215
001038_lcam_front_lidar.ply,0.10002,799,0.9,0.3731,2.45048,1,0.06004,0.92505,0.12789
001039_lcam_front_lidar.ply,0.10002,799,0.9,0.35201,2.54506,1,0.06559,0.94457,0.14359
001040_lcam_front_lidar.ply,0.10002,799,0.9,0.40164,2.51398,1,0.05163,0.99883,0.11977
001041_lcam_front_lidar.ply,0.10002,799,0.9,0.40258,2.48335,1,0.05118,0.98577,0.11308
001042_lcam_front_lidar.ply,0.10002,799,0.9,0.41845,2.49317,1,0.05485,0.97236,0.12227
001043_lcam_front_lidar.ply,0.10002,799,0.9,0.39887,2.65577,1,0.06615,0.99715,0.12665
001044_lcam_front_lidar.ply,0.10002,799,0.9,0.40431,2.31987,1,0.03259,0.997,0.13198
