000878_lcam_front_lidar.ply/000878_lcam_front_lidar.ply,0.1,800,0.9,0.15613,0.99,879,0.0,0.0,0.0
000879_lcam_front_lidar.ply/000879_lcam_front_lidar.ply,0.1,800,0.9,0.12895,0.99,880,0.0,0.0,0.0
000880_lcam_front_lidar.ply/000880_lcam_front_lidar.ply,0.1,800,0.9,0.1073,0.99,881,0.0,0.0,0.0
000881_lcam_front_lidar.ply/000881_lcam_front_lidar.ply,0.1,800,0.9,0.09516,0.99,882,0.0,0.0,0.0
000882_lcam_front_lidar.ply/000882_lcam_front_lidar.ply,0.1,800,0.9,0.10994,0.99,883,0.0,0.0,0.0
000883_lcam_front_lidar.ply/000883_lcam_front_lidar.ply,0.1,800,0.9,0.11187,0.99,884,0.0,0.0,0.0
000884_lcam_front_lidar.ply/000884_lcam_front_lidar.ply,0.1,800,0.9,0.09607,0.99,885,0.0,0.0,0.0
000885_lcam_front_lidar.ply/000885_lcam_front_lidar.ply,0.1,800,0.9,0.12095,0.99,886,0.0,0.0,0.0
000886_lcam_front_lidar.ply/000886_lcam_front_lidar.ply,0.1,800,0.9,0.12236,0.99,887,0.0,0.0,0.0
000887_lcam_front_lidar.ply/000887_lcam_front_lidar.ply,0.1,800,0.9,0.12038,0.99,888,0.0,0.0,0.0
000888_lcam_front_lidar.ply/000888_lcam_front_lidar.ply,0.1,800,0.9,0.11116,0.99,889,0.0,0.0,0.0
000889_lcam_front_lidar.ply/000889_lcam_front_lidar.ply,0.1,800,0.9,0.10526,0.99,890,0.0,0.0,0.0
000890_lcam_front_lidar.ply/000890_lcam_front_lidar.ply,0.1,800,0.9,0.10908,0.99,891,0.0,0.0,0.0
000891_lcam_front_lidar.ply/000891_lcam_front_lidar.ply,0.1,800,0.9,0.09273,0.99,892,0.0,0.0,0.0
000892_lcam_front_lidar.ply/000892_lcam_front_lidar.ply,0.1,800,0.9,0.0835,0.99,893,0.0,0.0,0.0
000893_lcam_front_lidar.ply/000893_lcam_front_lidar.ply,0.1,800,0.9,0.09802,0.99,894,0.0,0.0,0.0
000894_lcam_front_lidar.ply/000894_lcam_front_lidar.ply,0.1,800,0.9,0.09066,0.99,895,0.0,0.0,0.0
000895_lcam_front_lidar.ply/000895_lcam_front_lidar.ply,0.1,800,0.9,0.11198,0.99,896,0.0,0.0,0.0
000896_lcam_front_lidar.ply/000896_lcam_front_lidar.ply,0.1,800,0.9,0.0987,0.99,897,0.0,0.0,0.0
000897_lcam_front_lidar.ply/000897_lcam_front_lidar.ply,0.1,800,0.9,0.0954,0.99,898,0.0,0.0,0.0
000898_lcam_front_lidar.ply/000898_lcam_front_lidar.ply,0.1,800,0.9,0.11733,0.99,899,0.0,0.0,0.0
000899_lcam_front_lidar.ply/000899_lcam_front_lidar.ply,0.1,800,0.9,0.09307,0.99,900,0.0,0.0,0.0
000900_lcam_front_lidar.ply/000900_lcam_front_lidar.ply,0.1,800,0.9,0.09787,0.99,901,0.0,0.0,0.0
000901_lcam_front_lidar.ply/000901_lcam_front_lidar.ply,0.1,800,0.9,0.11136,0.99,902,0.0,0.0,0.0
000902_lcam_front_lidar.ply/000902_lcam_front_lidar.ply,0.1,800,0.9,0.11327,0.99,903,0.0,0.0,0.0
000903_lcam_front_lidar.ply/000903_lcam_front_lidar.ply,0.1,800,0.9,0.09474,0.99,904,0.0,0.0,0.0
000904_lcam_front_lidar.ply/000904_lcam_front_lidar.ply,0.1,800,0.9,0.12041,0.99,905,0.0,0.0,0.0
000905_lcam_front_lidar.ply/000905_lcam_front_lidar.ply,0.1,800,0.9,0.12195,0.99,906,0.0,0.0,0.0
000906_lcam_front_lidar.ply/000906_lcam_front_lidar.ply,0.1,800,0.9,0.09239,0.99,907,0.0,0.0,0.0
000907_lcam_front_lidar.ply/000907_lcam_front_lidar.ply,0.1,800,0.9,0.09553,0.99,908,0.0,0.0,0.0
000908_lcam_front_lidar.ply/000908_lcam_front_lidar.ply,0.1,800,0.9,0.12616,0.99,909,0.0,0.0,0.0
000909_lcam_front_lidar.ply/000909_lcam_front_lidar.ply,0.1,800,0.9,0.13433,0.99,910,0.0,0.0,0.0
000910_lcam_front_lidar.ply/000910_lcam_front_lidar.ply,0.1,800,0.9,0.1123,0.99,911,0.0,0.0,0.0
000911_lcam_front_lidar.ply/000911_lcam_front_lidar.ply,0.1,800,0.9,0.12102,0.99,912,0.0,0.0,0.0
000912_lcam_front_lidar.ply/000912_lcam_front_lidar.ply,0.1,800,0.9,0.10936,0.99,913,0.0,0.0,0.0
000913_lcam_front_lidar.ply/000913_lcam_front_lidar.ply,0.1,800,0.9,0.13247,0.99,914,0.0,0.0,0.0
000914_lcam_front_lidar.ply/000914_lcam_front_lidar.ply,0.1,800,0.9,0.13772,0.99,915,0.0,0.0,0.0
000915_lcam_front_lidar.ply/000915_lcam_front_lidar.ply,0.1,800,0.9,0.10952,0.99,916,0.0,0.0,0.0
000916_lcam_front_lidar.ply/000916_lcam_front_lidar.ply,0.1,800,0.9,0.13793,0.99,917,0.0,0.0,0.0
000917_lcam_front_lidar.ply/000917_lcam_front_lidar.ply,0.1,800,0.9,0.14258,0.99,918,0.0,0.0,0.0
000918_lcam_front_lidar.ply/000918_lcam_front_lidar.ply,0.1,800,0.9,0.14137,0.99,919,0.0,0.0,0.0
000919_lcam_front_lidar.ply/000919_lcam_front_lidar.ply,0.1,800,0.9,0.14992,0.99,920,0.0,0.0,0.0
000920_lcam_front_lidar.ply/000920_lcam_front_lidar.ply,0.1,800,0.9,0.55485,0.99,921,0.0,0.0,0.0
000921_lcam_front_lidar.ply/000921_lcam_front_lidar.ply,0.1,800,0.9,0.16714,0.99,922,0.0,0.0,0.0
000922_lcam_front_lidar.ply/000922_lcam_front_lidar.ply,0.1,800,0.9,0.18954,0.99,923,0.0,0.0,0.0
000923_lcam_front_lidar.ply/000923_lcam_front_lidar.ply,0.1,800,0.9,0.23203,0.99,924,0.0,0.0,0.0
000924_lcam_front_lidar.ply/000924_lcam_front_lidar.ply,0.1,800,0.9,0.16054,0.99,925,0.0,0.0,0.0
000925_lcam_front_lidar.ply/000925_lcam_front_lidar.ply,0.1,800,0.9,0.17467,0.99,926,0.0,0.0,0.0
000926_lcam_front_lidar.ply/000926_lcam_front_lidar.ply,0.1,800,0.9,0.14344,0.99,927,0.0,0.0,0.0
000927_lcam_front_lidar.ply/000927_lcam_front_lidar.ply,0.1,800,0.9,0.14443,0.99,928,0.0,0.0,0.0
000928_lcam_front_lidar.ply/000928_lcam_front_lidar.ply,0.1,800,0.9,0.28236,0.99,929,0.0,0.0,0.0
000929_lcam_front_lidar.ply/000929_lcam_front_lidar.ply,0.1,800,0.9,0.15355,0.99,930,0.0,0.0,0.0
000930_lcam_front_lidar.ply/000930_lcam_front_lidar.ply,0.1,800,0.9,0.28918,0.99,931,0.0,0.0,0.0
000931_lcam_front_lidar.ply/000931_lcam_front_lidar.ply,0.1,800,0.9,0.15582,0.99,932,0.0,0.0,0.0
000932_lcam_front_lidar.ply/000932_lcam_front_lidar.ply,0.1,800,0.9,0.16451,0.99,933,0.0,0.0,0.0
000933_lcam_front_lidar.ply/000933_lcam_front_lidar.ply,0.1,800,0.9,0.14413,0.99,934,0.0,0.0,0.0
000934_lcam_front_lidar.ply/000934_lcam_front_lidar.ply,0.1,800,0.9,0.15241,0.99,935,0.0,0.0,0.0
000935_lcam_front_lidar.ply/000935_lcam_front_lidar.ply,0.1,800,0.9,0.17028,0.99,936,0.0,0.0,0.0
000936_lcam_front_lidar.ply/000936_lcam_front_lidar.ply,0.1,800,0.9,0.13982,0.99,937,0.0,0.0,0.0
000937_lcam_front_lidar.ply/000937_lcam_front_lidar.ply,0.1,800,0.9,0.13771,0.99,938,0.0,0.0,0.0
000938_lcam_front_lidar.ply/000938_lcam_front_lidar.ply,0.1,800,0.9,0.16456,0.99,939,0.0,0.0,0.0
000939_lcam_front_lidar.ply/000939_lcam_front_lidar.ply,0.1,800,0.9,0.12659,0.99,940,0.0,0.0,0.0
000940_lcam_front_lidar.ply/000940_lcam_front_lidar.ply,0.1,800,0.9,0.24835,0.99,941,0.0,0.0,0.0
000941_lcam_front_lidar.ply/000941_lcam_front_lidar.ply,0.1,800,0.9,0.17422,0.99,942,0.0,0.0,0.0
000942_lcam_front_lidar.ply/000942_lcam_front_lidar.ply,0.1,800,0.9,0.17422,0.99,943,0.0,0.0,0.0
000943_lcam_front_lidar.ply/000943_lcam_front_lidar.ply,0.1,800,0.9,0.14697,0.99,944,0.0,0.0,0.0
000944_lcam_front_lidar.ply/000944_lcam_front_lidar.ply,0.1,800,0.9,0.16805,0.99,945,0.0,0.0,0.0
000945_lcam_front_lidar.ply/000945_lcam_front_lidar.ply,0.1,800,0.9,0.15752,0.99,946,0.0,0.0,0.0
000946_lcam_front_lidar.ply/000946_lcam_front_lidar.ply,0.1,800,0.9,0.16073,0.99,947,0.0,0.0,0.0
000947_lcam_front_lidar.ply/000947_lcam_front_lidar.ply,0.1,800,0.9,0.1429,0.99,948,0.0,0.0,0.0
000948_lcam_front_lidar.ply/000948_lcam_front_lidar.ply,0.1,800,0.9,0.19146,0.99,949,0.0,0.0,0.0
000949_lcam_front_lidar.ply/000949_lcam_front_lidar.ply,0.1,800,0.9,0.17059,0.99,950,0.0,0.0,0.0
000950_lcam_front_lidar.ply/000950_lcam_front_lidar.ply,0.1,800,0.9,0.2163,0.99,951,0.0,0.0,0.0
000951_lcam_front_lidar.ply/000951_lcam_front_lidar.ply,0.1,800,0.9,0.19408,0.99,952,0.0,0.0,0.0
000952_lcam_front_lidar.ply/000952_lcam_front_lidar.ply,0.1,800,0.9,0.22024,0.99,953,0.0,0.0,0.0
000953_lcam_front_lidar.ply/000953_lcam_front_lidar.ply,0.1,800,0.9,0.19958,0.99,954,0.0,0.0,0.0
000954_lcam_front_lidar.ply/000954_lcam_front_lidar.ply,0.1,800,0.9,0.19011,0.99,955,0.0,0.0,0.0
000955_lcam_front_lidar.ply/000955_lcam_front_lidar.ply,0.1,800,0.9,0.24078,0.99,956,0.0,0.0,0.0
000956_lcam_front_lidar.ply/000956_lcam_front_lidar.ply,0.1,800,0.9,0.18406,0.99,957,0.0,0.0,0.0
000957_lcam_front_lidar.ply/000957_lcam_front_lidar.ply,0.1,800,0.9,0.21993,0.99,958,0.0,0.0,0.0
000958_lcam_front_lidar.ply/000958_lcam_front_lidar.ply,0.1,800,0.9,0.20429,0.99,959,0.0,0.0,0.0
000959_lcam_front_lidar.ply/000959_lcam_front_lidar.ply,0.1,800,0.9,0.17383,0.99,960,0.0,0.0,0.0
000960_lcam_front_lidar.ply/000960_lcam_front_lidar.ply,0.1,800,0.9,0.19785,0.99,961,0.0,0.0,0.0
000961_lcam_front_lidar.ply/000961_lcam_front_lidar.ply,0.1,800,0.9,0.19235,0.99,962,0.0,0.0,0.0
000962_lcam_front_lidar.ply/000962_lcam_front_lidar.ply,0.1,800,0.9,0.17745,0.99,963,0.0,0.0,0.0
000963_lcam_front_lidar.ply/000963_lcam_front_lidar.ply,0.1,800,0.9,0.22603,0.99,964,0.0,0.0,0.0
000964_lcam_front_lidar.ply/000964_lcam_front_lidar.ply,0.1,800,0.9,0.19046,0.99,965,0.0,0.0,0.0
000965_lcam_front_lidar.ply/000965_lcam_front_lidar.ply,0.1,800,0.9,0.20442,0.99,966,0.0,0.0,0.0
000966_lcam_front_lidar.ply/000966_lcam_front_lidar.ply,0.1,800,0.9,0.18046,0.99,967,0.0,0.0,0.0
000967_lcam_front_lidar.ply/000967_lcam_front_lidar.ply,0.1,800,0.9,0.18154,0.99,968,0.0,0.0,0.0
000968_lcam_front_lidar.ply/000968_lcam_front_lidar.ply,0.1,800,0.9,0.17905,0.99,969,0.0,0.0,0.0
000969_lcam_front_lidar.ply/000969_lcam_front_lidar.ply,0.1,800,0.9,0.21783,0.99,970,0.0,0.0,0.0
000970_lcam_front_lidar.ply/000970_lcam_front_lidar.ply,0.1,800,0.9,0.23567,0.99,971,0.0,0.0,0.0
000971_lcam_front_lidar.ply/000971_lcam_front_lidar.ply,0.1,800,0.9,0.1741,0.99,972,0.0,0.0,0.0
000972_lcam_front_lidar.ply/000972_lcam_front_lidar.ply,0.1,800,0.9,0.18421,0.99,973,0.0,0.0,0.0
000973_lcam_front_lidar.ply/000973_lcam_front_lidar.ply,0.1,800,0.9,0.18302,0.99,974,0.0,0.0,0.0
000974_lcam_front_lidar.ply/000974_lcam_front_lidar.ply,0.1,800,0.9,0.19449,0.99,975,0.0,0.0,0.0
000975_lcam_front_lidar.ply/000975_lcam_front_lidar.ply,0.1,800,0.9,0.1768,0.99,976,0.0,0.0,0.0
000976_lcam_front_lidar.ply/000976_lcam_front_lidar.ply,0.1,800,0.9,0.21046,0.99,977,0.0,0.0,0.0
000977_lcam_front_lidar.ply/000977_lcam_front_lidar.ply,0.1,800,0.9,0.19414,0.99,978,0.0,0.0,0.0
000978_lcam_front_lidar.ply/000978_lcam_front_lidar.ply,0.1,800,0.9,0.19521,0.99,979,0.0,0.0,0.0
000979_lcam_front_lidar.ply/000979_lcam_front_lidar.ply,0.1,800,0.9,0.21792,0.99,980,0.0,0.0,0.0
000980_lcam_front_lidar.ply/000980_lcam_front_lidar.ply,0.1,800,0.9,0.23597,0.99,981,0.0,0.0,0.0
000981_lcam_front_lidar.ply/000981_lcam_front_lidar.ply,0.1,800,0.9,0.19114,0.99,982,0.0,0.0,0.0
000982_lcam_front_lidar.ply/000982_lcam_front_lidar.ply,0.1,800,0.9,0.21527,0.99,983,0.0,0.0,0.0
000983_lcam_front_lidar.ply/000983_lcam_front_lidar.ply,0.1,800,0.9,0.20138,0.99,984,0.0,0.0,0.0
000984_lcam_front_lidar.ply/000984_lcam_front_lidar.ply,0.1,800,0.9,0.20343,0.99,985,0.0,0.0,0.0
000985_lcam_front_lidar.ply/000985_lcam_front_lidar.ply,0.1,800,0.9,0.21539,0.99,986,0.0,0.0,0.0
000986_lcam_front_lidar.ply/000986_lcam_front_lidar.ply,0.1,800,0.9,0.2082,0.99,987,0.0,0.0,0.0
000987_lcam_front_lidar.ply/000987_lcam_front_lidar.ply,0.1,800,0.9,0.18546,0.99,988,0.0,0.0,0.0
000988_lcam_front_lidar.ply/000988_lcam_front_lidar.ply,0.1,800,0.9,0.22399,0.99,989,0.0,0.0,0.0
000989_lcam_front_lidar.ply/000989_lcam_front_lidar.ply,0.1,800,0.9,0.28677,0.99,990,0.0,0.0,0.0
000990_lcam_front_lidar.ply/000990_lcam_front_lidar.ply,0.1,800,0.9,0.22519,0.99,991,0.0,0.0,0.0
000991_lcam_front_lidar.ply/000991_lcam_front_lidar.ply,0.1,800,0.9,0.23694,0.99,992,0.0,0.0,0.0
000992_lcam_front_lidar.ply/000992_lcam_front_lidar.ply,0.1,800,0.9,0.21208,0.99,993,0.0,0.0,0.0
000993_lcam_front_lidar.ply/000993_lcam_front_lidar.ply,0.1,800,0.9,0.20637,0.99,994,0.0,0.0,0.0
000994_lcam_front_lidar.ply/000994_lcam_front_lidar.ply,0.1,800,0.9,0.20301,0.99,995,0.0,0.0,0.0
000995_lcam_front_lidar.ply/000995_lcam_front_lidar.ply,0.1,800,0.9,0.19668,0.99,996,0.0,0.0,0.0
000996_lcam_front_lidar.ply/000996_lcam_front_lidar.ply,0.1,800,0.9,0.2213,0.99,997,0.0,0.0,0.0
000997_lcam_front_lidar.ply/000997_lcam_front_lidar.ply,0.1,800,0.9,0.20224,0.99,998,0.0,0.0,0.0
000998_lcam_front_lidar.ply/000998_lcam_front_lidar.ply,0.1,800,0.9,0.23934,0.99,999,0.0,0.0,0.0
000999_lcam_front_lidar.ply/000999_lcam_front_lidar.ply,0.1,800,0.9,0.18807,0.99,1000,0.0,0.0,0.0
001000_lcam_front_lidar.ply/001000_lcam_front_lidar.ply,0.1,800,0.9,0.20906,0.99,1001,0.0,0.0,0.0
001001_lcam_front_lidar.ply/001001_lcam_front_lidar.ply,0.1,800,0.9,0.37308,0.99,1002,0.0,0.0,0.0
001002_lcam_front_lidar.ply/001002_lcam_front_lidar.ply,0.1,800,0.9,0.21283,0.99,1003,0.0,0.0,0.0
001003_lcam_front_lidar.ply/001003_lcam_front_lidar.ply,0.1,800,0.9,0.23642,0.99,1004,0.0,0.0,0.0
001004_lcam_front_lidar.ply/001004_lcam_front_lidar.ply,0.1,800,0.9,0.29716,0.99,1005,0.0,0.0,0.0
001005_lcam_front_lidar.ply/001005_lcam_front_lidar.ply,0.1,800,0.9,0.27234,0.99,1006,0.0,0.0,0.0
001006_lcam_front_lidar.ply/001006_lcam_front_lidar.ply,0.1,800,0.9,0.47009,0.99,1007,0.0,0.0,0.0
001007_lcam_front_lidar.ply/001007_lcam_front_lidar.ply,0.1,800,0.9,0.25215,0.99,1008,0.0,0.0,0.0
001008_lcam_front_lidar.ply/001008_lcam_front_lidar.ply,0.1,800,0.9,0.21134,0.99,1009,0.0,0.0,0.0
001009_lcam_front_lidar.ply/001009_lcam_front_lidar.ply,0.1,800,0.9,0.23616,0.99,1010,0.0,0.0,0.0
001010_lcam_front_lidar.ply/001010_lcam_front_lidar.ply,0.1,800,0.9,0.27698,0.99,1011,0.0,0.0,0.0
001011_lcam_front_lidar.ply/001011_lcam_front_lidar.ply,0.1,800,0.9,0.22615,0.99,1012,0.0,0.0,0.0
001012_lcam_front_lidar.ply/001012_lcam_front_lidar.ply,0.1,800,0.9,0.2396,0.99,1013,0.0,0.0,0.0
001013_lcam_front_lidar.ply/001013_lcam_front_lidar.ply,0.1,800,0.9,0.27452,0.99,1014,0.0,0.0,0.0
001014_lcam_front_lidar.ply/001014_lcam_front_lidar.ply,0.1,800,0.9,0.19794,0.99,1015,0.0,0.0,0.0
001015_lcam_front_lidar.ply/001015_lcam_front_lidar.ply,0.1,800,0.9,0.39695,0.99,1016,0.0,0.0,0.0
001016_lcam_front_lidar.ply/001016_lcam_front_lidar.ply,0.1,800,0.9,0.26401,0.99,1017,0.0,0.0,0.0
001017_lcam_front_lidar.ply/001017_lcam_front_lidar.ply,0.1,800,0.9,0.27737,0.99,1018,0.0,0.0,0.0
001018_lcam_front_lidar.ply/001018_lcam_front_lidar.ply,0.1,800,0.9,0.25974,0.99,1019,0.0,0.0,0.0
001019_lcam_front_lidar.ply/001019_lcam_front_lidar.ply,0.1,800,0.9,0.22428,0.99,1020,0.0,0.0,0.0
001020_lcam_front_lidar.ply/001020_lcam_front_lidar.ply,0.1,800,0.9,0.23512,0.99,1021,0.0,0.0,0.0
001021_lcam_front_lidar.ply/001021_lcam_front_lidar.ply,0.1,800,0.9,0.23824,0.99,1022,0.0,0.0,0.0
001022_lcam_front_lidar.ply/001022_lcam_front_lidar.ply,0.1,800,0.9,0.21523,0.99,1023,0.0,0.0,0.0
001023_lcam_front_lidar.ply/001023_lcam_front_lidar.ply,0.1,800,0.9,0.2271,0.99,1024,0.0,0.0,0.0
001024_lcam_front_lidar.ply/001024_lcam_front_lidar.ply,0.1,800,0.9,0.24414,0.99,1025,0.0,0.0,0.0
001025_lcam_front_lidar.ply/001025_lcam_front_lidar.ply,0.1,800,0.9,0.23248,0.99,1026,0.0,0.0,0.0
001026_lcam_front_lidar.ply/001026_lcam_front_lidar.ply,0.1,800,0.9,0.20632,0.99,1027,0.0,0.0,0.0
001027_lcam_front_lidar.ply/001027_lcam_front_lidar.ply,0.1,800,0.9,0.26306,0.99,1028,0.0,0.0,0.0
001028_lcam_front_lidar.ply/001028_lcam_front_lidar.ply,0.1,800,0.9,0.20934,0.99,1029,0.0,0.0,0.0
001029_lcam_front_lidar.ply/001029_lcam_front_lidar.ply,0.1,800,0.9,0.31125,0.99,1030,0.0,0.0,0.0
001030_lcam_front_lidar.ply/001030_lcam_front_lidar.ply,0.1,800,0.9,0.21454,0.99,1031,0.0,0.0,0.0
001031_lcam_front_lidar.ply/001031_lcam_front_lidar.ply,0.1,800,0.9,0.27458,0.99,1032,0.0,0.0,0.0
001032_lcam_front_lidar.ply/001032_lcam_front_lidar.ply,0.1,800,0.9,0.34179,0.99,1033,0.0,0.0,0.0
001033_lcam_front_lidar.ply/001033_lcam_front_lidar.ply,0.1,800,0.9,0.29428,0.99,1034,0.0,0.0,0.0
001034_lcam_front_lidar.ply/001034_lcam_front_lidar.ply,0.1,800,0.9,0.22564,0.99,1035,0.0,0.0,0.0
001035_lcam_front_lidar.ply/001035_lcam_front_lidar.ply,0.1,800,0.9,0.2942,0.99,1036,0.0,0.0,0.0
001036_lcam_front_lidar.ply/001036_lcam_front_lidar.ply,0.1,800,0.9,0.2788,0.99,1037,0.0,0.0,0.0
001037_lcam_front_lidar.ply/001037_lcam_front_lidar.ply,0.1,800,0.9,0.32679,0.99,1038,0.0,0.0,0.0
001038_lcam_front_lidar.ply/001038_lcam_front_lidar.ply,0.1,800,0.9,0.28978,0.99,1039,0.0,0.0,0.0
001039_lcam_front_lidar.ply/001039_lcam_front_lidar.ply,0.1,800,0.9,0.31307,0.99,1040,0.0,0.0,0.0
001040_lcam_front_lidar.ply/001040_lcam_front_lidar.ply,0.1,800,0.9,0.28919,0.99,1041,0.0,0.0,0.0
001041_lcam_front_lidar.ply/001041_lcam_front_lidar.ply,0.1,800,0.9,0.26792,0.99,1042,0.0,0.0,0.0
001042_lcam_front_lidar.ply/001042_lcam_front_lidar.ply,0.1,800,0.9,0.27911,0.99,1043,0.0,0.0,0.0
001043_lcam_front_lidar.ply/001043_lcam_front_lidar.ply,0.1,800,0.9,0.2074,0.99,1044,0.0,0.0,0.0
001044_lcam_front_lidar.ply/001044_lcam_front_lidar.ply,0.1,800,0.9,0.22393,0.99,1045,0.0,0.0,0.0
001045_lcam_front_lidar.ply/001045_lcam_front_lidar.ply,0.1,800,0.9,0.20268,0.99,1046,0.0,0.0,0.0
001046_lcam_front_lidar.ply/001046_lcam_front_lidar.ply,0.1,800,0.9,0.20624,0.99,1047,0.0,0.0,0.0
001047_lcam_front_lidar.ply/001047_lcam_front_lidar.ply,0.1,800,0.9,0.19339,0.99,1048,0.0,0.0,0.0
001048_lcam_front_lidar.ply/001048_lcam_front_lidar.ply,0.1,800,0.9,0.2303,0.99,1049,0.0,0.0,0.0
001049_lcam_front_lidar.ply/001049_lcam_front_lidar.ply,0.1,800,0.9,0.20674,0.99,1050,0.0,0.0,0.0
001050_lcam_front_lidar.ply/001050_lcam_front_lidar.ply,0.1,800,0.9,0.22478,0.99,1051,0.0,0.0,0.0
001051_lcam_front_lidar.ply/001051_lcam_front_lidar.ply,0.1,800,0.9,0.22567,0.99,1052,0.0,0.0,0.0
001052_lcam_front_lidar.ply/001052_lcam_front_lidar.ply,0.1,800,0.9,0.22488,0.99,1053,0.0,0.0,0.0
001053_lcam_front_lidar.ply/001053_lcam_front_lidar.ply,0.1,800,0.9,0.2095,0.99,1054,0.0,0.0,0.0
001054_lcam_front_lidar.ply/001054_lcam_front_lidar.ply,0.1,800,0.9,0.2202,0.99,1055,0.0,0.0,0.0
001055_lcam_front_lidar.ply/001055_lcam_front_lidar.ply,0.1,800,0.9,0.25298,0.99,1056,0.0,0.0,0.0
001056_lcam_front_lidar.ply/001056_lcam_front_lidar.ply,0.1,800,0.9,0.25993,0.99,1057,0.0,0.0,0.0
001057_lcam_front_lidar.ply/001057_lcam_front_lidar.ply,0.1,800,0.9,0.27051,0.99,1058,0.0,0.0,0.0
001058_lcam_front_lidar.ply/001058_lcam_front_lidar.ply,0.1,800,0.9,0.26046,0.99,1059,0.0,0.0,0.0
001059_lcam_front_lidar.ply/001059_lcam_front_lidar.ply,0.1,800,0.9,0.27248,0.99,1060,0.0,0.0,0.0
001060_lcam_front_lidar.ply/001060_lcam_front_lidar.ply,0.1,800,0.9,0.25651,0.99,1061,0.0,0.0,0.0
001061_lcam_front_lidar.ply/001061_lcam_front_lidar.ply,0.1,800,0.9,0.35659,0.99,1062,0.0,0.0,0.0
001062_lcam_front_lidar.ply/001062_lcam_front_lidar.ply,0.1,800,0.9,0.27287,0.99,1063,0.0,0.0,0.0
001063_lcam_front_lidar.ply/001063_lcam_front_lidar.ply,0.1,800,0.9,0.32549,0.99,1064,0.0,0.0,0.0
001064_lcam_front_lidar.ply/001064_lcam_front_lidar.ply,0.1,800,0.9,0.21191,0.99,1065,0.0,0.0,0.0
001065_lcam_front_lidar.ply/001065_lcam_front_lidar.ply,0.1,800,0.9,0.28194,0.99,1066,0.0,0.0,0.0
001066_lcam_front_lidar.ply/001066_lcam_front_lidar.ply,0.1,800,0.9,0.2403,0.99,1067,0.0,0.0,0.0
001067_lcam_front_lidar.ply/001067_lcam_front_lidar.ply,0.1,800,0.9,0.23259,0.99,1068,0.0,0.0,0.0
001068_lcam_front_lidar.ply/001068_lcam_front_lidar.ply,0.1,800,0.9,0.23037,0.99,1069,0.0,0.0,0.0
001069_lcam_front_lidar.ply/001069_lcam_front_lidar.ply,0.1,800,0.9,0.21585,0.99,1070,0.0,0.0,0.0
001070_lcam_front_lidar.ply/001070_lcam_front_lidar.ply,0.1,800,0.9,0.23293,0.99,1071,0.0,0.0,0.0
001071_lcam_front_lidar.ply/001071_lcam_front_lidar.ply,0.1,800,0.9,0.25102,0.99,1072,0.0,0.0,0.0
001072_lcam_front_lidar.ply/001072_lcam_front_lidar.ply,0.1,800,0.9,0.25109,0.99,1073,0.0,0.0,0.0
001073_lcam_front_lidar.ply/001073_lcam_front_lidar.ply,0.1,800,0.9,0.25054,0.99,1074,0.0,0.0,0.0
001074_lcam_front_lidar.ply/001074_lcam_front_lidar.ply,0.1,800,0.9,0.25029,0.99,1075,0.0,0.0,0.0
001075_lcam_front_lidar.ply/001075_lcam_front_lidar.ply,0.1,800,0.9,0.29936,0.99,1076,0.0,0.0,0.0
001076_lcam_front_lidar.ply/001076_lcam_front_lidar.ply,0.1,800,0.9,0.23042,0.99,1077,0.0,0.0,0.0
001077_lcam_front_lidar.ply/001077_lcam_front_lidar.ply,0.1,800,0.9,0.23706,0.99,1078,0.0,0.0,0.0
001078_lcam_front_lidar.ply/001078_lcam_front_lidar.ply,0.1,800,0.9,0.2798,0.99,1079,0.0,0.0,0.0
001079_lcam_front_lidar.ply/001079_lcam_front_lidar.ply,0.1,800,0.9,0.25087,0.99,1080,0.0,0.0,0.0
001080_lcam_front_lidar.ply/001080_lcam_front_lidar.ply,0.1,800,0.9,0.49365,0.99,1081,0.0,0.0,0.0
001081_lcam_front_lidar.ply/001081_lcam_front_lidar.ply,0.1,800,0.9,0.24416,0.99,1082,0.0,0.0,0.0
001082_lcam_front_lidar.ply/001082_lcam_front_lidar.ply,0.1,800,0.9,0.23255,0.99,1083,0.0,0.0,0.0
001083_lcam_front_lidar.ply/001083_lcam_front_lidar.ply,0.1,800,0.9,0.28152,0.99,1084,0.0,0.0,0.0
001084_lcam_front_lidar.ply/001084_lcam_front_lidar.ply,0.1,800,0.9,0.22872,0.99,1085,0.0,0.0,0.0
001085_lcam_front_lidar.ply/001085_lcam_front_lidar.ply,0.1,800,0.9,0.19047,0.99,1086,0.0,0.0,0.0
001086_lcam_front_lidar.ply/001086_lcam_front_lidar.ply,0.1,800,0.9,0.20059,0.99,1087,0.0,0.0,0.0
001087_lcam_front_lidar.ply/001087_lcam_front_lidar.ply,0.1,800,0.9,0.19914,0.99,1088,0.0,0.0,0.0
001088_lcam_front_lidar.ply/001088_lcam_front_lidar.ply,0.1,800,0.9,0.21625,0.99,1089,0.0,0.0,0.0
001089_lcam_front_lidar.ply/001089_lcam_front_lidar.ply,0.1,800,0.9,0.21431,0.99,1090,0.0,0.0,0.0
001090_lcam_front_lidar.ply/001090_lcam_front_lidar.ply,0.1,800,0.9,0.19781,0.99,1091,0.0,0.0,0.0
001091_lcam_front_lidar.ply/001091_lcam_front_lidar.ply,0.1,800,0.9,0.20199,0.99,1092,0.0,0.0,0.0
001092_lcam_front_lidar.ply/001092_lcam_front_lidar.ply,0.1,800,0.9,0.18135,0.99,1093,0.0,0.0,0.0
001093_lcam_front_lidar.ply/001093_lcam_front_lidar.ply,0.1,800,0.9,0.19119,0.99,1094,0.0,0.0,0.0
001094_lcam_front_lidar.ply/001094_lcam_front_lidar.ply,0.1,800,0.9,0.17999,0.99,1095,0.0,0.0,0.0
001095_lcam_front_lidar.ply/001095_lcam_front_lidar.ply,0.1,800,0.9,0.20075,0.99,1096,0.0,0.0,0.0
001096_lcam_front_lidar.ply/001096_lcam_front_lidar.ply,0.1,800,0.9,0.21179,0.99,1097,0.0,0.0,0.0
001097_lcam_front_lidar.ply/001097_lcam_front_lidar.ply,0.1,800,0.9,0.1804,0.99,1098,0.0,0.0,0.0
001098_lcam_front_lidar.ply/001098_lcam_front_lidar.ply,0.1,800,0.9,0.21023,0.99,1099,0.0,0.0,0.0
001099_lcam_front_lidar.ply/001099_lcam_front_lidar.ply,0.1,800,0.9,0.2143,0.99,1100,0.0,0.0,0.0
001100_lcam_front_lidar.ply/001100_lcam_front_lidar.ply,0.1,800,0.9,0.19777,0.99,1101,0.0,0.0,0.0
001101_lcam_front_lidar.ply/001101_lcam_front_lidar.ply,0.1,800,0.9,0.17545,0.99,1102,0.0,0.0,0.0
001102_lcam_front_lidar.ply/001102_lcam_front_lidar.ply,0.1,800,0.9,0.17156,0.99,1103,0.0,0.0,0.0
001103_lcam_front_lidar.ply/001103_lcam_front_lidar.ply,0.1,800,0.9,0.19291,0.99,1104,0.0,0.0,0.0
001104_lcam_front_lidar.ply/001104_lcam_front_lidar.ply,0.1,800,0.9,0.17867,0.99,1105,0.0,0.0,0.0
001105_lcam_front_lidar.ply/001105_lcam_front_lidar.ply,0.1,800,0.9,0.17832,0.99,1106,0.0,0.0,0.0
001106_lcam_front_lidar.ply/001106_lcam_front_lidar.ply,0.1,800,0.9,0.18947,0.99,1107,0.0,0.0,0.0
001107_lcam_front_lidar.ply/001107_lcam_front_lidar.ply,0.1,800,0.9,0.19048,0.99,1108,0.0,0.0,0.0
001108_lcam_front_lidar.ply/001108_lcam_front_lidar.ply,0.1,800,0.9,0.19336,0.99,1109,0.0,0.0,0.0
001109_lcam_front_lidar.ply/001109_lcam_front_lidar.ply,0.1,800,0.9,0.19822,0.99,1110,0.0,0.0,0.0
001110_lcam_front_lidar.ply/001110_lcam_front_lidar.ply,0.1,800,0.9,0.17911,0.99,1111,0.0,0.0,0.0
001111_lcam_front_lidar.ply/001111_lcam_front_lidar.ply,0.1,800,0.9,0.18495,0.99,1112,0.0,0.0,0.0
001112_lcam_front_lidar.ply/001112_lcam_front_lidar.ply,0.1,800,0.9,0.18068,0.99,1113,0.0,0.0,0.0
001113_lcam_front_lidar.ply/001113_lcam_front_lidar.ply,0.1,800,0.9,0.17712,0.99,1114,0.0,0.0,0.0
001114_lcam_front_lidar.ply/001114_lcam_front_lidar.ply,0.1,800,0.9,0.18264,0.99,1115,0.0,0.0,0.0
001115_lcam_front_lidar.ply/001115_lcam_front_lidar.ply,0.1,800,0.9,0.1937,0.99,1116,0.0,0.0,0.0
001116_lcam_front_lidar.ply/001116_lcam_front_lidar.ply,0.1,800,0.9,0.2159,0.99,1117,0.0,0.0,0.0
001117_lcam_front_lidar.ply/001117_lcam_front_lidar.ply,0.1,800,0.9,0.17618,0.99,1118,0.0,0.0,0.0
001118_lcam_front_lidar.ply/001118_lcam_front_lidar.ply,0.1,800,0.9,0.19833,0.99,1119,0.0,0.0,0.0
001119_lcam_front_lidar.ply/001119_lcam_front_lidar.ply,0.1,800,0.9,0.17401,0.99,1120,0.0,0.0,0.0
001120_lcam_front_lidar.ply/001120_lcam_front_lidar.ply,0.1,800,0.9,0.16363,0.99,1121,0.0,0.0,0.0
001121_lcam_front_lidar.ply/001121_lcam_front_lidar.ply,0.1,800,0.9,0.15568,0.99,1122,0.0,0.0,0.0
001122_lcam_front_lidar.ply/001122_lcam_front_lidar.ply,0.1,800,0.9,0.18684,0.99,1123,0.0,0.0,0.0
001123_lcam_front_lidar.ply/001123_lcam_front_lidar.ply,0.1,800,0.9,0.2318,0.99,1124,0.0,0.0,0.0
001124_lcam_front_lidar.ply/001124_lcam_front_lidar.ply,0.1,800,0.9,0.18074,0.99,1125,0.0,0.0,0.0
001125_lcam_front_lidar.ply/001125_lcam_front_lidar.ply,0.1,800,0.9,0.186,0.99,1126,0.0,0.0,0.0
001126_lcam_front_lidar.ply/001126_lcam_front_lidar.ply,0.1,800,0.9,0.18255,0.99,1127,0.0,0.0,0.0
001127_lcam_front_lidar.ply/001127_lcam_front_lidar.ply,0.1,800,0.9,0.19672,0.99,1128,0.0,0.0,0.0
001128_lcam_front_lidar.ply/001128_lcam_front_lidar.ply,0.1,800,0.9,0.2066,0.99,1129,0.0,0.0,0.0
001129_lcam_front_lidar.ply/001129_lcam_front_lidar.ply,0.1,800,0.9,0.24313,0.99,1130,0.0,0.0,0.0
001130_lcam_front_lidar.ply/001130_lcam_front_lidar.ply,0.1,800,0.9,0.20927,0.99,1131,0.0,0.0,0.0
001131_lcam_front_lidar.ply/001131_lcam_front_lidar.ply,0.1,800,0.9,0.26494,0.99,1132,0.0,0.0,0.0
001132_lcam_front_lidar.ply/001132_lcam_front_lidar.ply,0.1,800,0.9,0.20903,0.99,1133,0.0,0.0,0.0
001133_lcam_front_lidar.ply/001133_lcam_front_lidar.ply,0.1,800,0.9,0.15453,0.99,1134,0.0,0.0,0.0
001134_lcam_front_lidar.ply/001134_lcam_front_lidar.ply,0.1,800,0.9,0.20953,0.99,1135,0.0,0.0,0.0
001135_lcam_front_lidar.ply/001135_lcam_front_lidar.ply,0.1,800,0.9,0.16731,0.99,1136,0.0,0.0,0.0
001136_lcam_front_lidar.ply/001136_lcam_front_lidar.ply,0.1,800,0.9,0.21504,0.99,1137,0.0,0.0,0.0
001137_lcam_front_lidar.ply/001137_lcam_front_lidar.ply,0.1,800,0.9,0.18444,0.99,1138,0.0,0.0,0.0
001138_lcam_front_lidar.ply/001138_lcam_front_lidar.ply,0.1,800,0.9,0.18318,0.99,1139,0.0,0.0,0.0
001139_lcam_front_lidar.ply/001139_lcam_front_lidar.ply,0.1,800,0.9,0.22343,0.99,1140,0.0,0.0,0.0
001140_lcam_front_lidar.ply/001140_lcam_front_lidar.ply,0.1,800,0.9,0.16596,0.99,1141,0.0,0.0,0.0
001141_lcam_front_lidar.ply/001141_lcam_front_lidar.ply,0.1,800,0.9,0.2702,0.99,1142,0.0,0.0,0.0
001142_lcam_front_lidar.ply/001142_lcam_front_lidar.ply,0.1,800,0.9,0.17273,0.99,1143,0.0,0.0,0.0
001143_lcam_front_lidar.ply/001143_lcam_front_lidar.ply,0.1,800,0.9,0.18444,0.99,1144,0.0,0.0,0.0
001144_lcam_front_lidar.ply/001144_lcam_front_lidar.ply,0.1,800,0.9,0.16163,0.99,1145,0.0,0.0,0.0
001145_lcam_front_lidar.ply/001145_lcam_front_lidar.ply,0.1,800,0.9,0.15531,0.99,1146,0.0,0.0,0.0
001146_lcam_front_lidar.ply/001146_lcam_front_lidar.ply,0.1,800,0.9,0.22594,0.99,1147,0.0,0.0,0.0
001147_lcam_front_lidar.ply/001147_lcam_front_lidar.ply,0.1,800,0.9,0.18662,0.99,1148,0.0,0.0,0.0
001148_lcam_front_lidar.ply/001148_lcam_front_lidar.ply,0.1,800,0.9,0.22509,0.99,1149,0.0,0.0,0.0
001149_lcam_front_lidar.ply/001149_lcam_front_lidar.ply,0.1,800,0.9,0.19222,0.99,1150,0.0,0.0,0.0
001150_lcam_front_lidar.ply/001150_lcam_front_lidar.ply,0.1,800,0.9,0.19112,0.99,1151,0.0,0.0,0.0
001151_lcam_front_lidar.ply/001151_lcam_front_lidar.ply,0.1,800,0.9,0.16473,0.99,1152,0.0,0.0,0.0
001152_lcam_front_lidar.ply/001152_lcam_front_lidar.ply,0.1,800,0.9,0.20832,0.99,1153,0.0,0.0,0.0
001153_lcam_front_lidar.ply/001153_lcam_front_lidar.ply,0.1,800,0.9,0.17199,0.99,1154,0.0,0.0,0.0
001154_lcam_front_lidar.ply/001154_lcam_front_lidar.ply,0.1,800,0.9,0.22519,0.99,1155,0.0,0.0,0.0
001155_lcam_front_lidar.ply/001155_lcam_front_lidar.ply,0.1,800,0.9,0.20131,0.99,1156,0.0,0.0,0.0
001156_lcam_front_lidar.ply/001156_lcam_front_lidar.ply,0.1,800,0.9,0.19377,0.99,1157,0.0,0.0,0.0
001157_lcam_front_lidar.ply/001157_lcam_front_lidar.ply,0.1,800,0.9,0.20738,0.99,1158,0.0,0.0,0.0
001158_lcam_front_lidar.ply/001158_lcam_front_lidar.ply,0.1,800,0.9,0.1583,0.99,1159,0.0,0.0,0.0
001159_lcam_front_lidar.ply/001159_lcam_front_lidar.ply,0.1,800,0.9,0.19012,0.99,1160,0.0,0.0,0.0
001160_lcam_front_lidar.ply/001160_lcam_front_lidar.ply,0.1,800,0.9,0.20981,0.99,1161,0.0,0.0,0.0
001161_lcam_front_lidar.ply/001161_lcam_front_lidar.ply,0.1,800,0.9,0.20587,0.99,1162,0.0,0.0,0.0
001162_lcam_front_lidar.ply/001162_lcam_front_lidar.ply,0.1,800,0.9,0.17432,0.99,1163,0.0,0.0,0.0
001163_lcam_front_lidar.ply/001163_lcam_front_lidar.ply,0.1,800,0.9,0.18701,0.99,1164,0.0,0.0,0.0
001164_lcam_front_lidar.ply/001164_lcam_front_lidar.ply,0.1,800,0.9,0.18619,0.99,1165,0.0,0.0,0.0
001165_lcam_front_lidar.ply/001165_lcam_front_lidar.ply,0.1,800,0.9,0.18367,0.99,1166,0.0,0.0,0.0
001166_lcam_front_lidar.ply/001166_lcam_front_lidar.ply,0.1,800,0.9,0.18043,0.99,1167,0.0,0.0,0.0
001167_lcam_front_lidar.ply/001167_lcam_front_lidar.ply,0.1,800,0.9,0.17644,0.99,1168,0.0,0.0,0.0
001168_lcam_front_lidar.ply/001168_lcam_front_lidar.ply,0.1,800,0.9,0.17733,0.99,1169,0.0,0.0,0.0
001169_lcam_front_lidar.ply/001169_lcam_front_lidar.ply,0.1,800,0.9,0.15008,0.99,1170,0.0,0.0,0.0
001170_lcam_front_lidar.ply/001170_lcam_front_lidar.ply,0.1,800,0.9,0.18105,0.99,1171,0.0,0.0,0.0
001171_lcam_front_lidar.ply/001171_lcam_front_lidar.ply,0.1,800,0.9,0.19625,0.99,1172,0.0,0.0,0.0
001172_lcam_front_lidar.ply/001172_lcam_front_lidar.ply,0.1,800,0.9,0.16604,0.99,1173,0.0,0.0,0.0
001173_lcam_front_lidar.ply/001173_lcam_front_lidar.ply,0.1,800,0.9,0.18556,0.99,1174,0.0,0.0,0.0
001174_lcam_front_lidar.ply/001174_lcam_front_lidar.ply,0.1,800,0.9,0.16823,0.99,1175,0.0,0.0,0.0
001175_lcam_front_lidar.ply/001175_lcam_front_lidar.ply,0.1,800,0.9,0.20729,0.99,1176,0.0,0.0,0.0
001176_lcam_front_lidar.ply/001176_lcam_front_lidar.ply,0.1,800,0.9,0.20342,0.99,1177,0.0,0.0,0.0
001177_lcam_front_lidar.ply/001177_lcam_front_lidar.ply,0.1,800,0.9,0.19,0.99,1178,0.0,0.0,0.0
001178_lcam_front_lidar.ply/001178_lcam_front_lidar.ply,0.1,800,0.9,0.20065,0.99,1179,0.0,0.0,0.0
001179_lcam_front_lidar.ply/001179_lcam_front_lidar.ply,0.1,800,0.9,0.17292,0.99,1180,0.0,0.0,0.0
001180_lcam_front_lidar.ply/001180_lcam_front_lidar.ply,0.1,800,0.9,0.19358,0.99,1181,0.0,0.0,0.0
001181_lcam_front_lidar.ply/001181_lcam_front_lidar.ply,0.1,800,0.9,0.18968,0.99,1182,0.0,0.0,0.0
001182_lcam_front_lidar.ply/001182_lcam_front_lidar.ply,0.1,800,0.9,0.21809,0.99,1183,0.0,0.0,0.0
001183_lcam_front_lidar.ply/001183_lcam_front_lidar.ply,0.1,800,0.9,0.1751,0.99,1184,0.0,0.0,0.0
001184_lcam_front_lidar.ply/001184_lcam_front_lidar.ply,0.1,800,0.9,0.18433,0.99,1185,0.0,0.0,0.0
001185_lcam_front_lidar.ply/001185_lcam_front_lidar.ply,0.1,800,0.9,0.17203,0.99,1186,0.0,0.0,0.0
001186_lcam_front_lidar.ply/001186_lcam_front_lidar.ply,0.1,800,0.9,0.19092,0.99,1187,0.0,0.0,0.0
001187_lcam_front_lidar.ply/001187_lcam_front_lidar.ply,0.1,800,0.9,0.16198,0.99,1188,0.0,0.0,0.0
001188_lcam_front_lidar.ply/001188_lcam_front_lidar.ply,0.1,800,0.9,0.19295,0.99,1189,0.0,0.0,0.0
001189_lcam_front_lidar.ply/001189_lcam_front_lidar.ply,0.1,800,0.9,0.19891,0.99,1190,0.0,0.0,0.0
001190_lcam_front_lidar.ply/001190_lcam_front_lidar.ply,0.1,800,0.9,0.1751,0.99,1191,0.0,0.0,0.0
001191_lcam_front_lidar.ply/001191_lcam_front_lidar.ply,0.1,800,0.9,0.15528,0.99,1192,0.0,0.0,0.0
001192_lcam_front_lidar.ply/001192_lcam_front_lidar.ply,0.1,800,0.9,0.17537,0.99,1193,0.0,0.0,0.0
001193_lcam_front_lidar.ply/001193_lcam_front_lidar.ply,0.1,800,0.9,0.20055,0.99,1194,0.0,0.0,0.0
001194_lcam_front_lidar.ply/001194_lcam_front_lidar.ply,0.1,800,0.9,0.20569,0.99,1195,0.0,0.0,0.0
001195_lcam_front_lidar.ply/001195_lcam_front_lidar.ply,0.1,800,0.9,0.18428,0.99,1196,0.0,0.0,0.0
001196_lcam_front_lidar.ply/001196_lcam_front_lidar.ply,0.1,800,0.9,0.24142,0.99,1197,0.0,0.0,0.0
001197_lcam_front_lidar.ply/001197_lcam_front_lidar.ply,0.1,800,0.9,0.18142,0.99,1198,0.0,0.0,0.0
001198_lcam_front_lidar.ply/001198_lcam_front_lidar.ply,0.1,800,0.9,0.18001,0.99,1199,0.0,0.0,0.0
001199_lcam_front_lidar.ply/001199_lcam_front_lidar.ply,0.1,800,0.9,0.20463,0.99,1200,0.0,0.0,0.0
001200_lcam_front_lidar.ply/001200_lcam_front_lidar.ply,0.1,800,0.9,0.26664,0.99,1201,0.0,0.0,0.0
001201_lcam_front_lidar.ply/001201_lcam_front_lidar.ply,0.1,800,0.9,0.21554,0.99,1202,0.0,0.0,0.0
001202_lcam_front_lidar.ply/001202_lcam_front_lidar.ply,0.1,800,0.9,0.20674,0.99,1203,0.0,0.0,0.0
001203_lcam_front_lidar.ply/001203_lcam_front_lidar.ply,0.1,800,0.9,0.22556,0.99,1204,0.0,0.0,0.0
001204_lcam_front_lidar.ply/001204_lcam_front_lidar.ply,0.1,800,0.9,0.15921,0.99,1205,0.0,0.0,0.0
001205_lcam_front_lidar.ply/001205_lcam_front_lidar.ply,0.1,800,0.9,0.16547,0.99,1206,0.0,0.0,0.0
001206_lcam_front_lidar.ply/001206_lcam_front_lidar.ply,0.1,800,0.9,0.1751,0.99,1207,0.0,0.0,0.0
001207_lcam_front_lidar.ply/001207_lcam_front_lidar.ply,0.1,800,0.9,0.16628,0.99,1208,0.0,0.0,0.0
001208_lcam_front_lidar.ply/001208_lcam_front_lidar.ply,0.1,800,0.9,0.15753,0.99,1209,0.0,0.0,0.0
001209_lcam_front_lidar.ply/001209_lcam_front_lidar.ply,0.1,800,0.9,0.17763,0.99,1210,0.0,0.0,0.0
001210_lcam_front_lidar.ply/001210_lcam_front_lidar.ply,0.1,800,0.9,0.16817,0.99,1211,0.0,0.0,0.0
001211_lcam_front_lidar.ply/001211_lcam_front_lidar.ply,0.1,800,0.9,0.17014,0.99,1212,0.0,0.0,0.0
001212_lcam_front_lidar.ply/001212_lcam_front_lidar.ply,0.1,800,0.9,0.16504,0.99,1213,0.0,0.0,0.0
001213_lcam_front_lidar.ply/001213_lcam_front_lidar.ply,0.1,800,0.9,0.17936,0.99,1214,0.0,0.0,0.0
001214_lcam_front_lidar.ply/001214_lcam_front_lidar.ply,0.1,800,0.9,0.17777,0.99,1215,0.0,0.0,0.0
001215_lcam_front_lidar.ply/001215_lcam_front_lidar.ply,0.1,800,0.9,0.1527,0.99,1216,0.0,0.0,0.0
001216_lcam_front_lidar.ply/001216_lcam_front_lidar.ply,0.1,800,0.9,0.16382,0.99,1217,0.0,0.0,0.0
001217_lcam_front_lidar.ply/001217_lcam_front_lidar.ply,0.1,800,0.9,0.19929,0.99,1218,0.0,0.0,0.0
001218_lcam_front_lidar.ply/001218_lcam_front_lidar.ply,0.1,800,0.9,0.18292,0.99,1219,0.0,0.0,0.0
001219_lcam_front_lidar.ply/001219_lcam_front_lidar.ply,0.1,800,0.9,0.22809,0.99,1220,0.0,0.0,0.0
001220_lcam_front_lidar.ply/001220_lcam_front_lidar.ply,0.1,800,0.9,0.21001,0.99,1221,0.0,0.0,0.0
001221_lcam_front_lidar.ply/001221_lcam_front_lidar.ply,0.1,800,0.9,0.22051,0.99,1222,0.0,0.0,0.0
001222_lcam_front_lidar.ply/001222_lcam_front_lidar.ply,0.1,800,0.9,0.24064,0.99,1223,0.0,0.0,0.0
001223_lcam_front_lidar.ply/001223_lcam_front_lidar.ply,0.1,800,0.9,0.20157,0.99,1224,0.0,0.0,0.0
001224_lcam_front_lidar.ply/001224_lcam_front_lidar.ply,0.1,800,0.9,0.16032,0.99,1225,0.0,0.0,0.0
001225_lcam_front_lidar.ply/001225_lcam_front_lidar.ply,0.1,800,0.9,0.14086,0.99,1226,0.0,0.0,0.0
001226_lcam_front_lidar.ply/001226_lcam_front_lidar.ply,0.1,800,0.9,0.14599,0.99,1227,0.0,0.0,0.0
001227_lcam_front_lidar.ply/001227_lcam_front_lidar.ply,0.1,800,0.9,0.14158,0.99,1228,0.0,0.0,0.0
001228_lcam_front_lidar.ply/001228_lcam_front_lidar.ply,0.1,800,0.9,0.15946,0.99,1229,0.0,0.0,0.0
001229_lcam_front_lidar.ply/001229_lcam_front_lidar.ply,0.1,800,0.9,0.15849,0.99,1230,0.0,0.0,0.0
001230_lcam_front_lidar.ply/001230_lcam_front_lidar.ply,0.1,800,0.9,0.16492,0.99,1231,0.0,0.0,0.0
001231_lcam_front_lidar.ply/001231_lcam_front_lidar.ply,0.1,800,0.9,0.13364,0.99,1232,0.0,0.0,0.0
001232_lcam_front_lidar.ply/001232_lcam_front_lidar.ply,0.1,800,0.9,0.1297,0.99,1233,0.0,0.0,0.0
001233_lcam_front_lidar.ply/001233_lcam_front_lidar.ply,0.1,800,0.9,0.1498,0.99,1234,0.0,0.0,0.0
001234_lcam_front_lidar.ply/001234_lcam_front_lidar.ply,0.1,800,0.9,0.14663,0.99,1235,0.0,0.0,0.0
001235_lcam_front_lidar.ply/001235_lcam_front_lidar.ply,0.1,800,0.9,0.14234,0.99,1236,0.0,0.0,0.0
001236_lcam_front_lidar.ply/001236_lcam_front_lidar.ply,0.1,800,0.9,0.15165,0.99,1237,0.0,0.0,0.0
001237_lcam_front_lidar.ply/001237_lcam_front_lidar.ply,0.1,800,0.9,0.14027,0.99,1238,0.0,0.0,0.0
001238_lcam_front_lidar.ply/001238_lcam_front_lidar.ply,0.1,800,0.9,0.14179,0.99,1239,0.0,0.0,0.0
001239_lcam_front_lidar.ply/001239_lcam_front_lidar.ply,0.1,800,0.9,0.15037,0.99,1240,0.0,0.0,0.0
001240_lcam_front_lidar.ply/001240_lcam_front_lidar.ply,0.1,800,0.9,0.12703,0.99,1241,0.0,0.0,0.0
001241_lcam_front_lidar.ply/001241_lcam_front_lidar.ply,0.1,800,0.9,0.12323,0.99,1242,0.0,0.0,0.0
001242_lcam_front_lidar.ply/001242_lcam_front_lidar.ply,0.1,800,0.9,0.14147,0.99,1243,0.0,0.0,0.0
001243_lcam_front_lidar.ply/001243_lcam_front_lidar.ply,0.1,800,0.9,0.13817,0.99,1244,0.0,0.0,0.0
001244_lcam_front_lidar.ply/001244_lcam_front_lidar.ply,0.1,800,0.9,0.12992,0.99,1245,0.0,0.0,0.0
001245_lcam_front_lidar.ply/001245_lcam_front_lidar.ply,0.1,800,0.9,0.14323,0.99,1246,0.0,0.0,0.0
001246_lcam_front_lidar.ply/001246_lcam_front_lidar.ply,0.1,800,0.9,0.12477,0.99,1247,0.0,0.0,0.0
001247_lcam_front_lidar.ply/001247_lcam_front_lidar.ply,0.1,800,0.9,0.14271,0.99,1248,0.0,0.0,0.0
001248_lcam_front_lidar.ply/001248_lcam_front_lidar.ply,0.1,800,0.9,0.14612,0.99,1249,0.0,0.0,0.0
001249_lcam_front_lidar.ply/001249_lcam_front_lidar.ply,0.1,800,0.9,0.14199,0.99,1250,0.0,0.0,0.0
001250_lcam_front_lidar.ply/001250_lcam_front_lidar.ply,0.1,800,0.9,0.13879,0.99,1251,0.0,0.0,0.0
001251_lcam_front_lidar.ply/001251_lcam_front_lidar.ply,0.1,800,0.9,0.1493,0.99,1252,0.0,0.0,0.0
001252_lcam_front_lidar.ply/001252_lcam_front_lidar.ply,0.1,800,0.9,0.15949,0.99,1253,0.0,0.0,0.0
001253_lcam_front_lidar.ply/001253_lcam_front_lidar.ply,0.1,800,0.9,0.16876,0.99,1254,0.0,0.0,0.0
001254_lcam_front_lidar.ply/001254_lcam_front_lidar.ply,0.1,800,0.9,0.14848,0.99,1255,0.0,0.0,0.0
001255_lcam_front_lidar.ply/001255_lcam_front_lidar.ply,0.1,800,0.9,0.15617,0.99,1256,0.0,0.0,0.0
001256_lcam_front_lidar.ply/001256_lcam_front_lidar.ply,0.1,800,0.9,0.14171,0.99,1257,0.0,0.0,0.0
001257_lcam_front_lidar.ply/001257_lcam_front_lidar.ply,0.1,800,0.9,0.21795,0.99,1258,0.0,0.0,0.0
001258_lcam_front_lidar.ply/001258_lcam_front_lidar.ply,0.1,800,0.9,0.16646,0.99,1259,0.0,0.0,0.0
001259_lcam_front_lidar.ply/001259_lcam_front_lidar.ply,0.1,800,0.9,0.14818,0.99,1260,0.0,0.0,0.0
001260_lcam_front_lidar.ply/001260_lcam_front_lidar.ply,0.1,800,0.9,0.15203,0.99,1261,0.0,0.0,0.0
001261_lcam_front_lidar.ply/001261_lcam_front_lidar.ply,0.1,800,0.9,0.17674,0.99,1262,0.0,0.0,0.0
001262_lcam_front_lidar.ply/001262_lcam_front_lidar.ply,0.1,800,0.9,0.17539,0.99,1263,0.0,0.0,0.0
001263_lcam_front_lidar.ply/001263_lcam_front_lidar.ply,0.1,800,0.9,0.17853,0.99,1264,0.0,0.0,0.0
001264_lcam_front_lidar.ply/001264_lcam_front_lidar.ply,0.1,800,0.9,0.18103,0.99,1265,0.0,0.0,0.0
001265_lcam_front_lidar.ply/001265_lcam_front_lidar.ply,0.1,800,0.9,0.16945,0.99,1266,0.0,0.0,0.0
001266_lcam_front_lidar.ply/001266_lcam_front_lidar.ply,0.1,800,0.9,0.16111,0.99,1267,0.0,0.0,0.0
001267_lcam_front_lidar.ply/001267_lcam_front_lidar.ply,0.1,800,0.9,0.17983,0.99,1268,0.0,0.0,0.0
001268_lcam_front_lidar.ply/001268_lcam_front_lidar.ply,0.1,800,0.9,0.18757,0.99,1269,0.0,0.0,0.0
001269_lcam_front_lidar.ply/001269_lcam_front_lidar.ply,0.1,800,0.9,0.1913,0.99,1270,0.0,0.0,0.0
001270_lcam_front_lidar.ply/001270_lcam_front_lidar.ply,0.1,800,0.9,0.19751,0.99,1271,0.0,0.0,0.0
001271_lcam_front_lidar.ply/001271_lcam_front_lidar.ply,0.1,800,0.9,0.21318,0.99,1272,0.0,0.0,0.0
001272_lcam_front_lidar.ply/001272_lcam_front_lidar.ply,0.1,800,0.9,0.17633,0.99,1273,0.0,0.0,0.0
001273_lcam_front_lidar.ply/001273_lcam_front_lidar.ply,0.1,800,0.9,0.16896,0.99,1274,0.0,0.0,0.0
001274_lcam_front_lidar.ply/001274_lcam_front_lidar.ply,0.1,800,0.9,0.20012,0.99,1275,0.0,0.0,0.0
001275_lcam_front_lidar.ply/001275_lcam_front_lidar.ply,0.1,800,0.9,0.19567,0.99,1276,0.0,0.0,0.0
001276_lcam_front_lidar.ply/001276_lcam_front_lidar.ply,0.1,800,0.9,0.18295,0.99,1277,0.0,0.0,0.0
001277_lcam_front_lidar.ply/001277_lcam_front_lidar.ply,0.1,800,0.9,0.19009,0.99,1278,0.0,0.0,0.0
001278_lcam_front_lidar.ply/001278_lcam_front_lidar.ply,0.1,800,0.9,0.22374,0.99,1279,0.0,0.0,0.0
001279_lcam_front_lidar.ply/001279_lcam_front_lidar.ply,0.1,800,0.9,0.17232,0.99,1280,0.0,0.0,0.0
001280_lcam_front_lidar.ply/001280_lcam_front_lidar.ply,0.1,800,0.9,0.19542,0.99,1281,0.0,0.0,0.0
001281_lcam_front_lidar.ply/001281_lcam_front_lidar.ply,0.1,800,0.9,0.1722,0.99,1282,0.0,0.0,0.0
001282_lcam_front_lidar.ply/001282_lcam_front_lidar.ply,0.1,800,0.9,0.21027,0.99,1283,0.0,0.0,0.0
001283_lcam_front_lidar.ply/001283_lcam_front_lidar.ply,0.1,800,0.9,0.18801,0.99,1284,0.0,0.0,0.0
001284_lcam_front_lidar.ply/001284_lcam_front_lidar.ply,0.1,800,0.9,0.21385,0.99,1285,0.0,0.0,0.0
001285_lcam_front_lidar.ply/001285_lcam_front_lidar.ply,0.1,800,0.9,0.22343,0.99,1286,0.0,0.0,0.0
001286_lcam_front_lidar.ply/001286_lcam_front_lidar.ply,0.1,800,0.9,0.20623,0.99,1287,0.0,0.0,0.0
001287_lcam_front_lidar.ply/001287_lcam_front_lidar.ply,0.1,800,0.9,0.29647,0.99,1288,0.0,0.0,0.0
001288_lcam_front_lidar.ply/001288_lcam_front_lidar.ply,0.1,800,0.9,0.28648,0.99,1289,0.0,0.0,0.0
001289_lcam_front_lidar.ply/001289_lcam_front_lidar.ply,0.1,800,0.9,0.23354,0.99,1290,0.0,0.0,0.0
001290_lcam_front_lidar.ply/001290_lcam_front_lidar.ply,0.1,800,0.9,0.22428,0.99,1291,0.0,0.0,0.0
001291_lcam_front_lidar.ply/001291_lcam_front_lidar.ply,0.1,800,0.9,0.17356,0.99,1292,0.0,0.0,0.0
001292_lcam_front_lidar.ply/001292_lcam_front_lidar.ply,0.1,800,0.9,0.16328,0.99,1293,0.0,0.0,0.0
001293_lcam_front_lidar.ply/001293_lcam_front_lidar.ply,0.1,800,0.9,0.16532,0.99,1294,0.0,0.0,0.0
001294_lcam_front_lidar.ply/001294_lcam_front_lidar.ply,0.1,800,0.9,0.18378,0.99,1295,0.0,0.0,0.0
001295_lcam_front_lidar.ply/001295_lcam_front_lidar.ply,0.1,800,0.9,0.21088,0.99,1296,0.0,0.0,0.0
001296_lcam_front_lidar.ply/001296_lcam_front_lidar.ply,0.1,800,0.9,0.1861,0.99,1297,0.0,0.0,0.0
001297_lcam_front_lidar.ply/001297_lcam_front_lidar.ply,0.1,800,0.9,0.17906,0.99,1298,0.0,0.0,0.0
001298_lcam_front_lidar.ply/001298_lcam_front_lidar.ply,0.1,800,0.9,0.15874,0.99,1299,0.0,0.0,0.0
001299_lcam_front_lidar.ply/001299_lcam_front_lidar.ply,0.1,800,0.9,0.17805,0.99,1300,0.0,0.0,0.0
001300_lcam_front_lidar.ply/001300_lcam_front_lidar.ply,0.1,800,0.9,0.17794,0.99,1301,0.0,0.0,0.0
001301_lcam_front_lidar.ply/001301_lcam_front_lidar.ply,0.1,800,0.9,0.15194,0.99,1302,0.0,0.0,0.0
001302_lcam_front_lidar.ply/001302_lcam_front_lidar.ply,0.1,800,0.9,0.16247,0.99,1303,0.0,0.0,0.0
001303_lcam_front_lidar.ply/001303_lcam_front_lidar.ply,0.1,800,0.9,0.18695,0.99,1304,0.0,0.0,0.0
001304_lcam_front_lidar.ply/001304_lcam_front_lidar.ply,0.1,800,0.9,0.19455,0.99,1305,0.0,0.0,0.0
001305_lcam_front_lidar.ply/001305_lcam_front_lidar.ply,0.1,800,0.9,0.35111,0.99,1306,0.0,0.0,0.0
001306_lcam_front_lidar.ply/001306_lcam_front_lidar.ply,0.1,800,0.9,0.14555,0.99,1307,0.0,0.0,0.0
001307_lcam_front_lidar.ply/001307_lcam_front_lidar.ply,0.1,800,0.9,0.19618,0.99,1308,0.0,0.0,0.0
001308_lcam_front_lidar.ply/001308_lcam_front_lidar.ply,0.1,800,0.9,0.16844,0.99,1309,0.0,0.0,0.0
001309_lcam_front_lidar.ply/001309_lcam_front_lidar.ply,0.1,800,0.9,0.15848,0.99,1310,0.0,0.0,0.0
001310_lcam_front_lidar.ply/001310_lcam_front_lidar.ply,0.1,800,0.9,0.15387,0.99,1311,0.0,0.0,0.0
001311_lcam_front_lidar.ply/001311_lcam_front_lidar.ply,0.1,800,0.9,0.16817,0.99,1312,0.0,0.0,0.0
001312_lcam_front_lidar.ply/001312_lcam_front_lidar.ply,0.1,800,0.9,0.13937,0.99,1313,0.0,0.0,0.0
001313_lcam_front_lidar.ply/001313_lcam_front_lidar.ply,0.1,800,0.9,0.15242,0.99,1314,0.0,0.0,0.0
001314_lcam_front_lidar.ply/001314_lcam_front_lidar.ply,0.1,800,0.9,0.14164,0.99,1315,0.0,0.0,0.0
001315_lcam_front_lidar.ply/001315_lcam_front_lidar.ply,0.1,800,0.9,0.15634,0.99,1316,0.0,0.0,0.0
001316_lcam_front_lidar.ply/001316_lcam_front_lidar.ply,0.1,800,0.9,0.17412,0.99,1317,0.0,0.0,0.0
001317_lcam_front_lidar.ply/001317_lcam_front_lidar.ply,0.1,800,0.9,0.15822,0.99,1318,0.0,0.0,0.0
001318_lcam_front_lidar.ply/001318_lcam_front_lidar.ply,0.1,800,0.9,0.1472,0.99,1319,0.0,0.0,0.0
001319_lcam_front_lidar.ply/001319_lcam_front_lidar.ply,0.1,800,0.9,0.16679,0.99,1320,0.0,0.0,0.0
001320_lcam_front_lidar.ply/001320_lcam_front_lidar.ply,0.1,800,0.9,0.1586,0.99,1321,0.0,0.0,0.0
001321_lcam_front_lidar.ply/001321_lcam_front_lidar.ply,0.1,800,0.9,0.14306,0.99,1322,0.0,0.0,0.0
001322_lcam_front_lidar.ply/001322_lcam_front_lidar.ply,0.1,800,0.9,0.16017,0.99,1323,0.0,0.0,0.0
001323_lcam_front_lidar.ply/001323_lcam_front_lidar.ply,0.1,800,0.9,0.1414,0.99,1324,0.0,0.0,0.0
001324_lcam_front_lidar.ply/001324_lcam_front_lidar.ply,0.1,800,0.9,0.13653,0.99,1325,0.0,0.0,0.0
001325_lcam_front_lidar.ply/001325_lcam_front_lidar.ply,0.1,800,0.9,0.14819,0.99,1326,0.0,0.0,0.0
001326_lcam_front_lidar.ply/001326_lcam_front_lidar.ply,0.1,800,0.9,0.1265,0.99,1327,0.0,0.0,0.0
001327_lcam_front_lidar.ply/001327_lcam_front_lidar.ply,0.1,800,0.9,0.12648,0.99,1328,0.0,0.0,0.0
001328_lcam_front_lidar.ply/001328_lcam_front_lidar.ply,0.1,800,0.9,0.15847,0.99,1329,0.0,0.0,0.0
001329_lcam_front_lidar.ply/001329_lcam_front_lidar.ply,0.1,800,0.9,0.12087,0.99,1330,0.0,0.0,0.0
001330_lcam_front_lidar.ply/001330_lcam_front_lidar.ply,0.1,800,0.9,0.11711,0.99,1331,0.0,0.0,0.0
